Customer_ID,Tenure_Months,Contract_Type,Service_Tier,Payment_Method,Autopay_Enrolled,Monthly_Charges,Total_Charges,Avg_Monthly_Usage_GB,Num_Support_Tickets,Satisfaction_Score,Num_Addon_Services,Churn,Expected_Lifetime_Months,Projected_CLV,Cluster,Customer_Segment,Churn_Risk_Score,Churn_Risk_Tier,Retention_Priority
CUST200000,37,Month-to-Month,Premium,Bank Transfer,1,91.34,3229.74,101.2,0,4,0,No,18,1644.12,1,Champions,23.4,Low,Standard
CUST200001,14,One Year,Basic,Credit Card,1,27.43,363.96,36.5,1,3,1,No,34,932.62,3,At Risk,15.6,Low,Standard
CUST200002,7,Month-to-Month,Premium,Credit Card,1,89.48,600.86,106.6,0,5,0,No,18,1610.64,1,Champions,28.8,Medium,Standard
CUST200003,45,One Year,Standard,Bank Transfer,1,52.54,2231.21,48.7,4,2,3,No,34,1786.36,3,At Risk,24.5,Medium,Standard
CUST200004,50,Two Year,Premium,Credit Card,1,89.62,4176.4,87.1,4,4,1,No,52,4660.24,1,Champions,13.1,Low,Standard
CUST200005,5,Month-to-Month,Basic,Credit Card,0,29.83,145.91,27.1,1,2,0,Yes,18,536.94,3,At Risk,64.8,Very High,Standard
CUST200006,37,Month-to-Month,Premium,Bank Transfer,1,95.64,3516.42,77.0,0,4,1,Yes,18,1721.52,1,Champions,20.0,Low,Standard
CUST200007,11,Month-to-Month,Standard,Bank Transfer,1,49.02,526.34,48.9,2,2,1,No,18,882.36,3,At Risk,65.2,Very High,Standard
CUST200008,12,Month-to-Month,Premium,Mailed Check,1,85.48,989.94,89.1,1,3,0,Yes,18,1538.64,1,Champions,64.4,Very High,Standard
CUST200009,17,Month-to-Month,Standard,Mailed Check,1,53.72,908.78,57.5,0,3,1,Yes,18,966.96,3,At Risk,43.4,Medium,Standard
CUST200010,22,One Year,Premium,Credit Card,1,95.46,2062.9,101.6,2,4,1,No,34,3245.64,1,Champions,18.0,Low,Standard
CUST200011,72,One Year,Premium,Bank Transfer,1,106.57,7400.46,123.6,4,3,0,Yes,34,3623.38,1,Champions,17.7,Low,Standard
CUST200012,15,Month-to-Month,Basic,Credit Card,0,30.99,461.4,8.9,2,2,0,Yes,18,557.82,3,At Risk,65.1,Very High,Standard
CUST200013,46,Month-to-Month,Standard,Credit Card,0,45.82,2024.98,39.9,0,3,0,Yes,18,824.76,2,Low Engagement,29.1,Medium,Standard
CUST200014,25,Month-to-Month,Standard,Digital Wallet,1,61.99,1435.77,55.3,1,4,1,No,18,1115.82,0,Loyal Steady,26.9,Medium,Standard
CUST200015,42,Two Year,Premium,Bank Transfer,1,98.8,3935.1,81.7,0,5,2,No,52,5137.6,1,Champions,2.8,Low,Standard
CUST200016,27,Month-to-Month,Premium,Credit Card,1,108.14,2843.6,88.8,5,2,1,Yes,18,1946.52,1,Champions,79.0,Very High,Priority Save
CUST200017,39,Month-to-Month,Standard,Bank Transfer,1,62.57,2339.5,76.2,0,5,1,No,18,1126.26,0,Loyal Steady,10.2,Low,Standard
CUST200018,57,Two Year,Premium,Credit Card,1,103.25,5663.94,92.8,2,2,1,No,52,5369.0,1,Champions,15.8,Low,Standard
CUST200019,63,Month-to-Month,Premium,Digital Wallet,1,92.19,5504.78,68.3,0,3,0,Yes,18,1659.42,1,Champions,20.8,Low,Standard
CUST200020,60,One Year,Premium,Credit Card,1,89.72,5066.03,107.8,0,5,1,No,34,3050.48,1,Champions,2.8,Low,Standard
CUST200021,48,Two Year,Basic,Mailed Check,1,27.97,1267.1,30.9,0,4,2,No,52,1454.44,2,Low Engagement,3.1,Low,Standard
CUST200022,15,Month-to-Month,Basic,Bank Transfer,0,28.72,415.02,53.1,1,5,2,No,18,516.96,0,Loyal Steady,18.8,Low,Standard
CUST200023,37,Month-to-Month,Standard,Digital Wallet,1,61.46,2122.03,25.3,2,4,1,No,18,1106.28,0,Loyal Steady,25.9,Medium,Standard
CUST200024,26,Two Year,Standard,Mailed Check,1,43.14,1089.27,53.9,1,2,3,No,52,2243.28,3,At Risk,20.0,Low,Standard
CUST200025,55,Month-to-Month,Standard,Credit Card,1,52.15,2865.31,45.0,1,2,0,No,18,938.7,2,Low Engagement,35.0,Medium,Standard
CUST200026,40,Month-to-Month,Standard,Digital Wallet,0,46.5,1727.31,55.2,0,4,2,No,18,837.0,0,Loyal Steady,18.0,Low,Standard
CUST200027,60,One Year,Basic,Bank Transfer,1,30.95,1814.62,37.9,0,4,2,Yes,34,1052.3,2,Low Engagement,2.1,Low,Standard
CUST200028,31,One Year,Standard,Bank Transfer,1,58.38,1673.62,35.7,2,3,0,Yes,34,1984.92,3,At Risk,20.1,Low,Standard
CUST200029,15,Month-to-Month,Basic,Bank Transfer,1,30.8,460.73,11.5,2,3,2,No,18,554.4,3,At Risk,37.6,Medium,Standard
CUST200030,8,Month-to-Month,Standard,Bank Transfer,1,55.3,416.24,60.5,1,3,1,No,18,995.4,3,At Risk,47.7,High,Standard
CUST200031,7,Month-to-Month,Standard,Digital Wallet,0,42.8,275.92,40.8,0,3,0,Yes,18,770.4,3,At Risk,53.8,High,Standard
CUST200032,14,Month-to-Month,Basic,Credit Card,1,25.88,344.59,24.1,0,3,3,Yes,18,465.84,3,At Risk,23.2,Low,Standard
CUST200033,4,Month-to-Month,Basic,Bank Transfer,0,27.51,106.47,13.4,0,3,2,No,18,495.18,3,At Risk,37.5,Medium,Standard
CUST200034,16,Month-to-Month,Basic,Digital Wallet,1,22.07,327.46,33.7,2,4,0,No,18,397.26,0,Loyal Steady,35.2,Medium,Standard
CUST200035,13,Two Year,Basic,Bank Transfer,1,27.41,350.41,33.7,0,3,2,No,52,1425.32,3,At Risk,8.5,Low,Standard
CUST200036,14,One Year,Basic,Credit Card,1,24.21,319.92,12.9,2,2,0,No,34,823.14,3,At Risk,32.1,Medium,Standard
CUST200037,71,Month-to-Month,Standard,Mailed Check,1,58.52,4094.29,67.1,0,3,0,No,18,1053.36,2,Low Engagement,18.6,Low,Standard
CUST200038,19,One Year,Premium,Credit Card,1,90.05,1703.79,97.4,1,4,0,No,34,3061.7,1,Champions,17.4,Low,Standard
CUST200039,23,Month-to-Month,Standard,Bank Transfer,1,46.49,1011.26,36.9,2,4,0,No,18,836.82,0,Loyal Steady,37.1,Medium,Standard
CUST200040,67,Month-to-Month,Standard,Bank Transfer,1,60.44,3732.7,64.6,2,2,4,No,18,1087.92,2,Low Engagement,21.3,Low,Standard
CUST200041,72,Month-to-Month,Standard,Digital Wallet,1,71.68,4961.85,57.7,1,5,0,No,18,1290.24,2,Low Engagement,7.2,Low,Standard
CUST200042,31,One Year,Premium,Mailed Check,1,86.94,2485.46,83.2,1,3,1,No,34,2955.96,1,Champions,23.2,Low,Standard
CUST200043,18,Month-to-Month,Premium,Mailed Check,1,89.47,1586.73,82.2,1,5,4,No,18,1610.46,1,Champions,22.2,Low,Standard
CUST200044,25,Month-to-Month,Basic,Credit Card,1,27.05,647.11,47.9,1,4,1,No,18,486.9,0,Loyal Steady,20.9,Low,Standard
CUST200045,50,One Year,Standard,Digital Wallet,0,52.69,2480.27,55.7,0,3,0,No,34,1791.46,2,Low Engagement,11.1,Low,Standard
CUST200046,22,Month-to-Month,Standard,Digital Wallet,1,61.44,1286.53,44.1,3,3,0,Yes,18,1105.92,3,At Risk,57.9,High,Standard
CUST200047,36,Two Year,Premium,Bank Transfer,1,94.55,3266.82,57.7,0,4,1,No,52,4916.6,1,Champions,6.0,Low,Standard
CUST200048,28,Month-to-Month,Standard,Digital Wallet,0,59.63,1642.87,51.3,3,3,0,Yes,18,1073.34,3,At Risk,61.4,High,Standard
CUST200049,9,One Year,Standard,Credit Card,0,49.77,432.4,62.4,3,2,3,No,34,1692.18,3,At Risk,45.4,High,Standard
CUST200050,21,Month-to-Month,Basic,Bank Transfer,1,21.48,437.9,42.9,1,3,0,No,18,386.64,3,At Risk,36.4,Medium,Standard
CUST200051,30,Month-to-Month,Premium,Bank Transfer,1,96.29,2735.8,95.2,0,4,2,No,18,1733.22,1,Champions,20.5,Low,Standard
CUST200052,27,One Year,Basic,Digital Wallet,1,22.05,572.92,49.2,1,2,2,No,34,749.7,3,At Risk,16.6,Low,Standard
CUST200053,60,Month-to-Month,Standard,Credit Card,1,43.3,2400.32,51.8,3,3,1,Yes,18,779.4,2,Low Engagement,30.8,Medium,Standard
CUST200054,26,Month-to-Month,Basic,Mailed Check,1,30.28,745.31,37.7,4,3,3,Yes,18,545.04,3,At Risk,50.1,High,Standard
CUST200055,39,Month-to-Month,Basic,Digital Wallet,1,36.58,1361.95,37.5,6,3,0,Yes,18,658.44,3,At Risk,61.0,High,Standard
CUST200056,8,Month-to-Month,Basic,Digital Wallet,1,20.65,159.7,21.4,1,3,4,Yes,18,371.7,3,At Risk,29.5,Medium,Standard
CUST200057,70,One Year,Premium,Mailed Check,1,85.97,5732.61,111.9,1,4,2,Yes,34,2922.98,1,Champions,5.6,Low,Standard
CUST200058,15,Month-to-Month,Standard,Bank Transfer,1,65.5,954.21,82.6,3,4,4,No,18,1179.0,1,Champions,33.4,Medium,Standard
CUST200059,11,One Year,Standard,Bank Transfer,1,55.22,580.17,54.8,3,4,1,Yes,34,1877.48,0,Loyal Steady,22.7,Low,Standard
CUST200060,30,Two Year,Basic,Credit Card,1,31.63,879.71,10.1,3,3,3,No,52,1644.76,3,At Risk,10.6,Low,Standard
CUST200061,50,One Year,Premium,Credit Card,1,95.87,4778.14,79.1,2,2,1,No,34,3259.58,1,Champions,22.3,Low,Standard
CUST200062,33,Month-to-Month,Standard,Digital Wallet,0,63.01,1972.56,51.3,1,3,1,Yes,18,1134.18,3,At Risk,39.7,Medium,Standard
CUST200063,31,Month-to-Month,Premium,Bank Transfer,1,90.73,2613.57,81.9,1,3,0,Yes,18,1633.14,1,Champions,43.6,Medium,Standard
CUST200064,42,One Year,Standard,Digital Wallet,1,67.32,2826.02,44.2,0,5,0,No,34,2288.88,0,Loyal Steady,3.9,Low,Standard
CUST200065,17,Month-to-Month,Standard,Bank Transfer,1,49.59,842.05,63.2,3,2,1,Yes,18,892.62,3,At Risk,68.6,Very High,Standard
CUST200066,21,Two Year,Basic,Credit Card,0,30.22,620.35,22.4,0,5,2,No,52,1571.44,0,Loyal Steady,3.5,Low,Standard
CUST200067,18,Two Year,Standard,Credit Card,1,60.48,1087.88,60.5,1,3,1,No,52,3144.96,3,At Risk,15.2,Low,Standard
CUST200068,34,Two Year,Standard,Mailed Check,1,47.88,1627.3,50.8,1,2,2,No,52,2489.76,3,At Risk,19.2,Low,Standard
CUST200069,39,Month-to-Month,Premium,Digital Wallet,1,99.31,3871.72,86.9,2,3,1,Yes,18,1787.58,1,Champions,42.5,Medium,Standard
CUST200070,72,Two Year,Standard,Credit Card,1,52.38,3534.36,63.4,1,4,2,No,52,2723.76,2,Low Engagement,2.3,Low,Standard
CUST200071,54,Month-to-Month,Premium,Credit Card,0,98.12,5158.51,86.6,4,3,1,Yes,18,1766.16,1,Champions,53.7,High,Standard
CUST200072,17,Month-to-Month,Premium,Credit Card,0,99.18,1649.45,75.7,1,4,0,Yes,18,1785.24,1,Champions,46.6,High,Standard
CUST200073,42,Month-to-Month,Basic,Credit Card,1,15.0,616.37,17.2,0,3,1,Yes,18,270.0,2,Low Engagement,17.3,Low,Standard
CUST200074,72,One Year,Basic,Bank Transfer,1,30.32,2095.64,10.5,1,2,0,No,34,1030.88,2,Low Engagement,7.3,Low,Standard
CUST200075,32,Month-to-Month,Standard,Bank Transfer,1,47.78,1508.64,36.5,3,3,1,Yes,18,860.04,3,At Risk,46.7,High,Standard
CUST200076,16,Month-to-Month,Standard,Digital Wallet,1,60.1,896.32,46.7,0,1,2,No,18,1081.8,3,At Risk,56.8,High,Standard
CUST200077,6,Month-to-Month,Standard,Credit Card,1,62.69,365.51,64.4,4,3,1,Yes,18,1128.42,3,At Risk,69.6,Very High,Standard
CUST200078,53,Month-to-Month,Basic,Credit Card,0,20.29,1041.76,43.2,1,3,0,No,18,365.22,2,Low Engagement,25.4,Medium,Standard
CUST200079,8,Month-to-Month,Standard,Digital Wallet,0,44.55,347.19,68.9,0,3,0,Yes,18,801.9,3,At Risk,53.8,High,Standard
CUST200080,49,Month-to-Month,Basic,Digital Wallet,0,28.05,1343.28,36.8,0,5,0,No,18,504.9,0,Loyal Steady,9.5,Low,Standard
CUST200081,10,Month-to-Month,Basic,Digital Wallet,1,31.19,298.04,15.0,1,4,2,Yes,18,561.42,0,Loyal Steady,24.5,Medium,Standard
CUST200082,23,Month-to-Month,Premium,Credit Card,1,91.12,2059.84,98.5,1,3,1,No,18,1640.16,1,Champions,45.1,High,Standard
CUST200083,21,One Year,Premium,Bank Transfer,1,93.19,1840.38,104.1,1,3,0,Yes,34,3168.46,1,Champions,24.8,Medium,Standard
CUST200084,47,One Year,Standard,Credit Card,1,56.67,2631.33,59.8,2,4,1,No,34,1926.78,2,Low Engagement,8.2,Low,Standard
CUST200085,7,Month-to-Month,Premium,Bank Transfer,0,102.69,715.17,92.4,3,3,2,Yes,18,1848.42,1,Champions,70.6,Very High,Standard
CUST200086,13,Month-to-Month,Premium,Bank Transfer,1,89.7,1139.32,74.6,1,3,1,Yes,18,1614.6,1,Champions,50.7,High,Standard
CUST200087,46,One Year,Standard,Credit Card,1,52.6,2373.51,29.0,2,5,1,No,34,1788.4,0,Loyal Steady,5.1,Low,Standard
CUST200088,9,Two Year,Standard,Digital Wallet,1,52.56,447.93,36.6,4,1,2,Yes,52,2733.12,3,At Risk,56.3,High,Priority Save
CUST200089,43,One Year,Standard,Mailed Check,1,47.67,1942.15,58.1,3,4,0,No,34,1620.78,2,Low Engagement,18.2,Low,Standard
CUST200090,20,One Year,Standard,Credit Card,0,51.49,1029.0,37.1,2,3,2,Yes,34,1750.66,3,At Risk,24.5,Medium,Standard
CUST200091,47,Two Year,Basic,Digital Wallet,1,25.89,1171.56,35.4,0,4,2,No,52,1346.28,2,Low Engagement,2.4,Low,Standard
CUST200092,23,Month-to-Month,Premium,Credit Card,0,96.86,2076.01,90.4,3,3,1,No,18,1743.48,1,Champions,65.8,Very High,Standard
CUST200093,8,Two Year,Standard,Digital Wallet,0,64.63,478.21,73.4,1,3,2,No,52,3360.76,3,At Risk,21.4,Low,Standard
CUST200094,55,Month-to-Month,Basic,Digital Wallet,1,29.73,1560.44,31.3,2,5,0,No,18,535.14,2,Low Engagement,10.7,Low,Standard
CUST200095,41,Month-to-Month,Premium,Bank Transfer,1,91.11,3712.85,89.5,1,2,2,Yes,18,1639.98,1,Champions,41.7,Medium,Standard
CUST200096,7,One Year,Standard,Digital Wallet,0,53.84,361.32,51.9,0,3,3,No,34,1830.56,3,At Risk,18.4,Low,Standard
CUST200097,7,One Year,Basic,Mailed Check,1,22.95,153.58,31.0,2,4,1,No,34,780.3,0,Loyal Steady,20.0,Low,Standard
CUST200098,9,Month-to-Month,Basic,Bank Transfer,1,15.0,127.51,2.0,1,2,0,Yes,18,270.0,3,At Risk,55.4,High,Standard
CUST200099,8,One Year,Standard,Bank Transfer,1,59.68,458.72,49.1,2,3,0,No,34,2029.12,3,At Risk,31.3,Medium,Standard
CUST200100,8,Month-to-Month,Standard,Mailed Check,1,59.06,471.96,69.4,0,4,2,No,18,1063.08,0,Loyal Steady,33.0,Medium,Standard
CUST200101,18,Month-to-Month,Basic,Credit Card,0,23.22,408.69,24.8,0,5,5,No,18,417.96,0,Loyal Steady,8.7,Low,Standard
CUST200102,17,One Year,Basic,Digital Wallet,1,35.19,594.43,16.6,1,4,2,No,34,1196.46,0,Loyal Steady,8.0,Low,Standard
CUST200103,32,Month-to-Month,Standard,Digital Wallet,0,51.9,1654.88,63.0,2,2,0,Yes,18,934.2,3,At Risk,64.7,Very High,Standard
CUST200104,3,One Year,Premium,Digital Wallet,0,89.7,260.61,75.1,1,4,3,No,34,3049.8,1,Champions,20.6,Low,Standard
CUST200105,4,One Year,Premium,Digital Wallet,0,89.28,342.51,112.9,2,4,0,No,34,3035.52,1,Champions,36.9,Medium,Standard
CUST200106,54,Two Year,Basic,Credit Card,0,27.87,1392.51,12.3,4,2,1,No,52,1449.24,2,Low Engagement,21.2,Low,Standard
CUST200107,36,One Year,Standard,Digital Wallet,0,62.73,2159.47,85.8,2,2,1,Yes,34,2132.82,3,At Risk,31.3,Medium,Standard
CUST200108,31,Month-to-Month,Standard,Bank Transfer,0,61.98,1800.98,52.2,0,3,2,Yes,18,1115.64,3,At Risk,29.5,Medium,Standard
CUST200109,9,Month-to-Month,Standard,Credit Card,1,46.28,405.88,52.4,1,5,2,No,18,833.04,0,Loyal Steady,21.9,Low,Standard
CUST200110,33,Month-to-Month,Basic,Credit Card,0,28.43,905.35,40.0,1,4,0,No,18,511.74,0,Loyal Steady,25.1,Medium,Standard
CUST200111,38,Month-to-Month,Premium,Digital Wallet,1,82.5,2888.63,100.0,3,2,1,No,18,1485.0,1,Champions,63.9,Very High,Standard
CUST200112,64,Month-to-Month,Basic,Credit Card,1,25.0,1542.58,19.8,3,1,3,No,18,450.0,2,Low Engagement,35.6,Medium,Standard
CUST200113,55,One Year,Standard,Bank Transfer,0,43.09,2243.26,33.7,1,4,0,No,34,1465.06,2,Low Engagement,7.8,Low,Standard
CUST200114,50,Two Year,Premium,Credit Card,0,96.58,4725.74,89.7,0,3,2,Yes,52,5022.16,1,Champions,8.0,Low,Standard
CUST200115,23,Two Year,Standard,Mailed Check,1,58.23,1238.3,71.0,1,4,0,No,52,3027.96,0,Loyal Steady,13.8,Low,Standard
CUST200116,72,Month-to-Month,Standard,Digital Wallet,1,64.92,4619.62,48.8,2,4,1,No,18,1168.56,2,Low Engagement,12.8,Low,Standard
CUST200117,17,Month-to-Month,Standard,Bank Transfer,1,52.71,843.93,51.3,3,3,0,No,18,948.78,3,At Risk,60.5,High,Standard
CUST200118,8,One Year,Standard,Bank Transfer,0,59.88,446.56,60.5,3,3,1,No,34,2035.92,3,At Risk,41.1,Medium,Standard
CUST200119,8,Month-to-Month,Standard,Bank Transfer,0,54.05,413.86,77.9,0,4,0,No,18,972.9,0,Loyal Steady,40.0,Medium,Standard
CUST200120,25,Month-to-Month,Premium,Credit Card,1,95.28,2316.17,74.8,2,5,1,No,18,1715.04,1,Champions,26.9,Medium,Standard
CUST200121,19,One Year,Standard,Bank Transfer,1,46.22,875.63,42.9,3,3,0,No,34,1571.48,3,At Risk,32.1,Medium,Standard
CUST200122,50,Month-to-Month,Standard,Bank Transfer,1,44.32,2042.33,56.8,0,3,1,No,18,797.76,2,Low Engagement,19.3,Low,Standard
CUST200123,28,One Year,Standard,Bank Transfer,1,66.56,1767.63,54.8,3,4,1,No,34,2263.04,0,Loyal Steady,15.7,Low,Standard
CUST200124,42,Two Year,Premium,Mailed Check,1,89.22,3518.58,91.1,0,5,1,No,52,4639.44,1,Champions,4.7,Low,Standard
CUST200125,17,Month-to-Month,Basic,Bank Transfer,1,23.37,395.65,27.7,3,4,3,No,18,420.66,0,Loyal Steady,28.9,Medium,Standard
CUST200126,31,Month-to-Month,Standard,Bank Transfer,0,55.13,1625.89,48.2,1,3,2,Yes,18,992.34,3,At Risk,36.1,Medium,Standard
CUST200127,5,One Year,Basic,Bank Transfer,0,22.45,104.69,35.6,3,1,1,Yes,34,763.3,3,At Risk,60.4,High,Standard
CUST200128,36,Two Year,Standard,Digital Wallet,1,57.49,1968.7,37.9,2,4,0,No,52,2989.48,0,Loyal Steady,9.9,Low,Standard
CUST200129,31,Month-to-Month,Premium,Mailed Check,0,100.69,3040.72,92.7,4,3,0,No,18,1812.42,1,Champions,77.6,Very High,Standard
CUST200130,62,Month-to-Month,Standard,Bank Transfer,1,58.82,3621.1,63.0,1,2,0,No,18,1058.76,2,Low Engagement,31.0,Medium,Standard
CUST200131,51,Two Year,Basic,Credit Card,1,32.69,1637.9,16.0,1,4,1,No,52,1699.88,2,Low Engagement,3.2,Low,Standard
CUST200132,46,Two Year,Premium,Bank Transfer,0,115.68,5034.51,100.5,3,3,1,No,52,6015.36,1,Champions,20.7,Low,Standard
CUST200133,52,Month-to-Month,Basic,Digital Wallet,1,26.64,1314.83,5.4,1,5,1,No,18,479.52,2,Low Engagement,7.4,Low,Standard
CUST200134,9,Month-to-Month,Premium,Bank Transfer,1,100.68,883.33,110.8,0,3,0,No,18,1812.24,1,Champions,50.6,High,Standard
CUST200135,69,One Year,Standard,Mailed Check,0,59.19,4073.99,62.4,0,3,1,No,34,2012.46,2,Low Engagement,8.0,Low,Standard
CUST200136,5,Two Year,Basic,Digital Wallet,1,23.49,112.62,50.9,3,3,3,No,52,1221.48,3,At Risk,19.9,Low,Standard
CUST200137,11,Month-to-Month,Basic,Credit Card,1,30.93,339.09,39.8,1,2,1,No,18,556.74,3,At Risk,50.4,High,Standard
CUST200138,33,One Year,Basic,Bank Transfer,0,22.14,675.22,6.3,1,3,1,No,34,752.76,3,At Risk,12.8,Low,Standard
CUST200139,34,One Year,Premium,Digital Wallet,0,87.74,2955.27,87.9,2,4,2,No,34,2983.16,1,Champions,16.0,Low,Standard
CUST200140,40,Month-to-Month,Basic,Mailed Check,0,28.7,1077.8,32.5,1,3,0,No,18,516.6,2,Low Engagement,39.2,Medium,Standard
CUST200141,22,Month-to-Month,Standard,Credit Card,1,64.17,1315.81,41.6,2,3,2,No,18,1155.06,3,At Risk,41.1,Medium,Standard
CUST200142,31,Month-to-Month,Standard,Credit Card,1,47.98,1401.91,70.3,1,3,1,Yes,18,863.64,3,At Risk,34.5,Medium,Standard
CUST200143,30,Month-to-Month,Standard,Bank Transfer,0,60.16,1665.92,66.2,2,2,1,Yes,18,1082.88,3,At Risk,60.6,High,Standard
CUST200144,13,One Year,Basic,Bank Transfer,1,29.42,370.3,39.5,0,3,0,No,34,1000.28,3,At Risk,14.2,Low,Standard
CUST200145,10,Month-to-Month,Basic,Credit Card,1,21.15,202.37,2.0,1,3,2,No,18,380.7,3,At Risk,34.2,Medium,Standard
CUST200146,14,Month-to-Month,Premium,Mailed Check,1,90.23,1171.1,67.4,0,4,2,No,18,1624.14,1,Champions,34.8,Medium,Standard
CUST200147,35,Month-to-Month,Basic,Credit Card,0,15.0,503.14,21.0,3,4,2,No,18,270.0,0,Loyal Steady,29.2,Medium,Standard
CUST200148,41,Month-to-Month,Premium,Digital Wallet,0,92.74,3709.99,46.2,1,3,0,Yes,18,1669.32,1,Champions,44.5,High,Standard
CUST200149,28,Month-to-Month,Premium,Digital Wallet,1,100.06,2602.7,90.3,1,4,2,No,18,1801.08,1,Champions,27.2,Medium,Standard
CUST200150,19,Month-to-Month,Basic,Credit Card,0,32.35,611.97,50.8,1,3,0,No,18,582.3,3,At Risk,44.3,High,Standard
CUST200151,22,Month-to-Month,Basic,Credit Card,1,39.21,803.43,23.8,1,4,0,No,18,705.78,0,Loyal Steady,24.2,Low,Standard
CUST200152,72,One Year,Standard,Bank Transfer,1,57.86,3949.32,58.2,2,4,0,No,34,1967.24,2,Low Engagement,5.2,Low,Standard
CUST200153,36,Month-to-Month,Basic,Credit Card,1,22.57,765.01,2.0,2,3,1,No,18,406.26,3,At Risk,29.7,Medium,Standard
CUST200154,43,Month-to-Month,Standard,Credit Card,1,62.1,2495.12,73.1,0,5,0,No,18,1117.8,0,Loyal Steady,10.8,Low,Standard
CUST200155,72,Month-to-Month,Basic,Digital Wallet,1,31.9,2187.03,10.2,0,3,0,No,18,574.2,2,Low Engagement,10.3,Low,Standard
CUST200156,18,One Year,Premium,Bank Transfer,1,81.11,1358.44,97.2,1,4,1,No,34,2757.74,1,Champions,15.6,Low,Standard
CUST200157,37,Two Year,Premium,Bank Transfer,1,96.95,3307.23,89.5,1,3,1,No,52,5041.4,1,Champions,12.4,Low,Standard
CUST200158,11,Two Year,Basic,Mailed Check,1,22.08,239.26,10.9,3,4,1,No,52,1148.16,0,Loyal Steady,18.8,Low,Standard
CUST200159,13,Month-to-Month,Basic,Bank Transfer,1,37.66,462.44,27.2,1,1,2,No,18,677.88,3,At Risk,56.5,High,Standard
CUST200160,15,Month-to-Month,Standard,Credit Card,1,57.69,864.34,68.4,4,5,0,No,18,1038.42,0,Loyal Steady,44.4,High,Standard
CUST200161,31,Two Year,Basic,Bank Transfer,1,30.75,953.11,7.9,0,2,0,No,52,1599.0,3,At Risk,11.6,Low,Standard
CUST200162,13,Two Year,Standard,Bank Transfer,1,51.85,623.03,55.5,0,4,0,No,52,2696.2,0,Loyal Steady,9.8,Low,Standard
CUST200163,16,Month-to-Month,Premium,Digital Wallet,1,94.54,1426.73,78.8,2,4,0,No,18,1701.72,1,Champions,48.7,High,Standard
CUST200164,10,One Year,Premium,Digital Wallet,0,83.32,819.02,85.7,1,4,0,No,34,2832.88,1,Champions,26.9,Medium,Standard
CUST200165,72,Two Year,Basic,Credit Card,1,23.42,1613.01,58.3,3,3,5,No,52,1217.84,2,Low Engagement,3.0,Low,Standard
CUST200166,15,One Year,Standard,Bank Transfer,1,67.41,954.81,57.1,1,2,1,No,34,2291.94,3,At Risk,28.4,Medium,Standard
CUST200167,21,Two Year,Premium,Mailed Check,1,98.32,1951.24,86.0,2,3,0,No,52,5112.64,1,Champions,32.1,Medium,Standard
CUST200168,16,Month-to-Month,Standard,Credit Card,1,51.35,821.33,48.1,0,4,1,No,18,924.3,0,Loyal Steady,25.2,Medium,Standard
CUST200169,15,Month-to-Month,Standard,Credit Card,1,49.59,702.3,73.7,2,2,0,Yes,18,892.62,3,At Risk,67.4,Very High,Standard
CUST200170,25,Month-to-Month,Standard,Bank Transfer,0,60.4,1416.01,65.4,2,4,1,Yes,18,1087.2,0,Loyal Steady,38.9,Medium,Standard
CUST200171,64,Month-to-Month,Premium,Mailed Check,0,96.89,5884.83,116.7,0,4,1,Yes,18,1744.02,1,Champions,19.8,Low,Standard
CUST200172,15,Two Year,Basic,Credit Card,1,24.02,353.23,27.8,1,2,1,Yes,52,1249.04,3,At Risk,18.9,Low,Standard
CUST200173,23,Month-to-Month,Basic,Bank Transfer,0,21.89,493.58,39.4,1,2,0,Yes,18,394.02,3,At Risk,54.4,High,Standard
CUST200174,36,One Year,Basic,Credit Card,1,30.58,1066.64,44.2,2,2,1,Yes,34,1039.72,3,At Risk,19.0,Low,Standard
CUST200175,60,Month-to-Month,Standard,Credit Card,1,44.44,2468.45,40.0,1,3,2,No,18,799.92,2,Low Engagement,17.2,Low,Standard
CUST200176,27,Month-to-Month,Standard,Credit Card,0,51.36,1332.63,49.1,0,4,0,No,18,924.48,0,Loyal Steady,28.6,Medium,Standard
CUST200177,28,Month-to-Month,Basic,Bank Transfer,1,22.24,621.93,23.5,2,4,1,No,18,400.32,0,Loyal Steady,24.2,Low,Standard
CUST200178,13,Month-to-Month,Basic,Digital Wallet,1,21.61,271.67,2.0,2,3,0,No,18,388.98,3,At Risk,48.4,High,Standard
CUST200179,49,Month-to-Month,Basic,Bank Transfer,1,31.13,1452.56,37.6,0,4,2,No,18,560.34,2,Low Engagement,8.1,Low,Standard
CUST200180,4,Month-to-Month,Premium,Digital Wallet,1,100.84,374.53,80.2,0,5,2,No,18,1815.12,1,Champions,23.5,Low,Standard
CUST200181,72,Month-to-Month,Basic,Mailed Check,1,21.04,1414.09,6.9,1,3,1,No,18,378.72,2,Low Engagement,15.2,Low,Standard
CUST200182,12,One Year,Basic,Credit Card,0,29.08,328.06,17.6,3,2,2,Yes,34,988.72,3,At Risk,38.7,Medium,Standard
CUST200183,47,Month-to-Month,Premium,Digital Wallet,1,92.67,4124.52,95.1,0,3,1,No,18,1668.06,1,Champions,25.7,Medium,Standard
CUST200184,72,Month-to-Month,Premium,Credit Card,1,90.18,6240.97,117.9,1,4,0,No,18,1623.24,1,Champions,14.8,Low,Standard
CUST200185,61,Month-to-Month,Basic,Bank Transfer,0,21.13,1234.51,26.1,0,3,1,No,18,380.34,2,Low Engagement,14.6,Low,Standard
CUST200186,15,Month-to-Month,Standard,Credit Card,1,51.58,726.79,80.1,1,4,0,Yes,18,928.44,0,Loyal Steady,36.2,Medium,Standard
CUST200187,17,Month-to-Month,Standard,Bank Transfer,1,57.09,967.19,68.5,4,3,1,No,18,1027.62,3,At Risk,63.6,Very High,Standard
CUST200188,31,Two Year,Basic,Digital Wallet,1,24.07,745.33,35.1,0,2,3,No,52,1251.64,3,At Risk,8.0,Low,Standard
CUST200189,16,Two Year,Basic,Credit Card,1,18.4,273.15,29.7,3,3,1,No,52,956.8,3,At Risk,19.9,Low,Standard
CUST200190,45,Month-to-Month,Standard,Digital Wallet,0,43.89,1925.33,44.3,0,2,4,No,18,790.02,3,At Risk,27.3,Medium,Standard
CUST200191,16,Month-to-Month,Basic,Digital Wallet,0,26.72,393.35,30.1,1,4,2,No,18,480.96,0,Loyal Steady,27.7,Medium,Standard
CUST200192,36,Month-to-Month,Premium,Bank Transfer,1,100.68,3337.95,108.5,2,3,0,Yes,18,1812.24,1,Champions,47.9,High,Standard
CUST200193,53,Month-to-Month,Premium,Credit Card,0,90.16,4756.47,81.1,1,4,3,Yes,18,1622.88,1,Champions,17.8,Low,Standard
CUST200194,2,Month-to-Month,Premium,Credit Card,1,98.29,181.35,119.9,0,2,1,No,18,1769.22,1,Champions,63.7,Very High,Standard
CUST200195,30,Month-to-Month,Basic,Mailed Check,0,32.36,935.31,2.0,0,5,1,Yes,18,582.48,0,Loyal Steady,15.5,Low,Standard
CUST200196,10,Two Year,Premium,Credit Card,0,91.92,917.14,97.1,1,4,0,Yes,52,4779.84,1,Champions,21.6,Low,Standard
CUST200197,6,Month-to-Month,Standard,Digital Wallet,1,61.55,369.25,63.9,1,5,0,No,18,1107.9,0,Loyal Steady,30.1,Medium,Standard
CUST200198,26,One Year,Basic,Bank Transfer,1,22.48,547.1,30.5,4,4,2,No,34,764.32,0,Loyal Steady,14.2,Low,Standard
CUST200199,8,One Year,Standard,Digital Wallet,1,53.44,415.49,50.0,1,3,1,Yes,34,1816.96,3,At Risk,23.5,Low,Standard
CUST200200,42,One Year,Standard,Credit Card,1,48.57,2001.8,30.9,1,4,1,No,34,1651.38,0,Loyal Steady,6.9,Low,Standard
CUST200201,11,Month-to-Month,Standard,Digital Wallet,1,50.75,551.38,53.9,0,2,2,Yes,18,913.5,3,At Risk,48.2,High,Standard
CUST200202,8,One Year,Basic,Mailed Check,1,22.43,167.39,26.1,2,3,1,Yes,34,762.62,3,At Risk,28.7,Medium,Standard
CUST200203,15,Two Year,Premium,Digital Wallet,1,107.66,1519.91,98.7,1,3,0,No,52,5598.32,1,Champions,23.3,Low,Standard
CUST200204,6,One Year,Premium,Credit Card,0,90.19,512.75,71.7,1,3,0,No,34,3066.46,1,Champions,38.6,Medium,Standard
CUST200205,64,Month-to-Month,Premium,Credit Card,0,95.88,5646.2,103.1,2,2,1,No,18,1725.84,1,Champions,46.0,High,Standard
CUST200206,15,One Year,Basic,Bank Transfer,1,24.35,364.42,10.6,1,3,0,No,34,827.9,3,At Risk,17.1,Low,Standard
CUST200207,17,One Year,Basic,Digital Wallet,0,22.66,355.29,26.6,1,2,2,Yes,34,770.44,3,At Risk,24.9,Medium,Standard
CUST200208,39,One Year,Standard,Digital Wallet,0,51.57,1888.99,59.9,0,4,2,No,34,1753.38,0,Loyal Steady,6.7,Low,Standard
CUST200209,8,Month-to-Month,Premium,Credit Card,1,92.75,695.39,100.6,0,4,1,Yes,18,1669.5,1,Champions,35.2,Medium,Standard
CUST200210,46,Two Year,Standard,Bank Transfer,1,49.17,2226.88,80.2,1,5,2,No,52,2556.84,0,Loyal Steady,2.7,Low,Standard
CUST200211,29,Two Year,Premium,Credit Card,1,86.83,2334.4,102.2,1,5,1,No,52,4515.16,1,Champions,6.2,Low,Standard
CUST200212,12,Month-to-Month,Standard,Digital Wallet,1,51.03,596.4,65.3,1,3,1,No,18,918.54,3,At Risk,46.7,High,Standard
CUST200213,28,One Year,Standard,Digital Wallet,1,62.33,1698.24,41.8,1,3,1,No,34,2119.22,3,At Risk,15.2,Low,Standard
CUST200214,24,Month-to-Month,Standard,Credit Card,1,54.78,1234.59,46.2,0,3,0,No,18,986.04,3,At Risk,34.7,Medium,Standard
CUST200215,44,Two Year,Standard,Mailed Check,1,50.83,2177.07,49.0,3,2,3,No,52,2643.16,3,At Risk,21.6,Low,Standard
CUST200216,3,One Year,Premium,Bank Transfer,1,102.6,285.88,76.6,1,3,2,No,34,3488.4,1,Champions,26.1,Medium,Standard
CUST200217,15,One Year,Basic,Bank Transfer,1,25.11,360.51,33.2,1,4,1,No,34,853.74,0,Loyal Steady,9.8,Low,Standard
CUST200218,23,One Year,Basic,Credit Card,1,24.76,562.15,28.2,1,3,1,No,34,841.84,3,At Risk,12.7,Low,Standard
CUST200219,72,Month-to-Month,Standard,Credit Card,1,51.01,3419.39,75.5,2,4,2,No,18,918.18,2,Low Engagement,11.3,Low,Standard
CUST200220,45,Month-to-Month,Basic,Digital Wallet,0,30.35,1330.59,31.7,1,3,0,Yes,18,546.3,2,Low Engagement,29.6,Medium,Standard
CUST200221,27,Month-to-Month,Basic,Digital Wallet,1,22.08,584.09,4.6,1,3,0,Yes,18,397.44,3,At Risk,32.9,Medium,Standard
CUST200222,17,One Year,Premium,Mailed Check,1,88.08,1409.36,98.0,0,4,0,Yes,34,2994.72,1,Champions,18.9,Low,Standard
CUST200223,72,Month-to-Month,Standard,Credit Card,1,41.12,2932.81,31.8,0,5,1,No,18,740.16,2,Low Engagement,4.7,Low,Standard
CUST200224,53,Two Year,Premium,Digital Wallet,1,87.59,4438.41,111.5,1,4,0,No,52,4554.68,1,Champions,6.9,Low,Standard
CUST200225,13,Month-to-Month,Premium,Bank Transfer,1,95.2,1206.98,108.8,2,4,1,Yes,18,1713.6,1,Champions,46.1,High,Standard
CUST200226,20,Month-to-Month,Standard,Mailed Check,0,51.68,1030.47,53.5,1,3,1,No,18,930.24,3,At Risk,55.9,High,Standard
CUST200227,27,Month-to-Month,Standard,Digital Wallet,0,49.13,1303.1,32.2,2,2,1,Yes,18,884.34,3,At Risk,63.1,Very High,Standard
CUST200228,56,One Year,Standard,Bank Transfer,1,55.2,3037.39,83.7,0,4,0,No,34,1876.8,2,Low Engagement,4.6,Low,Standard
CUST200229,19,One Year,Premium,Digital Wallet,1,93.38,1759.9,106.7,2,2,0,Yes,34,3174.92,1,Champions,44.7,High,Priority Save
CUST200230,7,One Year,Basic,Mailed Check,1,17.64,120.85,5.2,1,3,1,No,34,599.76,3,At Risk,23.3,Low,Standard
CUST200231,13,Month-to-Month,Standard,Credit Card,1,52.99,641.79,38.8,0,3,1,No,18,953.82,3,At Risk,37.2,Medium,Standard
CUST200232,21,One Year,Basic,Credit Card,0,24.31,476.21,2.0,0,3,1,No,34,826.54,3,At Risk,12.9,Low,Standard
CUST200233,46,Month-to-Month,Basic,Bank Transfer,0,18.49,827.82,37.5,0,3,0,Yes,18,332.82,2,Low Engagement,23.2,Low,Standard
CUST200234,14,Two Year,Standard,Credit Card,0,56.29,770.85,63.8,1,5,1,No,52,2927.08,0,Loyal Steady,8.9,Low,Standard
CUST200235,29,One Year,Standard,Bank Transfer,1,68.18,1912.07,51.8,0,4,0,Yes,34,2318.12,0,Loyal Steady,8.2,Low,Standard
CUST200236,45,Month-to-Month,Standard,Bank Transfer,1,52.81,2215.38,27.6,0,3,1,Yes,18,950.58,2,Low Engagement,20.5,Low,Standard
CUST200237,25,Month-to-Month,Basic,Digital Wallet,0,31.41,771.66,28.5,2,3,2,No,18,565.38,3,At Risk,40.0,Medium,Standard
CUST200238,8,One Year,Standard,Credit Card,0,55.46,428.47,39.5,0,3,2,No,34,1885.64,3,At Risk,19.6,Low,Standard
CUST200239,18,Month-to-Month,Standard,Digital Wallet,1,51.23,897.84,33.7,1,3,1,No,18,922.14,3,At Risk,42.0,Medium,Standard
CUST200240,31,Two Year,Standard,Credit Card,0,57.36,1739.73,46.6,2,3,2,No,52,2982.72,3,At Risk,16.1,Low,Standard
CUST200241,16,Month-to-Month,Standard,Credit Card,1,58.32,917.96,51.8,1,3,1,No,18,1049.76,3,At Risk,42.4,Medium,Standard
CUST200242,63,Two Year,Premium,Digital Wallet,0,101.93,5984.79,95.3,3,4,3,No,52,5300.36,1,Champions,7.3,Low,Standard
CUST200243,7,Two Year,Basic,Credit Card,0,32.51,217.94,21.9,1,5,4,No,52,1690.52,0,Loyal Steady,4.7,Low,Standard
CUST200244,13,Month-to-Month,Basic,Credit Card,1,32.97,397.83,51.8,1,5,3,No,18,593.46,0,Loyal Steady,13.3,Low,Standard
CUST200245,32,One Year,Standard,Credit Card,0,52.4,1656.5,72.0,0,5,2,No,34,1781.6,0,Loyal Steady,4.8,Low,Standard
CUST200246,27,Month-to-Month,Basic,Credit Card,0,21.09,534.12,31.1,3,3,3,Yes,18,379.62,3,At Risk,41.4,Medium,Standard
CUST200247,2,One Year,Premium,Digital Wallet,0,100.84,187.64,132.3,0,3,0,No,34,3428.56,1,Champions,36.2,Medium,Standard
CUST200248,17,Month-to-Month,Basic,Credit Card,0,15.0,243.19,26.5,3,3,3,No,18,270.0,3,At Risk,47.9,High,Standard
CUST200249,30,Month-to-Month,Basic,Digital Wallet,1,28.89,797.83,59.6,0,4,0,No,18,520.02,0,Loyal Steady,17.8,Low,Standard
CUST200250,36,Two Year,Standard,Bank Transfer,0,58.58,2042.12,46.7,1,4,1,No,52,3046.16,0,Loyal Steady,8.2,Low,Standard
CUST200251,32,Month-to-Month,Basic,Digital Wallet,0,27.05,861.67,5.6,3,3,1,Yes,18,486.9,3,At Risk,46.4,High,Standard
CUST200252,8,One Year,Standard,Mailed Check,0,44.31,334.2,51.6,1,5,1,No,34,1506.54,0,Loyal Steady,17.1,Low,Standard
CUST200253,20,Month-to-Month,Premium,Mailed Check,0,89.0,1668.15,78.7,1,2,1,Yes,18,1602.0,1,Champions,73.0,Very High,Standard
CUST200254,50,Month-to-Month,Premium,Bank Transfer,1,83.33,3874.38,92.4,0,4,0,Yes,18,1499.94,1,Champions,18.1,Low,Standard
CUST200255,6,One Year,Basic,Digital Wallet,0,30.23,174.06,18.1,1,4,0,No,34,1027.82,0,Loyal Steady,17.9,Low,Standard
CUST200256,35,One Year,Basic,Credit Card,1,19.76,657.5,36.0,0,3,1,No,34,671.84,3,At Risk,7.6,Low,Standard
CUST200257,31,Two Year,Standard,Credit Card,0,52.58,1538.98,51.5,4,3,3,No,52,2734.16,3,At Risk,22.8,Low,Standard
CUST200258,18,One Year,Standard,Bank Transfer,0,57.71,1010.41,65.9,1,3,3,No,34,1962.14,3,At Risk,18.0,Low,Standard
CUST200259,54,Month-to-Month,Standard,Credit Card,0,60.5,3123.5,76.6,1,4,1,No,18,1089.0,2,Low Engagement,18.8,Low,Standard
CUST200260,20,Two Year,Premium,Bank Transfer,1,89.37,1703.05,71.6,2,4,1,No,52,4647.24,1,Champions,15.0,Low,Standard
CUST200261,41,Month-to-Month,Basic,Bank Transfer,1,21.91,834.0,42.9,2,5,1,Yes,18,394.38,0,Loyal Steady,12.4,Low,Standard
CUST200262,30,Month-to-Month,Standard,Bank Transfer,0,54.13,1618.54,55.7,0,2,4,No,18,974.34,3,At Risk,34.2,Medium,Standard
CUST200263,15,One Year,Standard,Bank Transfer,0,59.18,854.49,45.3,3,5,2,Yes,34,2012.12,0,Loyal Steady,15.1,Low,Standard
CUST200264,46,Month-to-Month,Standard,Credit Card,1,58.16,2639.31,81.4,4,3,1,Yes,18,1046.88,2,Low Engagement,46.0,High,Standard
CUST200265,16,Month-to-Month,Standard,Digital Wallet,0,64.51,1015.49,62.4,2,2,0,Yes,18,1161.18,3,At Risk,72.8,Very High,Standard
CUST200266,53,Two Year,Basic,Credit Card,0,21.32,1128.99,7.7,1,3,1,No,52,1108.64,2,Low Engagement,6.5,Low,Standard
CUST200267,70,Month-to-Month,Standard,Credit Card,0,48.31,3145.59,58.8,3,3,1,No,18,869.58,2,Low Engagement,31.5,Medium,Standard
CUST200268,30,Two Year,Standard,Credit Card,1,47.96,1436.42,26.9,1,3,1,No,52,2493.92,3,At Risk,11.5,Low,Standard
CUST200269,36,One Year,Basic,Bank Transfer,1,26.86,920.18,51.0,2,3,0,No,34,913.24,3,At Risk,14.4,Low,Standard
CUST200270,15,Month-to-Month,Basic,Credit Card,0,25.61,373.32,51.3,2,3,0,No,18,460.98,3,At Risk,54.5,High,Standard
CUST200271,40,Month-to-Month,Standard,Digital Wallet,1,59.81,2284.84,33.7,0,3,0,No,18,1076.58,2,Low Engagement,26.4,Medium,Standard
CUST200272,32,Month-to-Month,Premium,Credit Card,1,89.21,2672.54,96.4,1,4,0,No,18,1605.78,1,Champions,31.9,Medium,Standard
CUST200273,36,Two Year,Standard,Credit Card,1,44.33,1475.38,43.8,1,4,2,No,52,2305.16,0,Loyal Steady,5.5,Low,Standard
CUST200274,57,Month-to-Month,Basic,Digital Wallet,1,19.16,1023.4,62.2,4,3,0,No,18,344.88,2,Low Engagement,37.2,Medium,Standard
CUST200275,14,Month-to-Month,Basic,Digital Wallet,1,20.91,286.88,56.6,2,3,4,No,18,376.38,3,At Risk,33.3,Medium,Standard
CUST200276,30,Month-to-Month,Premium,Credit Card,0,100.51,2822.47,97.8,2,3,0,No,18,1809.18,1,Champions,58.7,High,Standard
CUST200277,11,Two Year,Basic,Digital Wallet,1,22.51,229.33,51.1,2,4,1,No,52,1170.52,0,Loyal Steady,11.9,Low,Standard
CUST200278,25,Month-to-Month,Basic,Credit Card,1,27.88,696.96,2.2,0,3,1,No,18,501.84,3,At Risk,23.6,Low,Standard
CUST200279,15,One Year,Premium,Mailed Check,1,96.16,1385.52,77.7,2,3,3,No,34,3269.44,1,Champions,29.7,Medium,Standard
CUST200280,48,Month-to-Month,Basic,Credit Card,1,23.81,1052.2,11.1,2,4,0,No,18,428.58,2,Low Engagement,18.3,Low,Standard
CUST200281,39,Two Year,Standard,Bank Transfer,0,54.22,2035.76,23.4,1,5,1,No,52,2819.44,0,Loyal Steady,4.7,Low,Standard
CUST200282,22,Month-to-Month,Basic,Bank Transfer,0,16.79,346.46,41.6,0,2,1,No,18,302.22,3,At Risk,44.0,High,Standard
CUST200283,32,Month-to-Month,Basic,Credit Card,1,28.44,869.77,10.9,2,1,0,Yes,18,511.92,3,At Risk,60.2,High,Standard
CUST200284,8,Two Year,Basic,Digital Wallet,1,33.45,256.24,12.6,2,3,1,No,52,1739.4,3,At Risk,18.4,Low,Standard
CUST200285,35,Month-to-Month,Premium,Mailed Check,1,96.35,3212.42,114.7,1,5,2,Yes,18,1734.3,1,Champions,20.9,Low,Standard
CUST200286,72,One Year,Standard,Credit Card,0,48.16,3314.93,47.8,1,2,2,No,34,1637.44,2,Low Engagement,9.8,Low,Standard
CUST200287,38,Month-to-Month,Basic,Credit Card,0,21.71,820.41,31.7,3,3,2,No,18,390.78,3,At Risk,38.7,Medium,Standard
CUST200288,49,Month-to-Month,Standard,Credit Card,1,48.06,2233.35,64.4,2,3,1,No,18,865.08,2,Low Engagement,30.7,Medium,Standard
CUST200289,4,Month-to-Month,Basic,Bank Transfer,1,26.26,101.33,46.4,1,3,1,No,18,472.68,3,At Risk,42.6,Medium,Standard
CUST200290,14,Month-to-Month,Basic,Credit Card,1,20.07,279.21,8.7,1,2,1,No,18,361.26,3,At Risk,48.1,High,Standard
CUST200291,2,Month-to-Month,Standard,Bank Transfer,1,56.13,106.61,46.9,1,5,0,No,18,1010.34,0,Loyal Steady,31.1,Medium,Standard
CUST200292,22,Month-to-Month,Standard,Bank Transfer,1,61.39,1272.75,50.5,3,5,1,Yes,18,1105.02,0,Loyal Steady,29.0,Medium,Standard
CUST200293,13,Month-to-Month,Premium,Credit Card,1,91.13,1111.1,90.5,0,3,1,Yes,18,1640.34,1,Champions,44.0,High,Standard
CUST200294,72,Two Year,Premium,Credit Card,1,77.14,5543.27,82.9,2,2,0,No,52,4011.28,2,Low Engagement,13.7,Low,Standard
CUST200295,44,Month-to-Month,Standard,Bank Transfer,1,61.32,2519.76,60.0,1,4,1,Yes,18,1103.76,2,Low Engagement,17.9,Low,Standard
CUST200296,43,Month-to-Month,Basic,Bank Transfer,1,24.48,968.88,15.4,2,3,0,No,18,440.64,2,Low Engagement,29.6,Medium,Standard
CUST200297,25,Month-to-Month,Standard,Bank Transfer,0,55.25,1316.13,71.2,1,4,1,No,18,994.5,0,Loyal Steady,32.6,Medium,Standard
CUST200298,27,Month-to-Month,Standard,Credit Card,1,71.55,1816.76,32.1,1,5,0,No,18,1287.9,0,Loyal Steady,18.6,Low,Standard
CUST200299,13,One Year,Premium,Bank Transfer,0,88.73,1071.45,107.0,0,5,2,No,34,3016.82,1,Champions,9.6,Low,Standard
CUST200300,2,Two Year,Basic,Digital Wallet,0,25.22,47.05,2.0,2,3,1,No,52,1311.44,3,At Risk,26.0,Medium,Standard
CUST200301,33,Month-to-Month,Standard,Mailed Check,1,48.75,1541.99,63.1,3,4,0,No,18,877.5,0,Loyal Steady,47.0,High,Standard
CUST200302,37,Month-to-Month,Standard,Bank Transfer,0,57.08,2029.63,71.5,2,4,1,No,18,1027.44,0,Loyal Steady,32.2,Medium,Standard
CUST200303,50,Two Year,Basic,Mailed Check,1,34.08,1601.47,2.0,2,4,0,No,52,1772.16,2,Low Engagement,6.8,Low,Standard
CUST200304,72,Month-to-Month,Basic,Bank Transfer,1,21.58,1431.09,17.6,1,5,1,No,18,388.44,2,Low Engagement,4.5,Low,Standard
CUST200305,15,Month-to-Month,Basic,Digital Wallet,0,26.93,392.68,2.9,2,2,2,Yes,18,484.74,3,At Risk,58.2,High,Standard
CUST200306,16,Month-to-Month,Premium,Digital Wallet,0,91.73,1385.92,112.4,1,4,2,No,18,1651.14,1,Champions,41.5,Medium,Standard
CUST200307,33,Two Year,Standard,Bank Transfer,1,49.94,1532.06,60.7,3,2,1,No,52,2596.88,3,At Risk,26.9,Medium,Standard
CUST200308,25,Two Year,Standard,Credit Card,1,61.83,1474.48,69.5,1,4,0,No,52,3215.16,0,Loyal Steady,9.7,Low,Standard
CUST200309,26,One Year,Standard,Credit Card,1,51.37,1307.13,61.2,1,4,2,No,34,1746.58,0,Loyal Steady,8.8,Low,Standard
CUST200310,28,Month-to-Month,Premium,Credit Card,0,89.64,2366.62,102.9,2,5,1,No,18,1613.52,1,Champions,32.3,Medium,Standard
CUST200311,34,Two Year,Basic,Bank Transfer,1,28.22,914.01,29.4,0,3,3,No,52,1467.44,3,At Risk,4.4,Low,Standard
CUST200312,5,Two Year,Standard,Digital Wallet,0,59.28,292.72,33.8,0,3,0,No,52,3082.56,3,At Risk,22.9,Low,Standard
CUST200313,31,Two Year,Standard,Bank Transfer,1,58.63,1676.28,45.4,2,3,0,Yes,52,3048.76,3,At Risk,16.6,Low,Standard
CUST200314,20,One Year,Standard,Bank Transfer,1,47.32,893.5,68.5,0,5,1,No,34,1608.88,0,Loyal Steady,5.8,Low,Standard
CUST200315,22,Month-to-Month,Basic,Digital Wallet,1,16.15,352.43,45.7,1,3,0,No,18,290.7,3,At Risk,37.2,Medium,Standard
CUST200316,4,Month-to-Month,Premium,Digital Wallet,0,98.27,376.58,83.9,0,5,0,No,18,1768.86,1,Champions,36.6,Medium,Standard
CUST200317,3,Month-to-Month,Basic,Digital Wallet,1,35.06,100.32,32.7,1,3,1,No,18,631.08,3,At Risk,43.5,Medium,Standard
CUST200318,4,Month-to-Month,Premium,Digital Wallet,0,88.24,329.09,108.0,1,4,0,No,18,1588.32,1,Champions,57.4,High,Standard
CUST200319,72,Two Year,Standard,Bank Transfer,1,56.07,3895.09,29.5,1,3,2,No,52,2915.64,2,Low Engagement,3.6,Low,Standard
CUST200320,72,Month-to-Month,Standard,Credit Card,0,54.09,3760.04,38.5,0,4,1,No,18,973.62,2,Low Engagement,9.6,Low,Standard
CUST200321,53,One Year,Standard,Bank Transfer,1,56.51,2906.08,39.7,1,4,1,No,34,1921.34,2,Low Engagement,5.2,Low,Standard
CUST200322,32,Month-to-Month,Standard,Credit Card,0,64.61,1990.12,80.1,2,4,0,Yes,18,1162.98,1,Champions,38.9,Medium,Standard
CUST200323,62,One Year,Basic,Credit Card,0,22.42,1280.85,37.1,1,2,2,No,34,762.28,2,Low Engagement,9.3,Low,Standard
CUST200324,55,Month-to-Month,Basic,Credit Card,1,26.92,1365.92,14.0,6,2,0,Yes,18,484.56,2,Low Engagement,62.2,High,Standard
CUST200325,23,Month-to-Month,Standard,Digital Wallet,1,56.51,1248.01,54.5,0,3,0,No,18,1017.18,3,At Risk,36.4,Medium,Standard
CUST200326,52,Month-to-Month,Standard,Mailed Check,1,52.33,2627.72,61.7,3,3,0,Yes,18,941.94,2,Low Engagement,47.3,High,Standard
CUST200327,28,Month-to-Month,Basic,Digital Wallet,0,29.43,806.7,42.5,0,4,0,No,18,529.74,0,Loyal Steady,22.9,Low,Standard
CUST200328,58,Two Year,Premium,Digital Wallet,1,99.6,5608.06,96.9,1,2,1,No,52,5179.2,1,Champions,12.6,Low,Standard
CUST200329,63,Month-to-Month,Basic,Credit Card,1,25.29,1513.09,61.9,2,5,2,Yes,18,455.22,2,Low Engagement,6.6,Low,Standard
CUST200330,60,Two Year,Basic,Bank Transfer,0,30.95,1852.0,20.9,1,2,1,No,52,1609.4,2,Low Engagement,8.7,Low,Standard
CUST200331,13,Month-to-Month,Standard,Bank Transfer,1,50.42,615.87,67.8,1,4,2,No,18,907.56,0,Loyal Steady,29.5,Medium,Standard
CUST200332,15,Month-to-Month,Standard,Bank Transfer,1,53.83,781.61,51.3,2,3,2,No,18,968.94,3,At Risk,46.2,High,Standard
CUST200333,16,One Year,Standard,Credit Card,0,50.43,747.65,43.0,1,5,0,Yes,34,1714.62,0,Loyal Steady,12.1,Low,Standard
CUST200334,53,Month-to-Month,Standard,Mailed Check,1,57.61,2816.18,54.2,0,4,0,No,18,1036.98,2,Low Engagement,17.8,Low,Standard
CUST200335,11,Two Year,Standard,Credit Card,1,55.28,599.63,55.9,2,3,1,No,52,2874.56,3,At Risk,22.3,Low,Standard
CUST200336,72,Month-to-Month,Standard,Digital Wallet,0,60.37,4294.28,62.2,3,3,3,No,18,1086.66,2,Low Engagement,24.1,Low,Standard
CUST200337,11,One Year,Standard,Bank Transfer,1,61.48,654.69,56.2,1,3,1,No,34,2090.32,3,At Risk,21.2,Low,Standard
CUST200338,33,Month-to-Month,Premium,Mailed Check,0,99.52,3107.22,123.4,0,3,2,No,18,1791.36,1,Champions,43.3,Medium,Standard
CUST200339,30,Month-to-Month,Basic,Credit Card,1,28.44,796.48,20.4,2,3,1,No,18,511.92,3,At Risk,33.2,Medium,Standard
CUST200340,28,Two Year,Basic,Digital Wallet,0,28.38,738.92,37.9,1,4,0,No,52,1475.76,0,Loyal Steady,9.1,Low,Standard
CUST200341,43,Month-to-Month,Basic,Digital Wallet,1,34.93,1481.79,16.9,0,3,2,No,18,628.74,2,Low Engagement,14.7,Low,Standard
CUST200342,6,One Year,Premium,Digital Wallet,1,85.1,483.51,80.6,1,3,0,No,34,2893.4,1,Champions,33.4,Medium,Standard
CUST200343,4,One Year,Standard,Credit Card,1,59.4,221.29,53.6,0,4,0,No,34,2019.6,0,Loyal Steady,14.7,Low,Standard
CUST200344,44,Month-to-Month,Basic,Credit Card,1,25.39,1028.99,23.0,0,4,0,Yes,18,457.02,2,Low Engagement,12.3,Low,Standard
CUST200345,26,Two Year,Premium,Bank Transfer,0,87.35,2214.36,85.7,0,4,1,No,52,4542.2,1,Champions,10.3,Low,Standard
CUST200346,14,Two Year,Basic,Bank Transfer,0,22.31,296.78,37.9,0,2,0,No,52,1160.12,3,At Risk,22.1,Low,Standard
CUST200347,30,Month-to-Month,Basic,Credit Card,0,19.29,558.43,5.3,2,4,1,Yes,18,347.22,0,Loyal Steady,28.7,Medium,Standard
CUST200348,8,Month-to-Month,Basic,Credit Card,1,26.34,197.47,51.2,0,5,2,No,18,474.12,0,Loyal Steady,13.5,Low,Standard
CUST200349,60,Month-to-Month,Standard,Bank Transfer,0,57.9,3255.4,68.3,1,3,2,No,18,1042.2,2,Low Engagement,21.6,Low,Standard
CUST200350,16,One Year,Standard,Mailed Check,1,56.16,835.18,55.9,0,3,0,No,34,1909.44,3,At Risk,23.0,Low,Standard
CUST200351,8,Month-to-Month,Standard,Bank Transfer,1,48.45,360.64,44.2,4,2,1,Yes,18,872.1,3,At Risk,78.3,Very High,Standard
CUST200352,42,Month-to-Month,Standard,Credit Card,1,50.76,2007.84,46.9,1,4,0,No,18,913.68,0,Loyal Steady,21.5,Low,Standard
CUST200353,51,One Year,Premium,Credit Card,1,94.51,4622.32,87.9,0,3,0,No,34,3213.34,1,Champions,10.2,Low,Standard
CUST200354,65,One Year,Standard,Mailed Check,0,50.66,3187.91,56.4,1,4,0,No,34,1722.44,2,Low Engagement,8.6,Low,Standard
CUST200355,66,Month-to-Month,Basic,Digital Wallet,1,18.98,1240.59,24.1,0,4,0,No,18,341.64,2,Low Engagement,7.8,Low,Standard
CUST200356,25,Two Year,Standard,Credit Card,1,44.92,1100.69,62.8,2,1,1,Yes,52,2335.84,3,At Risk,36.3,Medium,Standard
CUST200357,29,Month-to-Month,Basic,Digital Wallet,1,23.6,656.94,15.0,2,2,0,No,18,424.8,3,At Risk,51.1,High,Standard
CUST200358,70,One Year,Premium,Digital Wallet,1,99.93,6714.5,97.5,2,4,1,No,34,3397.62,1,Champions,6.2,Low,Standard
CUST200359,19,Month-to-Month,Premium,Credit Card,1,92.66,1701.07,80.3,2,4,0,Yes,18,1667.88,1,Champions,45.9,High,Standard
CUST200360,26,Month-to-Month,Standard,Bank Transfer,1,55.99,1373.03,46.5,0,4,2,No,18,1007.82,0,Loyal Steady,17.8,Low,Standard
CUST200361,45,One Year,Standard,Bank Transfer,0,46.82,1944.34,77.3,3,3,2,No,34,1591.88,2,Low Engagement,19.5,Low,Standard
CUST200362,26,One Year,Premium,Bank Transfer,1,90.85,2211.05,87.3,0,4,1,No,34,3088.9,1,Champions,9.8,Low,Standard
CUST200363,19,One Year,Standard,Bank Transfer,1,64.3,1155.49,64.5,2,4,1,No,34,2186.2,0,Loyal Steady,15.1,Low,Standard
CUST200364,12,Two Year,Premium,Digital Wallet,1,86.75,999.72,112.5,2,3,1,No,52,4511.0,1,Champions,28.3,Medium,Standard
CUST200365,37,Month-to-Month,Premium,Credit Card,0,108.84,3820.58,64.9,2,2,0,No,18,1959.12,1,Champions,65.0,Very High,Priority Save
CUST200366,1,Month-to-Month,Standard,Credit Card,0,51.83,48.66,55.5,1,3,0,Yes,18,932.94,3,At Risk,63.4,Very High,Standard
CUST200367,10,Month-to-Month,Standard,Digital Wallet,1,44.94,438.82,71.0,2,3,0,No,18,808.92,3,At Risk,59.9,High,Standard
CUST200368,16,Month-to-Month,Standard,Credit Card,0,54.32,868.42,83.9,0,3,4,No,18,977.76,3,At Risk,31.8,Medium,Standard
CUST200369,24,Month-to-Month,Basic,Credit Card,1,25.23,565.99,26.7,2,4,0,No,18,454.14,0,Loyal Steady,29.6,Medium,Standard
CUST200370,11,Month-to-Month,Premium,Digital Wallet,0,98.4,1080.99,100.8,0,3,2,Yes,18,1771.2,1,Champions,49.2,High,Standard
CUST200371,58,Month-to-Month,Standard,Bank Transfer,0,60.68,3469.2,59.1,2,4,3,Yes,18,1092.24,2,Low Engagement,16.3,Low,Standard
CUST200372,15,Month-to-Month,Basic,Digital Wallet,0,22.73,339.55,17.1,1,2,1,Yes,18,409.14,3,At Risk,55.8,High,Standard
CUST200373,28,Month-to-Month,Basic,Mailed Check,1,28.09,755.61,37.9,4,2,0,No,18,505.62,3,At Risk,72.4,Very High,Standard
CUST200374,21,Month-to-Month,Standard,Credit Card,1,58.42,1163.24,52.0,0,2,0,No,18,1051.56,3,At Risk,48.7,High,Standard
CUST200375,19,Month-to-Month,Premium,Digital Wallet,1,100.47,1789.7,66.2,1,3,0,Yes,18,1808.46,1,Champions,51.4,High,Standard
CUST200376,9,Month-to-Month,Premium,Bank Transfer,1,105.23,912.36,109.9,1,4,2,No,18,1894.14,1,Champions,37.0,Medium,Standard
CUST200377,72,Two Year,Premium,Bank Transfer,0,100.04,7202.42,94.4,2,3,0,No,52,5202.08,1,Champions,10.9,Low,Standard
CUST200378,14,Month-to-Month,Standard,Bank Transfer,1,55.64,778.32,72.5,2,2,2,Yes,18,1001.52,3,At Risk,59.8,High,Standard
CUST200379,22,One Year,Standard,Bank Transfer,1,56.67,1246.4,59.4,2,4,0,Yes,34,1926.78,0,Loyal Steady,16.4,Low,Standard
CUST200380,23,One Year,Premium,Digital Wallet,1,99.56,2240.2,111.8,3,3,0,No,34,3385.04,1,Champions,36.9,Medium,Standard
CUST200381,2,Month-to-Month,Standard,Credit Card,1,47.25,87.09,50.0,0,4,0,Yes,18,850.5,0,Loyal Steady,36.5,Medium,Standard
CUST200382,68,Month-to-Month,Standard,Bank Transfer,1,60.03,4064.0,22.5,1,4,0,No,18,1080.54,2,Low Engagement,11.8,Low,Standard
CUST200383,24,Two Year,Basic,Credit Card,1,24.33,581.38,34.6,5,2,0,Yes,52,1265.16,3,At Risk,41.4,Medium,Standard
CUST200384,33,Month-to-Month,Standard,Credit Card,0,51.48,1565.03,24.4,1,3,1,No,18,926.64,3,At Risk,38.5,Medium,Standard
CUST200385,9,One Year,Premium,Credit Card,1,101.54,881.77,97.6,2,4,2,Yes,34,3452.36,1,Champions,20.2,Low,Standard
CUST200386,49,Two Year,Premium,Mailed Check,1,101.33,4900.5,101.4,2,4,2,No,52,5269.16,1,Champions,9.2,Low,Standard
CUST200387,9,Month-to-Month,Premium,Bank Transfer,1,88.0,768.97,84.9,0,5,1,No,18,1584.0,1,Champions,24.0,Low,Standard
CUST200388,45,Two Year,Basic,Bank Transfer,1,22.82,1023.73,45.3,0,4,2,No,52,1186.64,2,Low Engagement,2.5,Low,Standard
CUST200389,14,One Year,Basic,Credit Card,0,21.28,281.38,14.8,3,4,1,Yes,34,723.52,0,Loyal Steady,20.8,Low,Standard
CUST200390,39,Month-to-Month,Basic,Bank Transfer,1,15.0,551.96,16.3,2,2,1,Yes,18,270.0,3,At Risk,40.0,Medium,Standard
CUST200391,26,One Year,Standard,Credit Card,1,59.66,1493.01,75.2,3,3,0,No,34,2028.44,3,At Risk,28.6,Medium,Standard
CUST200392,45,Month-to-Month,Premium,Bank Transfer,1,95.43,4023.57,101.6,0,3,0,No,18,1717.74,1,Champions,29.1,Medium,Standard
CUST200393,24,One Year,Basic,Credit Card,1,15.0,354.87,39.1,3,2,1,No,34,510.0,3,At Risk,30.4,Medium,Standard
CUST200394,58,Month-to-Month,Standard,Bank Transfer,1,59.33,3268.8,37.0,5,3,0,No,18,1067.94,2,Low Engagement,48.3,High,Standard
CUST200395,16,Two Year,Standard,Credit Card,1,63.84,957.36,27.7,1,3,2,No,52,3319.68,3,At Risk,13.2,Low,Standard
CUST200396,19,Month-to-Month,Basic,Digital Wallet,1,21.7,396.52,29.3,5,4,2,Yes,18,390.6,0,Loyal Steady,46.3,High,Standard
CUST200397,37,Month-to-Month,Basic,Credit Card,1,22.89,790.38,34.5,0,4,4,Yes,18,412.02,0,Loyal Steady,8.0,Low,Standard
CUST200398,15,Month-to-Month,Premium,Credit Card,1,95.69,1398.04,99.1,2,3,2,Yes,18,1722.42,1,Champions,53.1,High,Standard
CUST200399,41,Two Year,Basic,Digital Wallet,1,33.93,1304.17,36.9,0,4,1,No,52,1764.36,0,Loyal Steady,3.3,Low,Standard
CUST200400,10,One Year,Standard,Digital Wallet,1,49.61,477.02,75.8,0,4,3,No,34,1686.74,0,Loyal Steady,8.9,Low,Standard
CUST200401,25,Month-to-Month,Premium,Bank Transfer,0,98.74,2422.41,96.8,0,3,1,No,18,1777.32,1,Champions,43.2,Medium,Standard
CUST200402,21,Month-to-Month,Standard,Digital Wallet,1,61.68,1270.84,65.8,1,1,1,Yes,18,1110.24,3,At Risk,65.1,Very High,Standard
CUST200403,13,Month-to-Month,Premium,Bank Transfer,1,95.37,1201.36,76.1,2,2,0,Yes,18,1716.66,1,Champions,72.7,Very High,Standard
CUST200404,51,Two Year,Premium,Credit Card,1,94.69,4588.35,109.7,2,3,3,No,52,4923.88,1,Champions,9.0,Low,Standard
CUST200405,22,Month-to-Month,Standard,Credit Card,1,50.92,1090.95,59.1,2,3,0,No,18,916.56,3,At Risk,50.7,High,Standard
CUST200406,25,Two Year,Premium,Bank Transfer,0,91.33,2273.53,92.8,1,3,0,No,52,4749.16,1,Champions,23.6,Low,Standard
CUST200407,32,Two Year,Standard,Digital Wallet,1,53.79,1702.81,52.5,2,5,1,No,52,2797.08,0,Loyal Steady,6.0,Low,Standard
CUST200408,35,Month-to-Month,Standard,Credit Card,0,48.14,1677.5,77.3,1,2,2,No,18,866.52,3,At Risk,47.2,High,Standard
CUST200409,5,Month-to-Month,Standard,Credit Card,1,57.11,277.44,35.5,2,4,0,Yes,18,1027.98,0,Loyal Steady,47.8,High,Standard
CUST200410,34,One Year,Standard,Digital Wallet,1,69.33,2327.86,48.8,0,4,1,No,34,2357.22,0,Loyal Steady,6.5,Low,Standard
CUST200411,13,One Year,Premium,Bank Transfer,1,99.93,1290.78,100.0,1,3,1,No,34,3397.62,1,Champions,25.1,Medium,Standard
CUST200412,18,Two Year,Premium,Credit Card,1,90.52,1549.96,76.3,3,3,1,No,52,4707.04,1,Champions,29.3,Medium,Standard
CUST200413,29,Two Year,Standard,Credit Card,0,54.18,1562.5,50.8,0,3,1,No,52,2817.36,3,At Risk,11.9,Low,Standard
CUST200414,7,Month-to-Month,Standard,Digital Wallet,1,52.59,359.99,25.3,0,4,1,No,18,946.62,0,Loyal Steady,30.0,Medium,Standard
CUST200415,53,Month-to-Month,Basic,Bank Transfer,0,15.61,777.48,32.6,3,4,0,No,18,280.98,2,Low Engagement,26.8,Medium,Standard
CUST200416,11,Month-to-Month,Standard,Digital Wallet,0,68.0,690.24,61.9,1,3,1,No,18,1224.0,3,At Risk,53.5,High,Standard
CUST200417,39,One Year,Standard,Bank Transfer,1,40.42,1569.42,85.8,1,3,3,No,34,1374.28,3,At Risk,9.3,Low,Standard
CUST200418,12,One Year,Premium,Credit Card,0,92.15,1104.85,75.2,2,3,1,No,34,3133.1,1,Champions,37.9,Medium,Standard
CUST200419,26,Month-to-Month,Basic,Credit Card,1,23.47,610.09,23.7,2,3,0,No,18,422.46,3,At Risk,39.8,Medium,Standard
CUST200420,42,One Year,Premium,Bank Transfer,0,89.51,3576.3,91.8,3,3,1,No,34,3043.34,1,Champions,28.0,Medium,Standard
CUST200421,15,Two Year,Standard,Credit Card,1,61.41,877.65,78.2,2,4,2,No,52,3193.32,0,Loyal Steady,11.8,Low,Standard
CUST200422,13,Two Year,Basic,Mailed Check,1,20.14,247.9,17.6,1,3,2,No,52,1047.28,3,At Risk,14.9,Low,Standard
CUST200423,29,Two Year,Standard,Digital Wallet,1,48.44,1312.99,66.6,0,3,2,No,52,2518.88,3,At Risk,8.4,Low,Standard
CUST200424,41,Two Year,Premium,Digital Wallet,1,96.76,3668.25,61.6,2,4,1,No,52,5031.52,1,Champions,9.5,Low,Standard
CUST200425,27,Two Year,Premium,Mailed Check,1,94.86,2371.8,108.3,1,4,1,No,52,4932.72,1,Champions,13.8,Low,Standard
CUST200426,28,Month-to-Month,Basic,Bank Transfer,0,15.0,417.44,14.0,2,3,0,Yes,18,270.0,3,At Risk,45.6,High,Standard
CUST200427,41,Two Year,Premium,Credit Card,1,91.35,3672.2,86.0,1,3,1,No,52,4750.2,1,Champions,11.5,Low,Standard
CUST200428,11,Month-to-Month,Standard,Digital Wallet,1,53.04,573.08,69.4,2,3,0,Yes,18,954.72,3,At Risk,58.8,High,Standard
CUST200429,6,Month-to-Month,Basic,Digital Wallet,1,39.2,228.06,20.9,1,3,0,Yes,18,705.6,3,At Risk,45.1,High,Standard
CUST200430,39,Month-to-Month,Standard,Credit Card,1,55.3,1986.33,51.7,1,4,1,Yes,18,995.4,0,Loyal Steady,20.0,Low,Standard
CUST200431,45,Two Year,Standard,Credit Card,0,71.42,3010.95,49.8,3,3,1,Yes,52,3713.84,2,Low Engagement,17.1,Low,Standard
CUST200432,44,One Year,Premium,Digital Wallet,0,90.09,3939.34,99.0,0,3,1,No,34,3063.06,1,Champions,14.0,Low,Standard
CUST200433,14,Month-to-Month,Basic,Credit Card,0,20.1,258.99,36.3,2,4,0,No,18,361.8,0,Loyal Steady,42.5,Medium,Standard
CUST200434,18,Month-to-Month,Basic,Credit Card,1,28.7,487.43,23.6,4,4,0,No,18,516.6,0,Loyal Steady,46.4,High,Standard
CUST200435,5,Two Year,Basic,Credit Card,0,34.26,167.66,14.6,1,3,1,Yes,52,1781.52,3,At Risk,18.9,Low,Standard
CUST200436,37,Two Year,Standard,Digital Wallet,1,43.48,1607.86,40.9,1,3,5,No,52,2260.96,3,At Risk,5.6,Low,Standard
CUST200437,12,Month-to-Month,Standard,Digital Wallet,1,56.32,671.73,54.8,2,3,1,Yes,18,1013.76,3,At Risk,53.4,High,Standard
CUST200438,38,Month-to-Month,Standard,Credit Card,1,47.39,1686.5,57.3,2,4,1,No,18,853.02,0,Loyal Steady,26.0,Medium,Standard
CUST200439,24,Month-to-Month,Standard,Credit Card,1,57.76,1375.16,72.2,1,3,2,Yes,18,1039.68,3,At Risk,34.3,Medium,Standard
CUST200440,6,Month-to-Month,Basic,Bank Transfer,1,19.35,112.82,30.8,0,2,0,Yes,18,348.3,3,At Risk,50.6,High,Standard
CUST200441,37,One Year,Basic,Bank Transfer,1,27.4,952.83,2.0,2,3,0,No,34,931.6,3,At Risk,13.4,Low,Standard
CUST200442,14,Month-to-Month,Standard,Credit Card,0,54.98,710.7,65.7,3,4,0,Yes,18,989.64,0,Loyal Steady,57.5,High,Standard
CUST200443,7,One Year,Standard,Credit Card,0,49.34,340.92,8.1,1,3,1,No,34,1677.56,3,At Risk,27.9,Medium,Standard
CUST200444,3,Two Year,Basic,Digital Wallet,0,34.47,97.23,26.3,3,3,1,Yes,52,1792.44,3,At Risk,31.6,Medium,Standard
CUST200445,38,Two Year,Basic,Bank Transfer,0,30.05,1087.93,33.3,4,3,1,No,52,1562.6,3,At Risk,19.8,Low,Standard
CUST200446,51,Month-to-Month,Standard,Credit Card,0,50.74,2561.87,53.9,2,3,0,Yes,18,913.32,2,Low Engagement,39.4,Medium,Standard
CUST200447,8,Month-to-Month,Standard,Digital Wallet,0,47.89,376.29,49.1,2,3,0,Yes,18,862.02,3,At Risk,67.0,Very High,Standard
CUST200448,9,Month-to-Month,Premium,Bank Transfer,0,91.57,813.07,100.8,2,4,0,Yes,18,1648.26,1,Champions,59.9,High,Standard
CUST200449,17,One Year,Basic,Digital Wallet,1,19.05,313.82,42.3,1,3,1,No,34,647.7,3,At Risk,15.4,Low,Standard
CUST200450,28,Month-to-Month,Standard,Digital Wallet,0,52.0,1406.78,54.1,0,5,2,No,18,936.0,0,Loyal Steady,15.0,Low,Standard
CUST200451,21,Month-to-Month,Basic,Credit Card,1,33.21,641.81,22.3,1,3,1,No,18,597.78,3,At Risk,31.6,Medium,Standard
CUST200452,65,Month-to-Month,Premium,Bank Transfer,0,86.29,5177.29,84.9,2,2,0,No,18,1553.22,1,Champions,49.4,High,Standard
CUST200453,20,Month-to-Month,Standard,Credit Card,0,58.08,1137.85,42.4,1,4,1,Yes,18,1045.44,0,Loyal Steady,34.7,Medium,Standard
CUST200454,19,Two Year,Standard,Bank Transfer,0,61.47,1101.2,44.2,1,4,1,No,52,3196.44,0,Loyal Steady,12.0,Low,Standard
CUST200455,7,One Year,Standard,Credit Card,0,51.69,337.59,87.1,0,3,2,No,34,1757.46,3,At Risk,21.1,Low,Standard
CUST200456,72,Month-to-Month,Basic,Digital Wallet,1,29.76,2095.01,18.7,1,4,1,No,18,535.68,2,Low Engagement,7.4,Low,Standard
CUST200457,24,One Year,Premium,Digital Wallet,0,101.46,2318.09,104.3,0,3,1,Yes,34,3449.64,1,Champions,21.0,Low,Standard
CUST200458,15,Month-to-Month,Standard,Bank Transfer,1,70.53,980.12,66.2,1,4,0,No,18,1269.54,0,Loyal Steady,34.7,Medium,Standard
CUST200459,24,Month-to-Month,Premium,Bank Transfer,1,91.95,2073.01,101.0,3,3,1,Yes,18,1655.1,1,Champions,58.8,High,Standard
CUST200460,65,Month-to-Month,Basic,Mailed Check,1,27.22,1757.7,18.2,1,3,0,No,18,489.96,2,Low Engagement,20.2,Low,Standard
CUST200461,59,Month-to-Month,Premium,Digital Wallet,1,92.13,5359.15,106.2,2,3,4,No,18,1658.34,1,Champions,21.9,Low,Standard
CUST200462,7,Two Year,Standard,Bank Transfer,0,47.95,331.12,63.1,1,4,5,No,52,2493.4,0,Loyal Steady,9.1,Low,Standard
CUST200463,7,One Year,Standard,Credit Card,1,60.29,398.33,51.2,2,4,1,No,34,2049.86,0,Loyal Steady,19.4,Low,Standard
CUST200464,43,Two Year,Standard,Digital Wallet,1,63.97,2691.42,72.8,3,4,1,No,52,3326.44,1,Champions,9.7,Low,Standard
CUST200465,64,Month-to-Month,Basic,Digital Wallet,0,19.0,1122.07,41.0,1,3,0,No,18,342.0,2,Low Engagement,21.2,Low,Standard
CUST200466,50,Month-to-Month,Standard,Digital Wallet,0,51.13,2381.65,48.2,1,3,0,Yes,18,920.34,2,Low Engagement,34.0,Medium,Standard
CUST200467,72,Month-to-Month,Premium,Mailed Check,1,83.51,5640.36,114.8,0,4,1,Yes,18,1503.18,1,Champions,13.4,Low,Standard
CUST200468,40,Month-to-Month,Premium,Digital Wallet,1,95.66,3674.43,113.7,1,3,1,Yes,18,1721.88,1,Champions,35.9,Medium,Standard
CUST200469,25,Month-to-Month,Premium,Digital Wallet,1,100.52,2445.77,116.0,1,5,0,No,18,1809.36,1,Champions,26.0,Medium,Standard
CUST200470,5,Month-to-Month,Basic,Bank Transfer,0,21.46,99.53,13.0,1,4,1,No,18,386.28,0,Loyal Steady,36.1,Medium,Standard
CUST200471,21,Month-to-Month,Basic,Digital Wallet,1,26.69,548.63,2.0,2,3,0,No,18,480.42,3,At Risk,43.0,Medium,Standard
CUST200472,7,One Year,Premium,Credit Card,0,92.33,620.48,110.9,2,4,0,No,34,3139.22,1,Champions,34.0,Medium,Standard
CUST200473,71,One Year,Basic,Digital Wallet,1,19.42,1286.0,31.0,2,3,1,No,34,660.28,2,Low Engagement,5.7,Low,Standard
CUST200474,41,One Year,Standard,Credit Card,1,51.98,2104.91,36.5,4,2,2,Yes,34,1767.32,3,At Risk,29.7,Medium,Standard
CUST200475,18,Month-to-Month,Premium,Credit Card,1,103.14,1784.74,68.1,2,3,0,Yes,18,1856.52,1,Champions,58.1,High,Standard
CUST200476,15,Month-to-Month,Standard,Bank Transfer,1,64.03,951.53,51.1,2,3,1,Yes,18,1152.54,3,At Risk,49.8,High,Standard
CUST200477,42,Month-to-Month,Premium,Bank Transfer,1,94.6,3817.98,68.2,0,5,1,No,18,1702.8,1,Champions,11.6,Low,Standard
CUST200478,56,Month-to-Month,Standard,Digital Wallet,1,51.43,2768.07,57.9,5,3,1,Yes,18,925.74,2,Low Engagement,47.7,High,Standard
CUST200479,11,Month-to-Month,Standard,Credit Card,1,44.29,456.32,72.4,1,3,1,No,18,797.22,3,At Risk,47.0,High,Standard
CUST200480,4,Two Year,Premium,Digital Wallet,1,100.49,370.2,95.3,1,4,4,No,52,5225.48,1,Champions,11.2,Low,Standard
CUST200481,16,Two Year,Standard,Bank Transfer,1,61.31,926.21,55.1,0,4,0,No,52,3188.12,0,Loyal Steady,9.0,Low,Standard
CUST200482,27,Month-to-Month,Standard,Digital Wallet,1,49.92,1291.59,43.3,1,4,0,No,18,898.56,0,Loyal Steady,29.5,Medium,Standard
CUST200483,40,Month-to-Month,Standard,Mailed Check,0,56.85,2196.22,38.8,0,4,0,No,18,1023.3,0,Loyal Steady,28.3,Medium,Standard
CUST200484,20,Two Year,Standard,Credit Card,0,56.86,1099.63,57.8,1,3,0,No,52,2956.72,3,At Risk,21.2,Low,Standard
CUST200485,72,One Year,Standard,Credit Card,1,57.33,4061.72,65.0,2,3,0,No,34,1949.22,2,Low Engagement,8.5,Low,Standard
CUST200486,9,Month-to-Month,Basic,Digital Wallet,1,36.72,327.85,14.4,1,4,2,No,18,660.96,0,Loyal Steady,24.7,Medium,Standard
CUST200487,28,Month-to-Month,Premium,Credit Card,1,93.44,2508.5,89.8,0,2,1,Yes,18,1681.92,1,Champions,46.9,High,Standard
CUST200488,26,Month-to-Month,Premium,Credit Card,0,102.0,2578.57,92.8,2,3,2,Yes,18,1836.0,1,Champions,52.8,High,Standard
CUST200489,31,One Year,Standard,Bank Transfer,1,63.66,1857.69,47.2,1,4,0,No,34,2164.44,0,Loyal Steady,10.2,Low,Standard
CUST200490,37,One Year,Basic,Credit Card,1,31.52,1081.68,27.5,0,3,1,No,34,1071.68,3,At Risk,7.0,Low,Standard
CUST200491,27,Month-to-Month,Premium,Credit Card,1,96.35,2567.96,76.6,2,2,1,No,18,1734.3,1,Champions,61.3,High,Standard
CUST200492,4,Two Year,Standard,Credit Card,1,59.13,232.03,61.7,0,5,2,No,52,3074.76,0,Loyal Steady,5.6,Low,Standard
CUST200493,21,Month-to-Month,Standard,Digital Wallet,0,55.75,1148.22,61.8,0,5,1,No,18,1003.5,0,Loyal Steady,20.0,Low,Standard
CUST200494,31,One Year,Basic,Bank Transfer,0,34.85,1013.63,27.3,0,2,1,No,34,1184.9,3,At Risk,16.0,Low,Standard
CUST200495,36,Two Year,Basic,Credit Card,0,36.23,1300.26,2.0,1,3,3,No,52,1883.96,3,At Risk,6.9,Low,Standard
CUST200496,72,Month-to-Month,Standard,Digital Wallet,0,50.32,3561.26,55.5,1,4,1,No,18,905.76,2,Low Engagement,13.2,Low,Standard
CUST200497,64,Month-to-Month,Standard,Digital Wallet,1,58.49,3687.54,41.0,1,5,0,No,18,1052.82,2,Low Engagement,8.8,Low,Standard
CUST200498,49,One Year,Premium,Credit Card,1,94.96,4452.71,96.8,2,4,1,No,34,3228.64,1,Champions,9.9,Low,Standard
CUST200499,23,Month-to-Month,Standard,Bank Transfer,1,51.7,1116.52,60.0,1,3,1,Yes,18,930.6,3,At Risk,38.6,Medium,Standard
CUST200500,39,Two Year,Standard,Mailed Check,1,49.54,1881.94,34.1,1,3,1,No,52,2576.08,3,At Risk,12.7,Low,Standard
CUST200501,6,Month-to-Month,Standard,Credit Card,0,72.26,426.93,75.9,2,2,1,No,18,1300.68,3,At Risk,73.7,Very High,Standard
CUST200502,64,Month-to-Month,Standard,Credit Card,1,59.18,3574.64,62.0,2,4,2,No,18,1065.24,2,Low Engagement,13.1,Low,Standard
CUST200503,24,Two Year,Basic,Credit Card,1,22.82,508.0,41.5,2,3,3,No,52,1186.64,3,At Risk,9.8,Low,Standard
CUST200504,45,Month-to-Month,Premium,Mailed Check,1,100.4,4182.67,104.6,1,2,2,Yes,18,1807.2,1,Champions,47.6,High,Standard
CUST200505,34,Two Year,Standard,Credit Card,0,53.84,1772.71,63.6,1,3,0,No,52,2799.68,3,At Risk,16.0,Low,Standard
CUST200506,11,Month-to-Month,Premium,Digital Wallet,0,102.25,1049.69,99.9,0,3,1,Yes,18,1840.5,1,Champions,53.1,High,Standard
CUST200507,28,Month-to-Month,Standard,Bank Transfer,0,55.22,1530.06,41.3,2,4,0,Yes,18,993.96,0,Loyal Steady,40.6,Medium,Standard
CUST200508,13,Month-to-Month,Premium,Digital Wallet,1,85.96,1107.33,100.0,3,3,0,Yes,18,1547.28,1,Champions,70.3,Very High,Standard
CUST200509,62,Month-to-Month,Basic,Bank Transfer,0,29.89,1770.96,33.5,0,4,0,No,18,538.02,2,Low Engagement,10.5,Low,Standard
CUST200510,9,Month-to-Month,Standard,Bank Transfer,0,59.38,496.29,49.7,2,3,1,No,18,1068.84,3,At Risk,60.9,High,Standard
CUST200511,37,Month-to-Month,Premium,Bank Transfer,1,84.44,2875.55,115.3,1,5,0,No,18,1519.92,1,Champions,20.4,Low,Standard
CUST200512,38,Month-to-Month,Basic,Bank Transfer,1,29.53,1072.06,40.9,2,4,0,No,18,531.54,0,Loyal Steady,22.7,Low,Standard
CUST200513,38,Two Year,Standard,Bank Transfer,0,58.15,2085.12,55.6,1,4,2,No,52,3023.8,0,Loyal Steady,6.8,Low,Standard
CUST200514,27,Two Year,Basic,Credit Card,1,27.08,702.78,18.4,1,4,1,No,52,1408.16,0,Loyal Steady,5.8,Low,Standard
CUST200515,14,One Year,Basic,Credit Card,0,24.58,338.76,36.9,2,4,0,No,34,835.72,0,Loyal Steady,19.1,Low,Standard
CUST200516,12,Two Year,Standard,Credit Card,0,66.85,784.32,87.7,2,2,0,Yes,52,3476.2,3,At Risk,42.5,Medium,Standard
CUST200517,16,Two Year,Standard,Digital Wallet,1,57.9,920.72,77.0,1,2,2,Yes,52,3010.8,3,At Risk,21.9,Low,Standard
CUST200518,41,Month-to-Month,Premium,Digital Wallet,0,82.88,3340.38,76.6,1,2,1,No,18,1491.84,1,Champions,54.3,High,Standard
CUST200519,43,Month-to-Month,Standard,Digital Wallet,1,55.65,2213.02,41.0,0,5,0,No,18,1001.7,0,Loyal Steady,11.0,Low,Standard
CUST200520,55,One Year,Standard,Bank Transfer,0,57.69,3057.41,47.2,3,2,3,No,34,1961.46,2,Low Engagement,19.8,Low,Standard
CUST200521,15,Month-to-Month,Standard,Mailed Check,1,56.13,786.87,69.5,0,3,2,No,18,1010.34,3,At Risk,40.7,Medium,Standard
CUST200522,20,Month-to-Month,Basic,Bank Transfer,1,30.51,563.23,40.1,4,1,1,Yes,18,549.18,3,At Risk,76.1,Very High,Standard
CUST200523,64,Two Year,Basic,Bank Transfer,1,23.94,1500.26,14.4,0,4,0,No,52,1244.88,2,Low Engagement,2.1,Low,Standard
CUST200524,28,Two Year,Premium,Mailed Check,0,92.11,2404.38,98.2,2,1,0,No,52,4789.72,1,Champions,59.8,High,Priority Save
CUST200525,21,Month-to-Month,Premium,Digital Wallet,1,86.73,1800.76,83.1,1,4,0,Yes,18,1561.14,1,Champions,39.0,Medium,Standard
CUST200526,59,One Year,Premium,Credit Card,1,97.82,5343.65,79.6,2,3,0,No,34,3325.88,1,Champions,14.0,Low,Standard
CUST200527,72,One Year,Basic,Digital Wallet,0,32.09,2230.38,26.7,1,4,0,No,34,1091.06,2,Low Engagement,3.9,Low,Standard
CUST200528,53,Two Year,Premium,Credit Card,1,94.88,4794.91,90.5,0,3,3,No,52,4933.76,1,Champions,4.9,Low,Standard
CUST200529,27,Month-to-Month,Premium,Digital Wallet,0,91.04,2375.56,93.4,1,5,1,Yes,18,1638.72,1,Champions,27.3,Medium,Standard
CUST200530,43,One Year,Standard,Bank Transfer,1,52.12,2152.37,85.8,1,5,0,No,34,1772.08,0,Loyal Steady,5.1,Low,Standard
CUST200531,24,Month-to-Month,Premium,Mailed Check,1,95.74,2168.41,62.2,1,3,1,No,18,1723.32,1,Champions,51.6,High,Standard
CUST200532,30,Month-to-Month,Premium,Digital Wallet,1,86.35,2539.32,99.5,1,3,1,No,18,1554.3,1,Champions,42.1,Medium,Standard
CUST200533,72,Month-to-Month,Premium,Digital Wallet,0,95.01,6329.06,95.1,0,3,1,No,18,1710.18,1,Champions,19.5,Low,Standard
CUST200534,35,Month-to-Month,Basic,Credit Card,1,15.0,510.7,32.7,2,4,3,No,18,270.0,0,Loyal Steady,16.5,Low,Standard
CUST200535,72,Month-to-Month,Standard,Mailed Check,0,50.03,3422.57,71.2,2,2,0,Yes,18,900.54,2,Low Engagement,47.5,High,Standard
CUST200536,24,Month-to-Month,Premium,Credit Card,1,100.91,2363.43,114.2,2,2,0,Yes,18,1816.38,1,Champions,67.7,Very High,Standard
CUST200537,18,One Year,Standard,Digital Wallet,1,59.45,1005.85,53.1,1,3,1,Yes,34,2021.3,3,At Risk,19.1,Low,Standard
CUST200538,51,Month-to-Month,Premium,Digital Wallet,0,94.58,4579.06,107.5,0,3,0,No,18,1702.44,1,Champions,33.2,Medium,Standard
CUST200539,38,Two Year,Standard,Credit Card,1,58.03,2075.63,45.5,2,4,1,No,52,3017.56,0,Loyal Steady,7.9,Low,Standard
CUST200540,28,One Year,Standard,Credit Card,1,57.5,1565.5,53.7,3,4,2,No,34,1955.0,0,Loyal Steady,13.9,Low,Standard
CUST200541,19,One Year,Standard,Credit Card,1,45.67,843.22,42.6,1,4,1,No,34,1552.78,0,Loyal Steady,12.0,Low,Standard
CUST200542,12,Two Year,Basic,Credit Card,0,21.53,245.54,33.4,0,3,1,No,52,1119.56,3,At Risk,13.3,Low,Standard
CUST200543,45,Month-to-Month,Basic,Credit Card,0,35.75,1532.6,28.5,2,3,1,Yes,18,643.5,2,Low Engagement,31.0,Medium,Standard
CUST200544,72,Month-to-Month,Basic,Credit Card,0,23.93,1640.33,11.6,2,4,2,No,18,430.74,2,Low Engagement,10.4,Low,Standard
CUST200545,17,Two Year,Premium,Mailed Check,1,96.84,1618.21,103.2,2,3,2,No,52,5035.68,1,Champions,27.7,Medium,Standard
CUST200546,11,Two Year,Basic,Credit Card,1,21.58,235.06,35.7,1,3,1,No,52,1122.16,3,At Risk,13.6,Low,Standard
CUST200547,23,Month-to-Month,Basic,Credit Card,0,22.74,514.15,31.6,1,3,1,No,18,409.32,3,At Risk,37.8,Medium,Standard
CUST200548,14,One Year,Standard,Credit Card,0,55.41,750.23,41.6,1,3,0,No,34,1883.94,3,At Risk,28.2,Medium,Standard
CUST200549,11,Month-to-Month,Standard,Digital Wallet,1,52.75,575.69,77.1,1,2,3,No,18,949.5,3,At Risk,51.9,High,Standard
CUST200550,33,Month-to-Month,Basic,Credit Card,0,22.9,703.75,46.8,1,3,0,Yes,18,412.2,3,At Risk,36.2,Medium,Standard
CUST200551,10,Month-to-Month,Standard,Bank Transfer,1,68.13,665.43,78.9,1,4,1,Yes,18,1226.34,1,Champions,34.2,Medium,Standard
CUST200552,25,Month-to-Month,Premium,Bank Transfer,0,90.27,2141.95,102.0,2,3,0,Yes,18,1624.86,1,Champions,62.3,High,Standard
CUST200553,39,Month-to-Month,Standard,Credit Card,0,75.79,2797.57,57.1,0,3,2,No,18,1364.22,1,Champions,25.1,Medium,Standard
CUST200554,72,Two Year,Premium,Credit Card,0,104.04,7443.01,72.9,0,3,0,No,52,5410.08,1,Champions,6.2,Low,Standard
CUST200555,19,Month-to-Month,Standard,Digital Wallet,0,38.41,698.33,58.9,4,3,0,Yes,18,691.38,3,At Risk,73.9,Very High,Standard
CUST200556,41,Month-to-Month,Standard,Digital Wallet,1,53.29,2071.92,49.5,0,4,1,Yes,18,959.22,0,Loyal Steady,15.6,Low,Standard
CUST200557,21,Month-to-Month,Premium,Mailed Check,0,107.24,2127.65,123.4,3,2,1,Yes,18,1930.32,1,Champions,82.7,Very High,Priority Save
CUST200558,18,Month-to-Month,Standard,Credit Card,0,56.07,982.05,44.0,6,3,2,Yes,18,1009.26,3,At Risk,77.2,Very High,Standard
CUST200559,31,Month-to-Month,Premium,Credit Card,0,89.37,2763.77,118.8,1,3,1,Yes,18,1608.66,1,Champions,47.9,High,Standard
CUST200560,22,Month-to-Month,Premium,Credit Card,0,96.16,2002.18,60.6,1,3,0,Yes,18,1730.88,1,Champions,55.7,High,Standard
CUST200561,66,Month-to-Month,Standard,Digital Wallet,1,58.85,3852.29,63.0,4,3,3,No,18,1059.3,2,Low Engagement,27.2,Medium,Standard
CUST200562,33,Month-to-Month,Basic,Digital Wallet,0,22.43,690.84,8.9,4,2,3,No,18,403.74,3,At Risk,57.6,High,Standard
CUST200563,21,Month-to-Month,Standard,Credit Card,1,45.2,923.66,54.6,4,2,1,Yes,18,813.6,3,At Risk,72.7,Very High,Standard
CUST200564,47,Month-to-Month,Standard,Bank Transfer,0,59.28,2686.28,57.9,1,3,0,Yes,18,1067.04,2,Low Engagement,34.5,Medium,Standard
CUST200565,18,One Year,Premium,Credit Card,1,92.54,1592.67,80.9,2,3,2,No,34,3146.36,1,Champions,25.1,Medium,Standard
CUST200566,32,Month-to-Month,Premium,Credit Card,0,103.26,3121.17,83.6,3,3,0,No,18,1858.68,1,Champions,63.9,Very High,Standard
CUST200567,63,Month-to-Month,Standard,Digital Wallet,0,60.29,3544.04,49.7,0,4,1,No,18,1085.22,2,Low Engagement,12.2,Low,Standard
CUST200568,58,Month-to-Month,Premium,Bank Transfer,1,96.08,5223.6,81.9,1,5,0,No,18,1729.44,1,Champions,12.3,Low,Standard
CUST200569,49,Month-to-Month,Standard,Digital Wallet,0,46.35,2260.83,65.4,2,5,3,No,18,834.3,0,Loyal Steady,13.9,Low,Standard
CUST200570,23,Month-to-Month,Premium,Bank Transfer,1,96.74,2156.57,86.6,3,4,2,No,18,1741.32,1,Champions,42.2,Medium,Standard
CUST200571,61,Month-to-Month,Premium,Digital Wallet,1,94.55,5581.41,93.0,0,3,5,No,18,1701.9,1,Champions,11.0,Low,Standard
CUST200572,16,One Year,Premium,Mailed Check,1,109.58,1672.22,80.2,1,5,1,No,34,3725.72,1,Champions,13.3,Low,Standard
CUST200573,20,Month-to-Month,Standard,Digital Wallet,0,50.63,998.66,53.3,0,2,2,No,18,911.34,3,At Risk,49.7,High,Standard
CUST200574,8,Two Year,Premium,Bank Transfer,1,93.58,721.86,92.0,1,4,1,No,52,4866.16,1,Champions,15.3,Low,Standard
CUST200575,19,Month-to-Month,Standard,Mailed Check,1,49.97,878.99,68.8,1,3,1,No,18,899.46,3,At Risk,49.9,High,Standard
CUST200576,72,Month-to-Month,Basic,Bank Transfer,1,23.99,1725.51,50.3,1,2,2,No,18,431.82,2,Low Engagement,15.7,Low,Standard
CUST200577,14,One Year,Basic,Bank Transfer,0,22.37,301.78,15.3,2,3,1,No,34,760.58,3,At Risk,24.4,Low,Standard
CUST200578,56,One Year,Standard,Credit Card,0,62.77,3366.14,58.2,2,3,0,No,34,2134.18,2,Low Engagement,15.4,Low,Standard
CUST200579,31,Two Year,Standard,Mailed Check,0,65.6,2008.08,52.0,2,3,2,No,52,3411.2,3,At Risk,21.0,Low,Standard
CUST200580,20,Month-to-Month,Standard,Digital Wallet,1,53.73,1069.01,51.9,2,4,0,No,18,967.14,0,Loyal Steady,40.1,Medium,Standard
CUST200581,21,One Year,Premium,Digital Wallet,0,95.29,1842.55,106.4,3,3,1,No,34,3239.86,1,Champions,41.1,Medium,Standard
CUST200582,29,Two Year,Standard,Credit Card,1,57.8,1578.75,62.5,2,3,0,No,52,3005.6,3,At Risk,17.7,Low,Standard
CUST200583,40,Month-to-Month,Standard,Credit Card,1,38.56,1443.03,54.0,1,3,0,Yes,18,694.08,2,Low Engagement,33.1,Medium,Standard
CUST200584,21,Month-to-Month,Basic,Credit Card,1,28.95,568.04,3.5,4,3,0,No,18,521.1,3,At Risk,56.4,High,Standard
CUST200585,66,One Year,Basic,Digital Wallet,1,18.38,1144.91,21.9,4,4,1,No,34,624.92,2,Low Engagement,6.9,Low,Standard
CUST200586,13,Month-to-Month,Standard,Digital Wallet,1,48.69,624.87,84.8,4,3,1,Yes,18,876.42,3,At Risk,67.9,Very High,Standard
CUST200587,31,Two Year,Standard,Digital Wallet,0,56.91,1634.74,57.7,2,3,2,No,52,2959.32,3,At Risk,16.9,Low,Standard
CUST200588,36,One Year,Standard,Digital Wallet,0,44.48,1574.06,60.9,2,4,2,No,34,1512.32,0,Loyal Steady,12.4,Low,Standard
CUST200589,39,Two Year,Basic,Digital Wallet,1,22.88,849.63,4.8,2,4,0,No,52,1189.76,0,Loyal Steady,6.9,Low,Standard
CUST200590,68,Month-to-Month,Premium,Mailed Check,0,94.14,6245.57,87.1,1,4,0,No,18,1694.52,1,Champions,25.5,Medium,Standard
CUST200591,33,Month-to-Month,Premium,Bank Transfer,0,96.12,3107.07,61.6,1,4,1,No,18,1730.16,1,Champions,32.6,Medium,Standard
CUST200592,29,Month-to-Month,Premium,Bank Transfer,1,103.76,2818.92,92.7,1,4,6,No,18,1867.68,1,Champions,15.1,Low,Standard
CUST200593,20,Month-to-Month,Premium,Credit Card,1,90.13,1708.35,96.5,0,3,1,No,18,1622.34,1,Champions,39.9,Medium,Standard
CUST200594,20,One Year,Basic,Bank Transfer,1,26.36,518.31,36.5,2,4,0,No,34,896.24,0,Loyal Steady,13.1,Low,Standard
CUST200595,16,Two Year,Standard,Bank Transfer,0,58.45,923.19,63.5,3,5,2,No,52,3039.4,0,Loyal Steady,12.2,Low,Standard
CUST200596,18,Month-to-Month,Basic,Credit Card,0,25.57,429.99,38.7,1,3,2,No,18,460.26,3,At Risk,36.9,Medium,Standard
CUST200597,40,Month-to-Month,Standard,Credit Card,1,54.43,2035.1,77.4,2,4,1,No,18,979.74,0,Loyal Steady,25.2,Medium,Standard
CUST200598,50,Month-to-Month,Premium,Credit Card,1,88.56,4363.85,102.7,4,4,3,No,18,1594.08,1,Champions,30.3,Medium,Standard
CUST200599,27,Month-to-Month,Standard,Bank Transfer,1,36.83,933.52,66.4,0,5,2,No,18,662.94,0,Loyal Steady,12.0,Low,Standard
CUST200600,48,One Year,Basic,Digital Wallet,0,19.86,905.61,5.7,1,3,2,No,34,675.24,2,Low Engagement,8.2,Low,Standard
CUST200601,23,Month-to-Month,Standard,Credit Card,1,58.0,1238.08,50.0,1,4,2,Yes,18,1044.0,0,Loyal Steady,23.9,Low,Standard
CUST200602,72,Month-to-Month,Premium,Digital Wallet,0,88.32,6092.6,107.2,1,1,2,No,18,1589.76,1,Champions,43.6,Medium,Standard
CUST200603,15,Month-to-Month,Premium,Digital Wallet,0,95.93,1362.07,91.1,0,4,0,No,18,1726.74,1,Champions,42.3,Medium,Standard
CUST200604,31,Two Year,Premium,Digital Wallet,1,107.71,3110.27,76.8,2,4,3,No,52,5600.92,1,Champions,8.8,Low,Standard
CUST200605,5,Month-to-Month,Basic,Digital Wallet,0,30.05,147.84,38.2,1,4,1,No,18,540.9,0,Loyal Steady,37.5,Medium,Standard
CUST200606,6,Month-to-Month,Premium,Credit Card,0,95.11,547.39,77.2,2,4,1,No,18,1711.98,1,Champions,56.9,High,Standard
CUST200607,48,Month-to-Month,Standard,Mailed Check,1,57.83,2612.31,54.1,1,3,1,Yes,18,1040.94,2,Low Engagement,31.5,Medium,Standard
CUST200608,18,Month-to-Month,Basic,Credit Card,1,21.78,391.76,47.8,1,5,2,No,18,392.04,0,Loyal Steady,14.0,Low,Standard
CUST200609,10,Month-to-Month,Standard,Credit Card,1,62.02,571.46,47.9,3,3,0,Yes,18,1116.36,3,At Risk,64.2,Very High,Standard
CUST200610,57,One Year,Basic,Digital Wallet,1,24.74,1387.67,25.0,1,4,0,No,34,841.16,2,Low Engagement,4.4,Low,Standard
CUST200611,41,One Year,Basic,Digital Wallet,0,24.75,968.0,6.7,4,3,1,No,34,841.5,2,Low Engagement,23.1,Low,Standard
CUST200612,3,Month-to-Month,Standard,Bank Transfer,0,40.29,118.86,89.3,0,4,1,Yes,18,725.22,0,Loyal Steady,40.1,Medium,Standard
CUST200613,72,Month-to-Month,Basic,Bank Transfer,1,20.25,1395.96,19.7,2,3,2,No,18,364.5,2,Low Engagement,12.7,Low,Standard
CUST200614,30,One Year,Basic,Digital Wallet,1,19.11,531.26,2.0,0,3,1,No,34,649.74,3,At Risk,8.5,Low,Standard
CUST200615,62,Two Year,Basic,Bank Transfer,1,23.14,1357.89,4.0,2,4,0,No,52,1203.28,2,Low Engagement,3.8,Low,Standard
CUST200616,50,Month-to-Month,Standard,Bank Transfer,0,44.24,2171.51,49.8,1,3,1,No,18,796.32,2,Low Engagement,29.7,Medium,Standard
CUST200617,25,One Year,Premium,Mailed Check,1,101.51,2355.07,111.7,3,3,2,No,34,3451.34,1,Champions,34.8,Medium,Standard
CUST200618,6,Month-to-Month,Standard,Digital Wallet,0,62.7,346.97,53.4,1,2,1,Yes,18,1128.6,3,At Risk,68.4,Very High,Standard
CUST200619,36,One Year,Premium,Bank Transfer,1,96.66,3340.08,79.4,1,3,2,No,34,3286.44,1,Champions,13.4,Low,Standard
CUST200620,13,One Year,Basic,Credit Card,1,32.54,408.86,3.3,1,3,1,Yes,34,1106.36,3,At Risk,15.2,Low,Standard
CUST200621,11,Two Year,Premium,Bank Transfer,1,94.6,965.78,114.1,0,3,4,No,52,4919.2,1,Champions,11.4,Low,Standard
CUST200622,59,One Year,Premium,Bank Transfer,1,91.03,5068.92,80.3,1,1,1,No,34,3095.02,1,Champions,22.1,Low,Standard
CUST200623,23,Month-to-Month,Basic,Digital Wallet,1,15.41,352.96,14.7,1,4,0,No,18,277.38,0,Loyal Steady,25.2,Medium,Standard
CUST200624,23,One Year,Standard,Credit Card,1,58.54,1255.34,47.3,0,5,1,No,34,1990.36,0,Loyal Steady,5.1,Low,Standard
CUST200625,18,Month-to-Month,Standard,Bank Transfer,0,54.85,923.57,45.9,2,4,0,Yes,18,987.3,0,Loyal Steady,47.0,High,Standard
CUST200626,12,Two Year,Standard,Digital Wallet,1,59.04,683.59,54.1,0,2,2,No,52,3070.08,3,At Risk,18.4,Low,Standard
CUST200627,17,Month-to-Month,Premium,Mailed Check,1,93.66,1478.34,91.9,1,4,2,Yes,18,1685.88,1,Champions,40.4,Medium,Standard
CUST200628,24,Month-to-Month,Basic,Bank Transfer,0,18.67,440.11,17.6,1,5,1,No,18,336.06,0,Loyal Steady,17.6,Low,Standard
CUST200629,32,One Year,Standard,Bank Transfer,0,48.87,1523.62,73.2,1,3,1,No,34,1661.58,3,At Risk,18.1,Low,Standard
CUST200630,12,Month-to-Month,Basic,Bank Transfer,0,25.24,281.59,32.6,2,3,1,No,18,454.32,3,At Risk,51.5,High,Standard
CUST200631,12,One Year,Standard,Bank Transfer,1,57.76,656.92,35.5,2,3,2,No,34,1963.84,3,At Risk,22.6,Low,Standard
CUST200632,42,One Year,Standard,Digital Wallet,0,56.25,2295.11,56.6,1,4,0,No,34,1912.5,0,Loyal Steady,11.0,Low,Standard
CUST200633,17,One Year,Premium,Credit Card,1,92.83,1473.84,100.4,0,3,1,No,34,3156.22,1,Champions,18.8,Low,Standard
CUST200634,9,Two Year,Premium,Mailed Check,0,103.16,902.24,115.6,3,4,0,No,52,5364.32,1,Champions,41.4,Medium,Standard
CUST200635,13,Month-to-Month,Premium,Digital Wallet,1,95.27,1237.38,59.6,4,3,0,Yes,18,1714.86,1,Champions,74.8,Very High,Standard
CUST200636,51,Month-to-Month,Standard,Credit Card,0,51.2,2545.1,59.2,3,3,0,Yes,18,921.6,2,Low Engagement,46.7,High,Standard
CUST200637,37,Month-to-Month,Basic,Credit Card,0,20.82,768.72,22.8,1,3,3,No,18,374.76,3,At Risk,23.2,Low,Standard
CUST200638,30,Month-to-Month,Standard,Credit Card,1,51.72,1513.89,35.1,0,4,0,No,18,930.96,0,Loyal Steady,21.5,Low,Standard
CUST200639,68,Month-to-Month,Basic,Digital Wallet,1,25.98,1634.11,27.5,1,3,1,No,18,467.64,2,Low Engagement,13.0,Low,Standard
CUST200640,37,One Year,Basic,Credit Card,0,24.02,825.78,32.5,4,3,0,No,34,816.68,3,At Risk,28.0,Medium,Standard
CUST200641,21,Month-to-Month,Premium,Credit Card,1,96.1,1915.26,96.4,4,2,0,Yes,18,1729.8,1,Champions,80.0,Very High,Standard
CUST200642,11,Month-to-Month,Standard,Digital Wallet,0,51.39,535.36,63.2,0,4,2,Yes,18,925.02,0,Loyal Steady,31.4,Medium,Standard
CUST200643,51,Two Year,Basic,Mailed Check,1,28.29,1378.02,20.9,1,3,0,No,52,1471.08,2,Low Engagement,8.4,Low,Standard
CUST200644,38,One Year,Basic,Credit Card,1,29.23,1025.92,18.4,3,1,2,Yes,34,993.82,3,At Risk,28.8,Medium,Standard
CUST200645,12,Month-to-Month,Premium,Bank Transfer,1,100.22,1186.14,102.6,4,3,1,Yes,18,1803.96,1,Champions,71.9,Very High,Standard
CUST200646,37,Month-to-Month,Premium,Digital Wallet,0,98.73,3511.11,97.6,0,3,2,Yes,18,1777.14,1,Champions,33.2,Medium,Standard
CUST200647,51,Two Year,Premium,Digital Wallet,0,89.92,4566.51,63.0,5,3,1,No,52,4675.84,1,Champions,30.5,Medium,Standard
CUST200648,23,One Year,Premium,Bank Transfer,1,94.92,2156.01,88.4,3,3,1,Yes,34,3227.28,1,Champions,31.7,Medium,Standard
CUST200649,37,Month-to-Month,Standard,Bank Transfer,1,49.77,1729.86,67.1,1,3,0,No,18,895.86,3,At Risk,34.5,Medium,Standard
CUST200650,9,Month-to-Month,Standard,Digital Wallet,1,59.48,499.53,52.5,1,4,0,No,18,1070.64,0,Loyal Steady,39.5,Medium,Standard
CUST200651,28,Two Year,Basic,Mailed Check,1,26.24,701.99,25.2,3,3,2,No,52,1364.48,3,At Risk,17.5,Low,Standard
CUST200652,10,Month-to-Month,Standard,Bank Transfer,1,54.68,503.87,40.0,1,2,2,No,18,984.24,3,At Risk,54.3,High,Standard
CUST200653,31,Two Year,Standard,Digital Wallet,0,53.58,1598.65,58.8,1,3,2,No,52,2786.16,3,At Risk,13.3,Low,Standard
CUST200654,16,One Year,Standard,Digital Wallet,0,47.66,722.39,72.2,1,5,1,No,34,1620.44,0,Loyal Steady,11.3,Low,Standard
CUST200655,8,Month-to-Month,Basic,Bank Transfer,0,25.72,202.68,32.4,0,4,0,Yes,18,462.96,0,Loyal Steady,31.9,Medium,Standard
CUST200656,10,One Year,Basic,Bank Transfer,1,41.86,415.77,6.0,1,4,1,No,34,1423.24,0,Loyal Steady,10.3,Low,Standard
CUST200657,57,Month-to-Month,Basic,Digital Wallet,0,26.66,1450.9,42.0,1,4,0,Yes,18,479.88,2,Low Engagement,16.0,Low,Standard
CUST200658,39,Month-to-Month,Basic,Digital Wallet,0,19.02,736.08,12.8,0,3,1,Yes,18,342.36,2,Low Engagement,23.7,Low,Standard
CUST200659,9,One Year,Standard,Digital Wallet,1,58.18,482.81,66.0,3,2,1,Yes,34,1978.12,3,At Risk,47.2,High,Priority Save
CUST200660,16,Month-to-Month,Premium,Bank Transfer,1,92.7,1383.95,110.0,0,4,0,No,18,1668.6,1,Champions,34.5,Medium,Standard
CUST200661,15,Two Year,Premium,Credit Card,0,94.37,1380.37,103.3,0,5,1,No,52,4907.24,1,Champions,8.5,Low,Standard
CUST200662,50,One Year,Standard,Bank Transfer,1,53.55,2495.9,39.1,0,2,0,No,34,1820.7,2,Low Engagement,12.7,Low,Standard
CUST200663,5,Month-to-Month,Premium,Bank Transfer,0,92.25,434.74,69.5,2,5,4,No,18,1660.5,1,Champions,33.0,Medium,Standard
CUST200664,30,Month-to-Month,Standard,Credit Card,1,60.86,1708.69,50.0,1,2,2,No,18,1095.48,3,At Risk,41.8,Medium,Standard
CUST200665,21,Month-to-Month,Standard,Digital Wallet,1,47.33,983.89,35.4,1,3,1,No,18,851.94,3,At Risk,40.5,Medium,Standard
CUST200666,60,One Year,Basic,Digital Wallet,1,22.12,1287.46,29.8,2,3,0,No,34,752.08,2,Low Engagement,8.6,Low,Standard
CUST200667,17,Month-to-Month,Standard,Bank Transfer,1,59.82,1015.37,108.7,2,3,0,Yes,18,1076.76,1,Champions,54.6,High,Standard
CUST200668,72,Month-to-Month,Standard,Digital Wallet,1,62.2,4208.5,50.9,1,3,2,No,18,1119.6,2,Low Engagement,13.4,Low,Standard
CUST200669,8,One Year,Basic,Credit Card,1,26.76,206.9,44.9,3,4,3,No,34,909.84,0,Loyal Steady,14.4,Low,Standard
CUST200670,23,Two Year,Basic,Digital Wallet,1,34.55,789.61,36.7,3,4,3,No,52,1796.6,0,Loyal Steady,8.4,Low,Standard
CUST200671,22,Month-to-Month,Basic,Bank Transfer,0,37.17,766.12,2.0,0,3,2,Yes,18,669.06,3,At Risk,26.8,Medium,Standard
CUST200672,10,Month-to-Month,Premium,Credit Card,0,80.83,748.52,98.6,1,2,1,No,18,1454.94,1,Champions,72.1,Very High,Standard
CUST200673,8,Month-to-Month,Basic,Digital Wallet,1,15.44,121.38,2.0,1,4,1,No,18,277.92,0,Loyal Steady,29.2,Medium,Standard
CUST200674,40,Month-to-Month,Premium,Bank Transfer,1,93.45,3657.4,112.5,3,4,1,Yes,18,1682.1,1,Champions,36.7,Medium,Standard
CUST200675,6,Month-to-Month,Standard,Bank Transfer,1,45.67,264.87,39.4,0,3,0,No,18,822.06,3,At Risk,45.8,High,Standard
CUST200676,21,Month-to-Month,Standard,Credit Card,1,60.04,1237.3,48.9,1,4,0,Yes,18,1080.72,0,Loyal Steady,31.5,Medium,Standard
CUST200677,29,One Year,Premium,Mailed Check,1,95.61,2697.13,93.2,0,2,2,No,34,3250.74,1,Champions,24.8,Medium,Standard
CUST200678,12,Month-to-Month,Basic,Credit Card,1,20.11,237.33,27.0,1,4,0,No,18,361.98,0,Loyal Steady,30.1,Medium,Standard
CUST200679,66,Month-to-Month,Standard,Bank Transfer,0,55.81,3458.16,61.1,1,4,0,No,18,1004.58,2,Low Engagement,16.6,Low,Standard
CUST200680,16,Month-to-Month,Standard,Credit Card,1,58.66,877.34,56.5,3,3,0,Yes,18,1055.88,3,At Risk,61.1,High,Standard
CUST200681,31,Month-to-Month,Premium,Credit Card,1,102.29,3138.99,87.2,0,3,1,Yes,18,1841.22,1,Champions,32.6,Medium,Standard
CUST200682,19,One Year,Standard,Credit Card,1,45.64,830.31,37.9,0,4,0,Yes,34,1551.76,0,Loyal Steady,10.7,Low,Standard
CUST200683,59,Month-to-Month,Standard,Digital Wallet,0,63.25,3605.09,45.7,1,4,0,No,18,1138.5,2,Low Engagement,19.4,Low,Standard
CUST200684,26,Two Year,Basic,Credit Card,0,20.91,514.37,2.0,2,5,2,No,52,1087.32,0,Loyal Steady,5.4,Low,Standard
CUST200685,34,Two Year,Standard,Digital Wallet,1,49.73,1638.66,58.4,3,5,1,No,52,2585.96,0,Loyal Steady,7.6,Low,Standard
CUST200686,24,Month-to-Month,Standard,Bank Transfer,0,58.84,1319.59,36.6,0,4,1,No,18,1059.12,0,Loyal Steady,26.1,Medium,Standard
CUST200687,26,Month-to-Month,Basic,Bank Transfer,1,25.57,625.22,6.9,3,4,2,Yes,18,460.26,0,Loyal Steady,27.0,Medium,Standard
CUST200688,30,One Year,Premium,Credit Card,1,87.31,2578.77,84.5,2,2,0,No,34,2968.54,1,Champions,36.7,Medium,Standard
CUST200689,21,One Year,Premium,Bank Transfer,0,93.24,1903.2,103.2,0,4,0,No,34,3170.16,1,Champions,16.5,Low,Standard
CUST200690,49,Month-to-Month,Premium,Credit Card,1,89.42,4092.3,87.7,0,5,4,No,18,1609.56,1,Champions,6.5,Low,Standard
CUST200691,22,One Year,Standard,Digital Wallet,0,58.29,1192.62,73.0,1,3,1,No,34,1981.86,3,At Risk,22.6,Low,Standard
CUST200692,31,Month-to-Month,Standard,Bank Transfer,1,68.1,2062.99,26.8,1,3,0,Yes,18,1225.8,3,At Risk,35.9,Medium,Standard
CUST200693,28,One Year,Standard,Mailed Check,0,48.88,1280.43,54.1,2,3,1,Yes,34,1661.92,3,At Risk,31.0,Medium,Standard
CUST200694,9,One Year,Basic,Credit Card,1,34.59,291.21,17.0,1,4,0,No,34,1176.06,0,Loyal Steady,12.6,Low,Standard
CUST200695,38,Two Year,Basic,Credit Card,1,23.79,884.61,29.2,3,4,2,No,52,1237.08,0,Loyal Steady,6.7,Low,Standard
CUST200696,26,One Year,Basic,Bank Transfer,0,18.17,442.14,16.0,0,3,0,Yes,34,617.78,3,At Risk,13.7,Low,Standard
CUST200697,19,Two Year,Standard,Digital Wallet,1,67.08,1240.72,43.2,0,3,0,Yes,52,3488.16,3,At Risk,13.4,Low,Standard
CUST200698,29,Month-to-Month,Basic,Credit Card,1,25.88,722.62,62.0,1,4,2,Yes,18,465.84,0,Loyal Steady,17.1,Low,Standard
CUST200699,12,Month-to-Month,Standard,Bank Transfer,1,56.61,671.72,54.4,4,2,2,No,18,1018.98,3,At Risk,73.3,Very High,Standard
CUST200700,50,Month-to-Month,Basic,Digital Wallet,0,20.72,997.05,2.0,1,3,0,No,18,372.96,2,Low Engagement,26.7,Medium,Standard
CUST200701,16,Two Year,Premium,Digital Wallet,1,102.44,1524.92,80.4,1,5,1,No,52,5326.88,1,Champions,8.3,Low,Standard
CUST200702,7,Month-to-Month,Basic,Mailed Check,1,22.24,152.27,16.3,0,2,1,No,18,400.32,3,At Risk,53.8,High,Standard
CUST200703,15,One Year,Standard,Bank Transfer,1,54.94,810.84,37.8,2,3,1,No,34,1867.96,3,At Risk,24.4,Low,Standard
CUST200704,27,Month-to-Month,Basic,Bank Transfer,0,28.06,706.22,29.7,0,4,1,No,18,505.08,0,Loyal Steady,19.5,Low,Standard
CUST200705,7,One Year,Basic,Credit Card,1,33.49,227.19,11.0,1,4,2,No,34,1138.66,0,Loyal Steady,9.7,Low,Standard
CUST200706,9,Month-to-Month,Basic,Credit Card,0,29.22,257.17,48.3,4,4,1,No,18,525.96,0,Loyal Steady,55.8,High,Standard
CUST200707,30,Month-to-Month,Basic,Digital Wallet,0,26.85,768.17,16.5,4,3,0,Yes,18,483.3,3,At Risk,59.4,High,Standard
CUST200708,10,Month-to-Month,Premium,Digital Wallet,1,94.6,875.95,98.2,0,4,1,No,18,1702.8,1,Champions,34.8,Medium,Standard
CUST200709,30,Month-to-Month,Standard,Digital Wallet,1,50.06,1497.26,53.6,1,4,2,No,18,901.08,0,Loyal Steady,21.9,Low,Standard
CUST200710,18,Month-to-Month,Basic,Credit Card,1,31.24,558.29,20.1,0,2,1,Yes,18,562.32,3,At Risk,38.2,Medium,Standard
CUST200711,34,One Year,Premium,Credit Card,1,103.59,3396.3,89.8,2,4,2,No,34,3522.06,1,Champions,11.7,Low,Standard
CUST200712,61,Month-to-Month,Basic,Credit Card,0,28.88,1744.46,10.3,1,2,0,Yes,18,519.84,2,Low Engagement,30.3,Medium,Standard
CUST200713,27,Two Year,Standard,Bank Transfer,0,59.97,1550.44,57.7,0,4,1,No,52,3118.44,0,Loyal Steady,7.8,Low,Standard
CUST200714,59,Month-to-Month,Standard,Credit Card,1,54.57,3089.26,67.4,0,4,1,No,18,982.26,2,Low Engagement,10.3,Low,Standard
CUST200715,46,Month-to-Month,Basic,Bank Transfer,0,25.9,1102.96,12.1,2,4,1,Yes,18,466.2,2,Low Engagement,20.9,Low,Standard
CUST200716,50,Two Year,Basic,Bank Transfer,1,17.49,855.33,33.2,1,4,4,No,52,909.48,2,Low Engagement,2.1,Low,Standard
CUST200717,72,Month-to-Month,Basic,Mailed Check,1,33.15,2318.13,9.0,2,3,2,Yes,18,596.7,2,Low Engagement,16.5,Low,Standard
CUST200718,48,Month-to-Month,Premium,Digital Wallet,0,108.35,5116.94,93.3,1,2,1,Yes,18,1950.3,1,Champions,48.9,High,Priority Save
CUST200719,49,Two Year,Basic,Digital Wallet,0,17.76,837.68,39.6,2,3,2,No,52,923.52,2,Low Engagement,8.7,Low,Standard
CUST200720,26,Month-to-Month,Premium,Credit Card,0,87.61,2244.73,69.2,2,5,2,Yes,18,1576.98,1,Champions,29.0,Medium,Standard
CUST200721,16,One Year,Standard,Digital Wallet,0,57.57,909.63,78.4,1,2,1,Yes,34,1957.38,3,At Risk,36.2,Medium,Standard
CUST200722,8,Month-to-Month,Standard,Bank Transfer,1,60.57,457.16,45.9,1,3,2,No,18,1090.26,3,At Risk,42.9,Medium,Standard
CUST200723,28,Month-to-Month,Basic,Bank Transfer,0,18.61,482.61,56.1,3,3,0,No,18,334.98,3,At Risk,53.9,High,Standard
CUST200724,67,One Year,Premium,Mailed Check,0,96.49,6262.64,103.9,3,4,3,No,34,3280.66,1,Champions,11.1,Low,Standard
CUST200725,53,Month-to-Month,Premium,Bank Transfer,0,95.74,4727.62,98.4,2,1,2,Yes,18,1723.32,1,Champions,60.9,High,Standard
CUST200726,25,Month-to-Month,Standard,Digital Wallet,1,51.51,1198.77,32.9,3,2,0,No,18,927.18,3,At Risk,68.0,Very High,Standard
CUST200727,28,One Year,Premium,Digital Wallet,1,93.59,2589.19,63.7,1,4,0,No,34,3182.06,1,Champions,14.3,Low,Standard
CUST200728,50,One Year,Basic,Bank Transfer,1,25.51,1261.61,40.2,2,3,0,No,34,867.34,2,Low Engagement,10.5,Low,Standard
CUST200729,10,Month-to-Month,Standard,Bank Transfer,1,52.88,493.87,53.0,1,3,3,No,18,951.84,3,At Risk,38.2,Medium,Standard
CUST200730,36,Month-to-Month,Basic,Digital Wallet,0,31.94,1111.77,49.3,0,4,3,No,18,574.92,0,Loyal Steady,12.8,Low,Standard
CUST200731,42,Two Year,Standard,Credit Card,1,59.45,2304.55,59.2,1,3,2,No,52,3091.4,2,Low Engagement,7.6,Low,Standard
CUST200732,63,Month-to-Month,Basic,Bank Transfer,1,15.0,907.03,20.7,1,2,2,No,18,270.0,2,Low Engagement,18.7,Low,Standard
CUST200733,2,One Year,Premium,Digital Wallet,0,100.01,194.0,84.7,2,3,1,Yes,34,3400.34,1,Champions,44.9,High,Priority Save
CUST200734,43,Month-to-Month,Basic,Digital Wallet,1,17.68,744.87,46.6,3,3,1,Yes,18,318.24,2,Low Engagement,34.5,Medium,Standard
CUST200735,12,Month-to-Month,Standard,Digital Wallet,1,44.13,528.35,66.2,1,4,1,Yes,18,794.34,0,Loyal Steady,35.0,Medium,Standard
CUST200736,22,Month-to-Month,Standard,Bank Transfer,1,61.46,1327.53,49.2,3,3,1,Yes,18,1106.28,3,At Risk,52.7,High,Standard
CUST200737,38,One Year,Standard,Credit Card,0,53.38,2000.75,53.9,1,4,1,No,34,1814.92,0,Loyal Steady,10.0,Low,Standard
CUST200738,14,One Year,Basic,Bank Transfer,0,25.32,343.81,33.4,0,4,1,No,34,860.88,0,Loyal Steady,9.9,Low,Standard
CUST200739,7,One Year,Basic,Mailed Check,1,27.66,181.33,2.0,3,2,0,Yes,34,940.44,3,At Risk,50.9,High,Standard
CUST200740,26,One Year,Basic,Bank Transfer,1,17.61,444.29,53.8,0,3,0,No,34,598.74,3,At Risk,11.1,Low,Standard
CUST200741,17,One Year,Standard,Digital Wallet,1,66.44,1067.87,59.7,1,3,1,Yes,34,2258.96,3,At Risk,19.4,Low,Standard
CUST200742,56,Two Year,Standard,Credit Card,1,48.68,2543.78,76.7,1,3,1,No,52,2531.36,2,Low Engagement,6.6,Low,Standard
CUST200743,54,Month-to-Month,Standard,Digital Wallet,0,70.27,3553.6,44.2,3,2,2,No,18,1264.86,2,Low Engagement,48.5,High,Standard
CUST200744,72,Two Year,Standard,Mailed Check,1,57.49,3905.62,29.0,1,2,1,No,52,2989.48,2,Low Engagement,9.2,Low,Standard
CUST200745,20,Month-to-Month,Standard,Digital Wallet,0,57.76,1102.06,19.0,1,3,3,Yes,18,1039.68,3,At Risk,38.9,Medium,Standard
CUST200746,18,Month-to-Month,Basic,Bank Transfer,0,24.93,413.6,11.2,1,2,1,Yes,18,448.74,3,At Risk,52.4,High,Standard
CUST200747,54,Month-to-Month,Premium,Credit Card,1,94.16,4845.59,90.7,0,4,4,No,18,1694.88,1,Champions,9.1,Low,Standard
CUST200748,13,One Year,Standard,Bank Transfer,1,49.08,629.82,59.0,1,3,1,No,34,1668.72,3,At Risk,20.8,Low,Standard
CUST200749,26,One Year,Standard,Bank Transfer,1,53.62,1389.13,69.1,1,2,2,No,34,1823.08,3,At Risk,21.0,Low,Standard
CUST200750,48,Month-to-Month,Basic,Credit Card,1,21.01,973.26,28.6,0,3,1,No,18,378.18,2,Low Engagement,15.3,Low,Standard
CUST200751,65,One Year,Standard,Credit Card,0,56.89,3641.08,80.4,1,3,1,No,34,1934.26,2,Low Engagement,8.7,Low,Standard
CUST200752,22,Month-to-Month,Basic,Mailed Check,1,19.34,419.97,48.8,3,3,1,No,18,348.12,3,At Risk,54.7,High,Standard
CUST200753,12,Month-to-Month,Basic,Digital Wallet,1,28.92,321.02,18.6,1,4,2,No,18,520.56,0,Loyal Steady,23.8,Low,Standard
CUST200754,3,One Year,Premium,Bank Transfer,1,89.69,262.04,126.3,2,3,0,No,34,3049.46,1,Champions,41.9,Medium,Standard
CUST200755,2,One Year,Standard,Credit Card,1,52.31,99.03,50.3,2,4,2,No,34,1778.54,0,Loyal Steady,19.1,Low,Standard
CUST200756,19,Month-to-Month,Premium,Bank Transfer,0,100.74,1896.53,101.4,1,3,0,Yes,18,1813.32,1,Champions,58.4,High,Standard
CUST200757,9,Month-to-Month,Basic,Bank Transfer,1,24.22,204.82,37.4,1,5,1,No,18,435.96,0,Loyal Steady,19.1,Low,Standard
CUST200758,59,One Year,Standard,Digital Wallet,0,61.05,3356.93,57.0,2,4,2,No,34,2075.7,2,Low Engagement,7.1,Low,Standard
CUST200759,27,One Year,Basic,Credit Card,1,25.83,684.49,17.6,2,4,1,No,34,878.22,0,Loyal Steady,9.5,Low,Standard
CUST200760,19,One Year,Basic,Credit Card,1,16.16,292.5,7.4,3,3,1,No,34,549.44,3,At Risk,22.4,Low,Standard
CUST200761,41,Month-to-Month,Basic,Digital Wallet,0,17.64,687.27,41.8,0,2,3,No,18,317.52,3,At Risk,26.6,Medium,Standard
CUST200762,32,One Year,Premium,Digital Wallet,0,88.43,2792.56,82.4,1,4,1,No,34,3006.62,1,Champions,14.9,Low,Standard
CUST200763,33,One Year,Standard,Credit Card,0,42.33,1319.18,59.8,0,4,1,No,34,1439.22,0,Loyal Steady,8.9,Low,Standard
CUST200764,19,Two Year,Basic,Bank Transfer,0,24.8,464.9,18.4,0,2,1,No,52,1289.6,3,At Risk,17.0,Low,Standard
CUST200765,19,Month-to-Month,Premium,Digital Wallet,1,100.96,1878.11,111.7,1,4,2,No,18,1817.28,1,Champions,32.5,Medium,Standard
CUST200766,47,Two Year,Standard,Bank Transfer,1,61.48,2749.5,58.1,2,4,1,No,52,3196.96,2,Low Engagement,6.4,Low,Standard
CUST200767,7,Month-to-Month,Standard,Credit Card,0,46.29,308.49,37.2,0,4,1,No,18,833.22,0,Loyal Steady,36.0,Medium,Standard
CUST200768,8,Month-to-Month,Basic,Credit Card,1,22.49,168.85,24.5,4,3,1,Yes,18,404.82,3,At Risk,61.3,High,Standard
CUST200769,17,Month-to-Month,Standard,Digital Wallet,1,51.71,845.17,11.8,0,3,0,No,18,930.78,3,At Risk,39.0,Medium,Standard
CUST200770,26,One Year,Basic,Credit Card,0,15.0,375.86,40.2,2,3,1,No,34,510.0,3,At Risk,20.0,Low,Standard
CUST200771,72,Two Year,Premium,Mailed Check,1,81.66,5833.52,128.3,4,4,1,No,52,4246.32,1,Champions,11.4,Low,Standard
CUST200772,27,Month-to-Month,Basic,Digital Wallet,1,23.58,616.09,29.1,2,2,1,Yes,18,424.44,3,At Risk,48.6,High,Standard
CUST200773,14,One Year,Standard,Credit Card,1,56.1,776.04,52.6,3,4,3,No,34,1907.4,0,Loyal Steady,16.4,Low,Standard
CUST200774,34,Month-to-Month,Basic,Credit Card,1,22.28,706.12,39.9,1,3,0,No,18,401.04,3,At Risk,29.1,Medium,Standard
CUST200775,17,Month-to-Month,Basic,Digital Wallet,0,15.09,239.23,8.9,1,4,2,Yes,18,271.62,0,Loyal Steady,27.2,Medium,Standard
CUST200776,35,Month-to-Month,Standard,Credit Card,0,63.31,2159.6,45.4,2,2,2,Yes,18,1139.58,3,At Risk,52.7,High,Standard
CUST200777,14,Month-to-Month,Standard,Bank Transfer,0,55.77,743.56,65.4,1,2,1,Yes,18,1003.86,3,At Risk,63.5,Very High,Standard
CUST200778,4,Month-to-Month,Standard,Digital Wallet,1,54.81,211.73,38.8,2,3,1,No,18,986.58,3,At Risk,58.1,High,Standard
CUST200779,26,One Year,Standard,Credit Card,1,49.31,1196.78,17.1,3,2,3,No,34,1676.54,3,At Risk,27.8,Medium,Standard
CUST200780,10,One Year,Basic,Digital Wallet,1,18.94,178.99,40.4,3,3,1,No,34,643.96,3,At Risk,28.1,Medium,Standard
CUST200781,25,One Year,Standard,Credit Card,0,67.68,1609.97,46.7,2,2,1,No,34,2301.12,3,At Risk,35.3,Medium,Standard
CUST200782,34,One Year,Standard,Mailed Check,0,67.86,2195.71,38.7,1,3,1,No,34,2307.24,3,At Risk,21.4,Low,Standard
CUST200783,11,Month-to-Month,Standard,Bank Transfer,1,59.56,633.77,75.8,1,4,1,Yes,18,1072.08,0,Loyal Steady,34.0,Medium,Standard
CUST200784,20,Two Year,Basic,Bank Transfer,0,19.87,388.93,23.9,1,3,0,No,52,1033.24,3,At Risk,16.3,Low,Standard
CUST200785,53,One Year,Basic,Digital Wallet,0,15.0,742.17,43.6,2,3,0,No,34,510.0,2,Low Engagement,13.5,Low,Standard
CUST200786,11,Two Year,Standard,Mailed Check,1,53.44,563.89,59.4,5,3,1,No,52,2778.88,3,At Risk,49.3,High,Priority Save
CUST200787,15,Month-to-Month,Standard,Credit Card,1,49.81,732.96,47.8,1,4,1,No,18,896.58,0,Loyal Steady,31.7,Medium,Standard
CUST200788,12,One Year,Standard,Credit Card,1,54.52,626.17,82.5,1,4,1,Yes,34,1853.68,0,Loyal Steady,14.3,Low,Standard
CUST200789,15,Month-to-Month,Standard,Digital Wallet,1,58.98,829.45,16.0,0,5,1,No,18,1061.64,0,Loyal Steady,17.1,Low,Standard
CUST200790,18,Month-to-Month,Premium,Credit Card,0,88.95,1492.46,114.2,3,5,3,No,18,1601.1,1,Champions,37.4,Medium,Standard
CUST200791,28,Two Year,Premium,Bank Transfer,1,94.45,2595.03,94.7,3,5,0,No,52,4911.4,1,Champions,12.2,Low,Standard
CUST200792,35,Month-to-Month,Basic,Digital Wallet,0,23.41,807.06,44.3,1,3,2,No,18,421.38,3,At Risk,28.6,Medium,Standard
CUST200793,13,Month-to-Month,Basic,Digital Wallet,1,23.61,290.6,14.2,0,4,0,No,18,424.98,0,Loyal Steady,24.2,Low,Standard
CUST200794,18,One Year,Premium,Bank Transfer,1,82.77,1420.5,84.3,0,4,2,No,34,2814.18,1,Champions,10.3,Low,Standard
CUST200795,21,Two Year,Basic,Mailed Check,1,18.0,374.05,22.2,1,1,2,Yes,52,936.0,3,At Risk,28.3,Medium,Standard
CUST200796,55,One Year,Basic,Mailed Check,1,22.3,1174.82,52.8,2,3,0,No,34,758.2,2,Low Engagement,12.9,Low,Standard
CUST200797,68,Two Year,Standard,Credit Card,1,50.11,3388.62,69.8,2,5,1,No,52,2605.72,2,Low Engagement,2.5,Low,Standard
CUST200798,16,Two Year,Standard,Digital Wallet,1,58.48,867.5,46.7,1,3,0,No,52,3040.96,3,At Risk,18.6,Low,Standard
CUST200799,11,Month-to-Month,Standard,Bank Transfer,1,61.07,627.62,41.2,1,1,1,Yes,18,1099.26,3,At Risk,69.1,Very High,Standard
CUST200800,24,Month-to-Month,Standard,Credit Card,0,53.25,1232.45,77.3,1,2,0,No,18,958.5,3,At Risk,62.1,High,Standard
CUST200801,34,Month-to-Month,Basic,Bank Transfer,0,38.49,1240.78,41.6,4,3,0,No,18,692.82,3,At Risk,55.8,High,Standard
CUST200802,10,Month-to-Month,Basic,Credit Card,0,29.98,285.13,19.6,1,4,0,No,18,539.64,0,Loyal Steady,36.9,Medium,Standard
CUST200803,7,One Year,Standard,Digital Wallet,0,60.15,401.92,52.9,2,3,1,No,34,2045.1,3,At Risk,35.7,Medium,Standard
CUST200804,38,Two Year,Premium,Digital Wallet,1,92.56,3261.74,117.7,2,4,0,No,52,4813.12,1,Champions,12.6,Low,Standard
CUST200805,47,Month-to-Month,Basic,Credit Card,0,22.93,1061.8,2.0,1,4,0,Yes,18,412.74,2,Low Engagement,18.5,Low,Standard
CUST200806,23,One Year,Standard,Bank Transfer,0,57.06,1209.57,67.6,1,2,1,No,34,1940.04,3,At Risk,30.9,Medium,Standard
CUST200807,6,One Year,Standard,Credit Card,0,47.03,262.37,38.3,1,3,0,No,34,1599.02,3,At Risk,32.9,Medium,Standard
CUST200808,4,One Year,Basic,Credit Card,0,25.38,100.29,29.0,1,4,0,No,34,862.92,0,Loyal Steady,18.4,Low,Standard
CUST200809,4,Month-to-Month,Standard,Credit Card,1,47.06,184.97,70.8,0,3,2,No,18,847.08,3,At Risk,39.9,Medium,Standard
CUST200810,18,Month-to-Month,Basic,Credit Card,1,21.87,390.75,2.0,1,4,2,No,18,393.66,0,Loyal Steady,20.4,Low,Standard
CUST200811,62,One Year,Standard,Digital Wallet,1,62.73,3781.16,76.5,5,2,1,No,34,2132.82,2,Low Engagement,29.4,Medium,Standard
CUST200812,46,One Year,Standard,Mailed Check,1,54.36,2465.56,85.8,0,3,1,No,34,1848.24,2,Low Engagement,10.9,Low,Standard
CUST200813,15,Month-to-Month,Basic,Credit Card,1,23.46,344.81,11.0,2,1,0,Yes,18,422.28,3,At Risk,70.2,Very High,Standard
CUST200814,50,Month-to-Month,Basic,Credit Card,1,29.05,1445.15,19.7,1,4,1,No,18,522.9,2,Low Engagement,11.9,Low,Standard
CUST200815,39,Month-to-Month,Standard,Credit Card,0,45.72,1730.71,54.4,2,3,2,Yes,18,822.96,3,At Risk,39.0,Medium,Standard
CUST200816,56,Two Year,Standard,Digital Wallet,1,57.29,3058.26,66.9,1,5,0,No,52,2979.08,2,Low Engagement,3.0,Low,Standard
CUST200817,36,Two Year,Basic,Credit Card,1,24.23,821.11,40.9,2,3,2,No,52,1259.96,3,At Risk,8.6,Low,Standard
CUST200818,6,Two Year,Basic,Digital Wallet,0,22.9,133.23,24.0,2,2,0,Yes,52,1190.8,3,At Risk,39.1,Medium,Standard
CUST200819,21,One Year,Standard,Bank Transfer,1,55.31,1122.41,62.1,0,4,2,No,34,1880.54,0,Loyal Steady,7.5,Low,Standard
CUST200820,16,Month-to-Month,Standard,Bank Transfer,0,56.21,862.52,51.8,1,4,1,Yes,18,1011.78,0,Loyal Steady,37.2,Medium,Standard
CUST200821,13,Two Year,Basic,Credit Card,1,26.56,339.95,34.9,4,2,3,Yes,52,1381.12,3,At Risk,29.6,Medium,Standard
CUST200822,40,Month-to-Month,Standard,Digital Wallet,1,42.2,1560.56,35.5,0,3,2,No,18,759.6,2,Low Engagement,21.1,Low,Standard
CUST200823,66,One Year,Standard,Credit Card,0,49.7,3231.51,60.3,0,4,0,No,34,1689.8,2,Low Engagement,4.7,Low,Standard
CUST200824,23,Month-to-Month,Premium,Credit Card,1,99.27,2168.11,118.2,0,4,2,Yes,18,1786.86,1,Champions,24.0,Low,Standard
CUST200825,59,Month-to-Month,Premium,Digital Wallet,1,86.81,4760.67,106.4,4,4,2,No,18,1562.58,1,Champions,30.0,Medium,Standard
CUST200826,23,Two Year,Standard,Digital Wallet,0,62.72,1360.14,70.5,0,4,2,No,52,3261.44,0,Loyal Steady,7.8,Low,Standard
CUST200827,13,Month-to-Month,Standard,Credit Card,0,53.16,685.17,47.3,1,3,1,Yes,18,956.88,3,At Risk,51.6,High,Standard
CUST200828,51,Two Year,Basic,Digital Wallet,0,17.28,872.57,15.7,2,2,0,No,52,898.56,2,Low Engagement,17.0,Low,Standard
CUST200829,21,One Year,Standard,Credit Card,0,74.21,1549.27,59.5,2,1,3,No,34,2523.14,3,At Risk,41.7,Medium,Standard
CUST200830,31,Month-to-Month,Basic,Mailed Check,0,29.08,880.43,14.8,0,4,0,No,18,523.44,0,Loyal Steady,26.4,Medium,Standard
CUST200831,20,Month-to-Month,Basic,Bank Transfer,0,30.51,586.08,3.2,2,4,2,No,18,549.18,0,Loyal Steady,29.8,Medium,Standard
CUST200832,39,Month-to-Month,Basic,Credit Card,0,20.0,762.96,40.0,1,4,0,No,18,360.0,0,Loyal Steady,22.7,Low,Standard
CUST200833,17,One Year,Standard,Credit Card,1,56.11,925.39,58.6,1,1,2,Yes,34,1907.74,3,At Risk,35.3,Medium,Standard
CUST200834,60,Two Year,Premium,Digital Wallet,1,86.24,4971.43,84.0,0,3,1,No,52,4484.48,1,Champions,5.9,Low,Standard
CUST200835,7,Month-to-Month,Premium,Mailed Check,0,95.06,633.39,102.6,2,3,1,Yes,18,1711.08,1,Champions,75.5,Very High,Standard
CUST200836,45,Month-to-Month,Standard,Bank Transfer,1,55.38,2420.7,80.7,2,3,0,No,18,996.84,2,Low Engagement,36.6,Medium,Standard
CUST200837,15,Two Year,Standard,Digital Wallet,0,60.99,906.03,51.9,5,2,1,Yes,52,3171.48,3,At Risk,58.4,High,Priority Save
CUST200838,60,Month-to-Month,Standard,Bank Transfer,0,55.58,3291.54,50.8,2,3,2,No,18,1000.44,2,Low Engagement,26.6,Medium,Standard
CUST200839,29,Two Year,Premium,Credit Card,0,100.53,2770.55,114.1,2,4,0,No,52,5227.56,1,Champions,18.6,Low,Standard
CUST200840,17,Two Year,Basic,Credit Card,1,29.5,462.36,2.0,1,4,0,No,52,1534.0,0,Loyal Steady,8.4,Low,Standard
CUST200841,8,Month-to-Month,Basic,Bank Transfer,1,38.12,285.34,25.2,3,1,1,Yes,18,686.16,3,At Risk,75.7,Very High,Standard
CUST200842,20,One Year,Standard,Bank Transfer,0,60.14,1142.96,47.8,3,3,2,No,34,2044.76,3,At Risk,30.0,Medium,Standard
CUST200843,16,Month-to-Month,Basic,Bank Transfer,0,22.1,329.07,2.0,1,4,0,Yes,18,397.8,0,Loyal Steady,33.2,Medium,Standard
CUST200844,12,Month-to-Month,Premium,Credit Card,1,98.73,1113.06,108.1,1,3,2,No,18,1777.14,1,Champions,47.8,High,Standard
CUST200845,41,One Year,Basic,Bank Transfer,1,16.99,689.81,20.9,1,4,1,No,34,577.66,0,Loyal Steady,5.3,Low,Standard
CUST200846,7,Month-to-Month,Standard,Mailed Check,1,53.5,349.79,64.6,0,4,1,No,18,963.0,0,Loyal Steady,37.6,Medium,Standard
CUST200847,15,Month-to-Month,Premium,Digital Wallet,0,98.57,1397.69,106.0,1,1,0,No,18,1774.26,1,Champions,81.8,Very High,Standard
CUST200848,18,Month-to-Month,Standard,Credit Card,0,58.46,998.3,61.2,1,4,0,Yes,18,1052.28,0,Loyal Steady,40.3,Medium,Standard
CUST200849,19,Month-to-Month,Basic,Bank Transfer,0,24.58,455.27,13.1,2,4,2,No,18,442.44,0,Loyal Steady,30.8,Medium,Standard
CUST200850,72,Month-to-Month,Standard,Digital Wallet,0,48.92,3264.2,52.2,2,3,0,Yes,18,880.56,2,Low Engagement,28.5,Medium,Standard
CUST200851,12,One Year,Standard,Digital Wallet,1,55.6,631.77,52.9,1,4,0,Yes,34,1890.4,0,Loyal Steady,16.5,Low,Standard
CUST200852,26,Month-to-Month,Basic,Credit Card,1,15.0,385.3,34.7,3,3,0,No,18,270.0,3,At Risk,47.7,High,Standard
CUST200853,12,Month-to-Month,Standard,Bank Transfer,1,61.18,686.37,54.6,1,4,0,No,18,1101.24,0,Loyal Steady,36.6,Medium,Standard
CUST200854,23,Month-to-Month,Premium,Digital Wallet,0,99.01,2218.34,104.0,0,4,0,No,18,1782.18,1,Champions,37.6,Medium,Standard
CUST200855,6,Month-to-Month,Basic,Credit Card,0,16.94,96.08,16.4,1,3,1,Yes,18,304.92,3,At Risk,48.2,High,Standard
CUST200856,22,One Year,Basic,Credit Card,1,25.65,542.14,37.5,1,3,1,No,34,872.1,3,At Risk,13.1,Low,Standard
CUST200857,46,One Year,Basic,Digital Wallet,1,25.19,1076.42,17.9,2,5,1,No,34,856.46,0,Loyal Steady,3.9,Low,Standard
CUST200858,37,Month-to-Month,Standard,Credit Card,1,52.53,1873.22,30.8,0,3,0,Yes,18,945.54,3,At Risk,27.4,Medium,Standard
CUST200859,26,Month-to-Month,Premium,Bank Transfer,1,100.6,2558.58,91.2,0,4,2,Yes,18,1810.8,1,Champions,21.9,Low,Standard
CUST200860,50,One Year,Basic,Bank Transfer,0,24.91,1244.42,25.1,0,5,0,No,34,846.94,0,Loyal Steady,3.0,Low,Standard
CUST200861,43,Two Year,Standard,Credit Card,1,43.23,1813.72,56.2,1,5,0,No,52,2247.96,0,Loyal Steady,4.0,Low,Standard
CUST200862,39,Month-to-Month,Basic,Mailed Check,0,15.0,551.76,2.0,0,5,2,Yes,18,270.0,0,Loyal Steady,11.4,Low,Standard
CUST200863,9,Month-to-Month,Standard,Credit Card,1,64.56,535.19,62.9,0,4,1,Yes,18,1162.08,0,Loyal Steady,28.4,Medium,Standard
CUST200864,72,One Year,Premium,Digital Wallet,1,95.06,6551.73,97.7,0,4,2,No,34,3232.04,1,Champions,2.9,Low,Standard
CUST200865,15,Month-to-Month,Basic,Digital Wallet,1,17.95,261.97,24.0,0,4,3,No,18,323.1,0,Loyal Steady,15.8,Low,Standard
CUST200866,20,One Year,Premium,Credit Card,1,86.55,1649.51,107.3,0,3,1,No,34,2942.7,1,Champions,18.0,Low,Standard
CUST200867,47,Two Year,Standard,Digital Wallet,1,66.08,2983.66,55.9,0,4,2,No,52,3436.16,2,Low Engagement,3.2,Low,Standard
CUST200868,57,Month-to-Month,Basic,Bank Transfer,1,29.47,1647.49,5.1,1,3,2,No,18,530.46,2,Low Engagement,13.3,Low,Standard
CUST200869,21,Month-to-Month,Standard,Credit Card,1,43.66,871.99,33.5,2,5,2,No,18,785.88,0,Loyal Steady,21.3,Low,Standard
CUST200870,27,Month-to-Month,Premium,Bank Transfer,1,90.67,2407.42,107.6,2,3,0,No,18,1632.06,1,Champions,54.2,High,Standard
CUST200871,3,Month-to-Month,Basic,Bank Transfer,0,22.04,65.28,2.0,3,3,2,No,18,396.72,3,At Risk,59.5,High,Standard
CUST200872,54,Two Year,Premium,Digital Wallet,0,98.17,5001.84,112.5,1,3,0,No,52,5104.84,1,Champions,13.5,Low,Standard
CUST200873,36,Month-to-Month,Standard,Mailed Check,1,50.75,1819.57,37.2,3,4,3,No,18,913.5,0,Loyal Steady,32.5,Medium,Standard
CUST200874,14,Month-to-Month,Standard,Credit Card,1,57.56,785.83,42.0,2,3,1,Yes,18,1036.08,3,At Risk,50.7,High,Standard
CUST200875,6,Month-to-Month,Basic,Bank Transfer,0,23.53,131.72,35.7,1,4,2,No,18,423.54,0,Loyal Steady,32.3,Medium,Standard
CUST200876,13,One Year,Basic,Bank Transfer,1,16.52,206.32,13.9,1,4,0,No,34,561.68,0,Loyal Steady,11.8,Low,Standard
CUST200877,15,Two Year,Basic,Credit Card,0,25.88,363.65,4.6,2,2,1,Yes,52,1345.76,3,At Risk,28.7,Medium,Standard
CUST200878,72,Month-to-Month,Standard,Bank Transfer,1,55.5,3776.19,47.6,1,4,2,No,18,999.0,2,Low Engagement,8.3,Low,Standard
CUST200879,30,Month-to-Month,Premium,Credit Card,0,91.28,2702.65,82.2,2,4,0,Yes,18,1643.04,1,Champions,46.3,High,Standard
CUST200880,6,One Year,Standard,Bank Transfer,1,46.06,254.3,60.5,2,3,2,No,34,1566.04,3,At Risk,26.4,Medium,Standard
CUST200881,16,Month-to-Month,Standard,Credit Card,1,51.7,809.01,38.8,2,4,1,Yes,18,930.6,0,Loyal Steady,37.3,Medium,Standard
CUST200882,14,Two Year,Standard,Credit Card,0,43.56,601.62,49.3,0,5,1,No,52,2265.12,0,Loyal Steady,6.9,Low,Standard
CUST200883,60,Month-to-Month,Basic,Bank Transfer,1,17.51,982.78,12.6,1,5,0,No,18,315.18,2,Low Engagement,7.0,Low,Standard
CUST200884,30,Month-to-Month,Premium,Credit Card,1,93.79,2689.03,74.1,1,4,1,No,18,1688.22,1,Champions,28.7,Medium,Standard
CUST200885,42,One Year,Premium,Credit Card,0,88.75,3461.19,81.9,0,2,1,No,34,3017.5,1,Champions,21.1,Low,Standard
CUST200886,16,Month-to-Month,Premium,Digital Wallet,1,94.58,1470.76,115.5,2,3,0,Yes,18,1702.44,1,Champions,62.1,High,Standard
CUST200887,11,Month-to-Month,Standard,Digital Wallet,1,48.21,499.66,52.9,1,3,0,No,18,867.78,3,At Risk,51.3,High,Standard
CUST200888,29,Month-to-Month,Standard,Bank Transfer,0,63.27,1808.42,35.5,0,5,1,No,18,1138.86,0,Loyal Steady,15.7,Low,Standard
CUST200889,63,One Year,Standard,Bank Transfer,0,59.23,3678.35,41.2,1,2,2,No,34,2013.82,2,Low Engagement,11.7,Low,Standard
CUST200890,11,Month-to-Month,Basic,Credit Card,1,25.48,263.89,31.3,3,3,4,No,18,458.64,3,At Risk,40.0,Medium,Standard
CUST200891,41,Month-to-Month,Premium,Digital Wallet,0,93.36,3527.85,102.6,3,3,0,Yes,18,1680.48,1,Champions,60.5,High,Standard
CUST200892,31,Month-to-Month,Premium,Credit Card,1,87.13,2653.47,95.4,2,4,0,No,18,1568.34,1,Champions,39.2,Medium,Standard
CUST200893,30,Month-to-Month,Basic,Credit Card,1,22.71,641.96,17.3,1,4,0,No,18,408.78,0,Loyal Steady,21.1,Low,Standard
CUST200894,59,Month-to-Month,Basic,Credit Card,0,25.8,1454.26,28.3,2,2,0,No,18,464.4,2,Low Engagement,38.6,Medium,Standard
CUST200895,69,One Year,Premium,Credit Card,0,82.11,5636.37,86.7,0,4,3,No,34,2791.74,1,Champions,3.5,Low,Standard
CUST200896,24,Two Year,Basic,Mailed Check,0,29.94,691.08,40.2,1,4,1,No,52,1556.88,0,Loyal Steady,11.2,Low,Standard
CUST200897,28,Month-to-Month,Standard,Mailed Check,1,54.55,1431.64,57.9,0,5,1,Yes,18,981.9,0,Loyal Steady,17.4,Low,Standard
CUST200898,72,Month-to-Month,Standard,Bank Transfer,0,49.46,3351.43,61.7,3,4,1,No,18,890.28,2,Low Engagement,20.8,Low,Standard
CUST200899,25,One Year,Basic,Credit Card,1,26.84,637.39,38.3,2,2,0,Yes,34,912.56,3,At Risk,26.8,Medium,Standard
CUST200900,19,One Year,Standard,Credit Card,1,61.04,1112.38,52.3,2,3,1,No,34,2075.36,3,At Risk,22.7,Low,Standard
CUST200901,48,Month-to-Month,Basic,Digital Wallet,0,23.0,1098.19,29.6,2,4,0,No,18,414.0,2,Low Engagement,24.2,Low,Standard
CUST200902,72,One Year,Basic,Bank Transfer,1,27.42,1966.62,17.3,1,2,1,No,34,932.28,2,Low Engagement,6.3,Low,Standard
CUST200903,35,One Year,Basic,Mailed Check,1,27.99,952.49,55.5,2,4,1,Yes,34,951.66,0,Loyal Steady,11.1,Low,Standard
CUST200904,30,One Year,Basic,Credit Card,0,23.0,653.74,31.1,3,2,0,No,34,782.0,3,At Risk,36.5,Medium,Standard
CUST200905,5,Month-to-Month,Standard,Digital Wallet,0,51.57,245.3,52.7,1,5,1,No,18,928.26,0,Loyal Steady,33.5,Medium,Standard
CUST200906,29,Two Year,Standard,Credit Card,0,59.27,1609.0,74.7,1,3,1,No,52,3082.04,3,At Risk,15.5,Low,Standard
CUST200907,33,Month-to-Month,Basic,Digital Wallet,0,32.05,1033.69,19.1,1,3,1,Yes,18,576.9,3,At Risk,32.1,Medium,Standard
CUST200908,27,Month-to-Month,Premium,Mailed Check,1,94.23,2432.5,102.5,0,5,1,No,18,1696.14,1,Champions,22.1,Low,Standard
CUST200909,22,Month-to-Month,Standard,Digital Wallet,0,50.36,1105.88,53.8,1,1,3,Yes,18,906.48,3,At Risk,63.8,Very High,Standard
CUST200910,3,One Year,Standard,Bank Transfer,1,61.59,183.75,52.5,2,4,0,No,34,2094.06,0,Loyal Steady,23.8,Low,Standard
CUST200911,45,One Year,Basic,Mailed Check,0,21.48,946.2,33.2,2,4,1,Yes,34,730.32,2,Low Engagement,11.3,Low,Standard
CUST200912,68,One Year,Basic,Credit Card,0,22.6,1437.06,23.8,2,3,1,No,34,768.4,2,Low Engagement,7.7,Low,Standard
CUST200913,30,One Year,Basic,Digital Wallet,0,26.01,748.46,2.0,0,4,1,No,34,884.34,0,Loyal Steady,6.9,Low,Standard
CUST200914,39,Month-to-Month,Standard,Credit Card,1,59.76,2252.93,48.3,2,4,1,No,18,1075.68,0,Loyal Steady,24.8,Medium,Standard
CUST200915,24,Month-to-Month,Standard,Bank Transfer,1,53.91,1213.67,37.7,2,2,1,No,18,970.38,3,At Risk,56.8,High,Standard
CUST200916,7,One Year,Standard,Digital Wallet,1,45.64,306.92,51.1,2,3,2,No,34,1551.76,3,At Risk,26.7,Medium,Standard
CUST200917,36,Month-to-Month,Basic,Digital Wallet,0,21.36,728.19,23.7,2,4,0,No,18,384.48,0,Loyal Steady,30.2,Medium,Standard
CUST200918,30,Month-to-Month,Premium,Bank Transfer,0,99.12,2789.05,95.4,0,4,2,No,18,1784.16,1,Champions,25.4,Medium,Standard
CUST200919,8,Two Year,Premium,Digital Wallet,1,99.22,771.09,122.0,1,4,3,No,52,5159.44,1,Champions,12.2,Low,Standard
CUST200920,31,Month-to-Month,Standard,Bank Transfer,1,59.89,1767.24,48.2,2,3,1,No,18,1078.02,3,At Risk,39.9,Medium,Standard
CUST200921,11,Month-to-Month,Premium,Bank Transfer,0,92.65,965.65,101.3,2,4,0,No,18,1667.7,1,Champions,58.6,High,Standard
CUST200922,14,Month-to-Month,Standard,Credit Card,1,53.31,726.35,44.8,3,3,1,Yes,18,959.58,3,At Risk,58.2,High,Standard
CUST200923,29,Month-to-Month,Standard,Bank Transfer,0,59.68,1628.0,56.9,0,3,1,No,18,1074.24,3,At Risk,34.5,Medium,Standard
CUST200924,72,Month-to-Month,Basic,Mailed Check,1,20.93,1401.78,15.8,2,4,1,No,18,376.74,2,Low Engagement,12.7,Low,Standard
CUST200925,52,One Year,Premium,Digital Wallet,1,102.99,5224.93,93.1,2,4,0,No,34,3501.66,1,Champions,10.9,Low,Standard
CUST200926,14,One Year,Basic,Credit Card,0,16.7,224.24,5.1,0,3,1,No,34,567.8,3,At Risk,15.4,Low,Standard
CUST200927,33,Month-to-Month,Standard,Credit Card,1,64.46,1959.38,32.3,1,2,3,No,18,1160.28,3,At Risk,35.3,Medium,Standard
CUST200928,29,Month-to-Month,Basic,Mailed Check,1,17.82,510.68,36.9,0,3,1,No,18,320.76,3,At Risk,29.4,Medium,Standard
CUST200929,45,Month-to-Month,Premium,Credit Card,1,95.43,4128.25,88.4,0,3,3,No,18,1717.74,1,Champions,19.8,Low,Standard
CUST200930,36,Month-to-Month,Premium,Mailed Check,0,92.74,3221.58,126.7,1,2,3,Yes,18,1669.32,1,Champions,57.4,High,Standard
CUST200931,43,Month-to-Month,Standard,Credit Card,0,47.35,2024.23,54.4,0,4,0,No,18,852.3,2,Low Engagement,21.3,Low,Standard
CUST200932,18,Month-to-Month,Basic,Credit Card,0,31.24,533.27,9.0,3,4,4,No,18,562.32,0,Loyal Steady,30.2,Medium,Standard
CUST200933,23,One Year,Standard,Mailed Check,1,57.46,1309.24,46.7,1,4,0,No,34,1953.64,0,Loyal Steady,16.6,Low,Standard
CUST200934,8,Month-to-Month,Premium,Digital Wallet,1,97.91,721.93,134.4,0,3,2,No,18,1762.38,1,Champions,44.9,High,Standard
CUST200935,6,Month-to-Month,Basic,Digital Wallet,1,34.45,202.1,18.1,0,4,2,No,18,620.1,0,Loyal Steady,21.1,Low,Standard
CUST200936,32,One Year,Basic,Mailed Check,0,32.5,1008.76,53.2,2,4,0,No,34,1105.0,0,Loyal Steady,17.4,Low,Standard
CUST200937,25,One Year,Basic,Credit Card,0,29.29,725.93,9.0,5,3,0,Yes,34,995.86,3,At Risk,40.5,Medium,Standard
CUST200938,8,Month-to-Month,Basic,Credit Card,0,27.91,215.56,23.2,4,3,1,No,18,502.38,3,At Risk,67.6,Very High,Standard
CUST200939,12,Month-to-Month,Basic,Credit Card,0,29.71,331.4,7.6,3,1,2,Yes,18,534.78,3,At Risk,76.2,Very High,Standard
CUST200940,9,One Year,Standard,Credit Card,0,56.99,485.27,57.3,0,4,1,No,34,1937.66,0,Loyal Steady,14.8,Low,Standard
CUST200941,16,Two Year,Standard,Credit Card,1,51.82,820.79,62.8,6,3,0,Yes,52,2694.64,3,At Risk,49.4,High,Priority Save
CUST200942,44,Month-to-Month,Basic,Credit Card,0,29.45,1249.29,58.8,0,4,2,No,18,530.1,2,Low Engagement,12.2,Low,Standard
CUST200943,31,Month-to-Month,Basic,Credit Card,1,15.77,468.61,59.4,0,4,3,No,18,283.86,0,Loyal Steady,11.2,Low,Standard
CUST200944,17,Month-to-Month,Standard,Credit Card,0,47.78,754.71,63.9,1,3,1,No,18,860.04,3,At Risk,49.9,High,Standard
CUST200945,8,One Year,Basic,Credit Card,1,25.27,193.61,13.4,2,4,2,No,34,859.18,0,Loyal Steady,12.6,Low,Standard
CUST200946,13,Month-to-Month,Premium,Digital Wallet,0,94.3,1189.0,100.2,1,4,3,Yes,18,1697.4,1,Champions,38.8,Medium,Standard
CUST200947,41,Month-to-Month,Standard,Digital Wallet,1,58.73,2281.3,54.4,0,3,0,No,18,1057.14,2,Low Engagement,26.5,Medium,Standard
CUST200948,7,One Year,Standard,Credit Card,1,51.02,340.67,64.0,2,4,3,Yes,34,1734.68,0,Loyal Steady,15.2,Low,Standard
CUST200949,10,Month-to-Month,Standard,Credit Card,0,55.39,548.5,54.0,1,3,1,Yes,18,997.02,3,At Risk,53.6,High,Standard
CUST200950,16,Month-to-Month,Basic,Bank Transfer,1,22.8,354.89,2.0,3,4,1,Yes,18,410.4,0,Loyal Steady,36.1,Medium,Standard
CUST200951,41,Month-to-Month,Standard,Mailed Check,0,66.16,2652.59,54.0,1,3,3,No,18,1190.88,2,Low Engagement,34.0,Medium,Standard
CUST200952,19,Two Year,Basic,Bank Transfer,1,20.78,380.49,5.7,1,3,3,No,52,1080.56,3,At Risk,8.1,Low,Standard
CUST200953,22,One Year,Standard,Bank Transfer,0,58.92,1219.68,46.3,2,3,0,No,34,2003.28,3,At Risk,29.9,Medium,Standard
CUST200954,45,Month-to-Month,Basic,Credit Card,1,24.73,1034.6,15.4,1,3,0,No,18,445.14,2,Low Engagement,23.1,Low,Standard
CUST200955,15,One Year,Standard,Credit Card,1,63.13,944.05,46.6,2,5,0,No,34,2146.42,0,Loyal Steady,12.2,Low,Standard
CUST200956,20,Month-to-Month,Standard,Bank Transfer,1,54.54,1050.34,53.0,1,3,1,Yes,18,981.72,3,At Risk,40.0,Medium,Standard
CUST200957,16,Month-to-Month,Standard,Bank Transfer,0,51.0,805.49,45.8,1,4,1,No,18,918.0,0,Loyal Steady,37.3,Medium,Standard
CUST200958,15,Two Year,Premium,Digital Wallet,1,89.47,1325.18,93.0,2,5,4,No,52,4652.44,1,Champions,7.3,Low,Standard
CUST200959,9,Month-to-Month,Standard,Digital Wallet,1,46.78,388.09,69.7,3,4,2,Yes,18,842.04,0,Loyal Steady,46.8,High,Standard
CUST200960,12,Two Year,Premium,Bank Transfer,1,81.53,964.81,90.6,4,3,0,No,52,4239.56,1,Champions,44.0,High,Priority Save
CUST200961,43,Two Year,Standard,Credit Card,1,58.92,2465.97,68.0,3,4,0,No,52,3063.84,2,Low Engagement,10.9,Low,Standard
CUST200962,47,One Year,Standard,Digital Wallet,1,43.33,1967.49,66.5,2,2,0,No,34,1473.22,3,At Risk,23.7,Low,Standard
CUST200963,17,Month-to-Month,Basic,Credit Card,0,17.22,286.73,45.5,2,3,2,No,18,309.96,3,At Risk,45.2,High,Standard
CUST200964,26,Month-to-Month,Standard,Bank Transfer,0,53.36,1356.8,83.6,0,4,2,No,18,960.48,0,Loyal Steady,23.3,Low,Standard
CUST200965,9,Month-to-Month,Standard,Bank Transfer,1,46.82,415.58,67.5,2,1,1,Yes,18,842.76,3,At Risk,77.0,Very High,Standard
CUST200966,12,One Year,Standard,Bank Transfer,0,53.8,627.21,52.3,2,3,0,Yes,34,1829.2,3,At Risk,35.9,Medium,Standard
CUST200967,58,Month-to-Month,Standard,Bank Transfer,0,52.21,2860.88,56.6,1,4,1,No,18,939.78,2,Low Engagement,17.1,Low,Standard
CUST200968,4,One Year,Basic,Digital Wallet,1,15.0,56.52,10.3,1,4,2,No,34,510.0,0,Loyal Steady,11.2,Low,Standard
CUST200969,15,Month-to-Month,Standard,Credit Card,1,59.04,856.41,50.5,2,4,0,No,18,1062.72,0,Loyal Steady,41.9,Medium,Standard
CUST200970,27,Two Year,Basic,Mailed Check,1,24.48,629.08,40.5,1,3,3,No,52,1272.96,3,At Risk,9.5,Low,Standard
CUST200971,5,Two Year,Premium,Bank Transfer,1,93.72,462.17,119.8,3,5,4,No,52,4873.44,1,Champions,11.7,Low,Standard
CUST200972,19,One Year,Standard,Digital Wallet,1,42.16,742.47,69.2,2,3,0,Yes,34,1433.44,3,At Risk,27.8,Medium,Standard
CUST200973,15,Month-to-Month,Basic,Digital Wallet,1,24.53,340.0,25.2,1,3,1,No,18,441.54,3,At Risk,36.5,Medium,Standard
CUST200974,23,Month-to-Month,Standard,Digital Wallet,0,53.42,1223.38,66.2,2,4,0,Yes,18,961.56,0,Loyal Steady,45.7,High,Standard
CUST200975,37,Month-to-Month,Standard,Credit Card,1,60.41,2149.3,37.6,0,2,1,No,18,1087.38,3,At Risk,34.3,Medium,Standard
CUST200976,37,Month-to-Month,Basic,Digital Wallet,0,28.77,1044.69,55.8,1,5,1,No,18,517.86,0,Loyal Steady,14.1,Low,Standard
CUST200977,19,One Year,Premium,Credit Card,0,104.55,1913.6,91.3,2,3,1,No,34,3554.7,1,Champions,33.6,Medium,Standard
CUST200978,42,Month-to-Month,Premium,Credit Card,0,87.65,3618.32,92.8,2,2,1,No,18,1577.7,1,Champions,60.0,High,Standard
CUST200979,40,One Year,Standard,Credit Card,0,62.61,2430.23,44.6,1,4,2,No,34,2128.74,0,Loyal Steady,8.0,Low,Standard
CUST200980,31,Month-to-Month,Standard,Credit Card,0,62.42,1818.86,41.5,1,2,2,No,18,1123.56,3,At Risk,47.9,High,Standard
CUST200981,17,Month-to-Month,Standard,Digital Wallet,0,50.79,795.61,77.7,3,2,1,Yes,18,914.22,3,At Risk,75.6,Very High,Standard
CUST200982,35,Two Year,Basic,Digital Wallet,1,23.58,788.38,46.7,1,4,0,No,52,1226.16,0,Loyal Steady,6.0,Low,Standard
CUST200983,24,Two Year,Premium,Digital Wallet,0,92.25,2064.01,84.8,3,4,1,No,52,4797.0,1,Champions,23.1,Low,Standard
CUST200984,10,Month-to-Month,Basic,Credit Card,1,23.98,224.11,33.9,0,4,1,No,18,431.64,0,Loyal Steady,22.3,Low,Standard
CUST200985,22,One Year,Basic,Bank Transfer,0,25.75,562.56,48.9,2,3,0,No,34,875.5,3,At Risk,24.3,Low,Standard
CUST200986,36,One Year,Standard,Digital Wallet,1,58.36,2032.49,24.0,1,3,0,No,34,1984.24,3,At Risk,14.6,Low,Standard
CUST200987,19,Month-to-Month,Premium,Mailed Check,1,94.11,1664.09,63.2,2,4,1,Yes,18,1693.98,1,Champions,49.6,High,Standard
CUST200988,57,One Year,Standard,Bank Transfer,1,45.48,2411.77,65.3,0,3,2,No,34,1546.32,2,Low Engagement,5.2,Low,Standard
CUST200989,26,Month-to-Month,Basic,Bank Transfer,0,28.34,690.64,24.8,1,4,4,No,18,510.12,0,Loyal Steady,16.7,Low,Standard
CUST200990,29,Month-to-Month,Standard,Bank Transfer,1,52.32,1414.36,75.1,0,3,0,No,18,941.76,3,At Risk,32.6,Medium,Standard
CUST200991,37,Two Year,Premium,Digital Wallet,0,96.9,3324.35,116.4,0,5,0,No,52,5038.8,1,Champions,6.2,Low,Standard
CUST200992,24,One Year,Standard,Digital Wallet,0,59.57,1416.47,40.5,1,4,0,No,34,2025.38,0,Loyal Steady,16.0,Low,Standard
CUST200993,12,Month-to-Month,Basic,Mailed Check,0,15.69,184.93,23.6,2,2,4,No,18,282.42,3,At Risk,60.3,High,Standard
CUST200994,17,One Year,Standard,Mailed Check,0,45.55,736.64,58.6,0,4,1,No,34,1548.7,0,Loyal Steady,16.9,Low,Standard
CUST200995,29,Month-to-Month,Standard,Credit Card,0,54.44,1491.4,40.8,2,2,3,Yes,18,979.92,3,At Risk,52.7,High,Standard
CUST200996,31,Two Year,Standard,Digital Wallet,1,53.67,1578.13,67.9,2,3,1,No,52,2790.84,3,At Risk,15.5,Low,Standard
CUST200997,36,One Year,Premium,Bank Transfer,0,97.38,3271.9,105.9,0,4,1,No,34,3310.92,1,Champions,10.2,Low,Standard
CUST200998,14,One Year,Standard,Mailed Check,0,48.06,652.46,56.3,1,4,2,No,34,1634.04,0,Loyal Steady,19.8,Low,Standard
CUST200999,34,Month-to-Month,Premium,Bank Transfer,0,99.75,3279.42,98.6,1,4,1,No,18,1795.5,1,Champions,32.8,Medium,Standard
CUST201000,22,Month-to-Month,Premium,Credit Card,1,97.46,2007.53,82.3,1,4,3,No,18,1754.28,1,Champions,26.1,Medium,Standard
CUST201001,42,Month-to-Month,Standard,Bank Transfer,1,45.63,1810.51,74.1,1,4,1,No,18,821.34,0,Loyal Steady,19.4,Low,Standard
CUST201002,65,Month-to-Month,Standard,Credit Card,0,69.07,4351.41,76.8,3,3,1,Yes,18,1243.26,2,Low Engagement,33.7,Medium,Standard
CUST201003,43,One Year,Premium,Credit Card,1,93.6,3973.4,120.4,0,4,2,No,34,3182.4,1,Champions,5.9,Low,Standard
CUST201004,26,Month-to-Month,Standard,Mailed Check,1,58.09,1478.86,56.9,0,4,0,Yes,18,1045.62,0,Loyal Steady,30.1,Medium,Standard
CUST201005,31,Month-to-Month,Premium,Mailed Check,0,100.64,3068.7,86.2,2,4,1,Yes,18,1811.52,1,Champions,49.5,High,Standard
CUST201006,47,Month-to-Month,Standard,Digital Wallet,0,53.5,2325.81,62.2,1,4,1,No,18,963.0,2,Low Engagement,22.3,Low,Standard
CUST201007,9,Month-to-Month,Basic,Bank Transfer,1,18.34,161.65,32.3,0,4,1,No,18,330.12,0,Loyal Steady,22.8,Low,Standard
CUST201008,6,Two Year,Standard,Credit Card,0,54.55,314.85,59.9,1,4,3,No,52,2836.6,0,Loyal Steady,12.4,Low,Standard
CUST201009,50,Month-to-Month,Basic,Credit Card,1,19.11,937.47,2.0,4,3,1,No,18,343.98,2,Low Engagement,34.8,Medium,Standard
CUST201010,10,One Year,Premium,Credit Card,1,92.18,865.93,102.5,2,3,1,No,34,3134.12,1,Champions,33.2,Medium,Standard
CUST201011,53,Month-to-Month,Standard,Bank Transfer,1,56.66,2795.64,62.8,0,4,1,No,18,1019.88,2,Low Engagement,11.6,Low,Standard
CUST201012,15,Two Year,Basic,Bank Transfer,0,21.13,299.68,42.5,1,5,2,No,52,1098.76,0,Loyal Steady,5.6,Low,Standard
CUST201013,33,Month-to-Month,Basic,Digital Wallet,0,28.97,884.79,2.0,0,3,0,No,18,521.46,3,At Risk,29.2,Medium,Standard
CUST201014,17,Month-to-Month,Basic,Digital Wallet,0,28.34,458.87,44.8,1,3,2,No,18,510.12,3,At Risk,38.5,Medium,Standard
CUST201015,36,One Year,Basic,Bank Transfer,1,28.61,1018.96,5.9,2,4,1,No,34,972.74,0,Loyal Steady,7.5,Low,Standard
CUST201016,19,Two Year,Basic,Digital Wallet,1,33.29,612.03,30.7,1,2,0,No,52,1731.08,3,At Risk,20.3,Low,Standard
CUST201017,38,Month-to-Month,Basic,Credit Card,0,34.55,1290.34,29.7,2,4,1,No,18,621.9,0,Loyal Steady,24.6,Medium,Standard
CUST201018,12,Month-to-Month,Standard,Credit Card,1,56.89,630.97,66.8,1,3,1,No,18,1024.02,3,At Risk,45.5,High,Standard
CUST201019,41,Month-to-Month,Basic,Credit Card,1,24.86,964.41,25.1,2,3,1,No,18,447.48,2,Low Engagement,27.6,Medium,Standard
CUST201020,7,Month-to-Month,Standard,Digital Wallet,1,59.31,405.0,61.0,2,4,1,Yes,18,1067.58,0,Loyal Steady,44.1,High,Standard
CUST201021,46,Two Year,Basic,Credit Card,1,30.98,1330.11,30.0,2,3,1,No,52,1610.96,2,Low Engagement,7.8,Low,Standard
CUST201022,58,Two Year,Premium,Digital Wallet,1,85.56,4767.94,118.3,2,4,1,No,52,4449.12,1,Champions,7.0,Low,Standard
CUST201023,72,Month-to-Month,Standard,Digital Wallet,1,59.81,4152.29,39.3,1,4,2,No,18,1076.58,2,Low Engagement,8.5,Low,Standard
CUST201024,11,Month-to-Month,Basic,Digital Wallet,0,25.68,280.97,17.7,0,2,3,No,18,462.24,3,At Risk,42.6,Medium,Standard
CUST201025,24,One Year,Standard,Bank Transfer,1,58.3,1360.92,49.1,0,5,1,No,34,1982.2,0,Loyal Steady,5.0,Low,Standard
CUST201026,62,One Year,Premium,Bank Transfer,0,108.08,6687.89,109.5,3,3,1,No,34,3674.72,1,Champions,18.6,Low,Standard
CUST201027,60,Month-to-Month,Basic,Bank Transfer,1,39.69,2338.29,25.4,0,4,1,No,18,714.42,2,Low Engagement,7.1,Low,Standard
CUST201028,32,One Year,Basic,Digital Wallet,0,17.04,524.18,5.7,0,3,0,No,34,579.36,3,At Risk,12.4,Low,Standard
CUST201029,42,Two Year,Basic,Digital Wallet,1,29.75,1228.86,2.0,2,2,0,No,52,1547.0,3,At Risk,15.6,Low,Standard
CUST201030,32,Month-to-Month,Premium,Bank Transfer,1,101.14,2994.14,83.7,1,3,0,No,18,1820.52,1,Champions,42.5,Medium,Standard
CUST201031,33,Month-to-Month,Standard,Digital Wallet,0,49.55,1526.51,13.3,3,4,0,No,18,891.9,0,Loyal Steady,45.3,High,Standard
CUST201032,18,Two Year,Premium,Bank Transfer,1,96.7,1627.25,93.1,0,3,0,No,52,5028.4,1,Champions,16.9,Low,Standard
CUST201033,14,Month-to-Month,Premium,Digital Wallet,0,102.29,1369.16,93.0,1,4,0,Yes,18,1841.22,1,Champions,49.9,High,Standard
CUST201034,45,Month-to-Month,Basic,Digital Wallet,0,26.63,1186.74,26.0,4,4,1,Yes,18,479.34,2,Low Engagement,34.0,Medium,Standard
CUST201035,12,Month-to-Month,Premium,Mailed Check,0,100.81,1114.63,116.9,3,1,2,Yes,18,1814.58,1,Champions,89.4,Very High,Standard
CUST201036,18,One Year,Premium,Bank Transfer,1,87.4,1519.12,84.1,3,1,3,No,34,2971.6,1,Champions,51.1,High,Priority Save
CUST201037,31,Month-to-Month,Basic,Mailed Check,1,27.17,789.77,20.6,1,4,1,No,18,489.06,0,Loyal Steady,23.5,Low,Standard
CUST201038,41,Month-to-Month,Standard,Mailed Check,1,50.67,1949.59,64.7,0,4,1,No,18,912.06,0,Loyal Steady,20.3,Low,Standard
CUST201039,17,One Year,Standard,Credit Card,0,64.46,1051.82,43.3,3,2,2,Yes,34,2191.64,3,At Risk,43.2,Medium,Standard
CUST201040,48,One Year,Basic,Credit Card,1,15.4,725.55,17.2,5,4,1,No,34,523.6,2,Low Engagement,13.1,Low,Standard
CUST201041,72,One Year,Basic,Digital Wallet,0,21.69,1459.65,21.9,2,3,1,No,34,737.46,2,Low Engagement,7.2,Low,Standard
CUST201042,18,Month-to-Month,Premium,Bank Transfer,0,89.3,1587.69,101.4,0,3,0,Yes,18,1607.4,1,Champions,52.4,High,Standard
CUST201043,72,Two Year,Standard,Digital Wallet,0,46.66,3337.58,86.2,1,2,0,No,52,2426.32,2,Low Engagement,11.6,Low,Standard
CUST201044,41,Month-to-Month,Standard,Credit Card,1,65.23,2501.6,56.2,0,3,1,No,18,1174.14,2,Low Engagement,22.4,Low,Standard
CUST201045,54,Month-to-Month,Standard,Credit Card,1,60.63,3102.0,48.9,0,3,0,Yes,18,1091.34,2,Low Engagement,19.7,Low,Standard
CUST201046,39,Month-to-Month,Basic,Credit Card,0,24.86,936.46,23.1,1,2,0,Yes,18,447.48,3,At Risk,43.8,High,Standard
CUST201047,70,Month-to-Month,Basic,Credit Card,1,21.79,1508.52,25.6,1,3,2,No,18,392.22,2,Low Engagement,10.4,Low,Standard
CUST201048,6,Month-to-Month,Basic,Credit Card,1,22.72,127.7,7.8,5,3,3,Yes,18,408.96,3,At Risk,61.0,High,Standard
CUST201049,9,Month-to-Month,Standard,Credit Card,0,50.37,449.05,73.7,1,3,1,Yes,18,906.66,3,At Risk,55.1,High,Standard
CUST201050,19,Two Year,Standard,Credit Card,1,58.85,1044.22,66.0,2,3,1,No,52,3060.2,3,At Risk,19.1,Low,Standard
CUST201051,60,Month-to-Month,Standard,Credit Card,1,58.17,3312.16,69.8,2,2,1,No,18,1047.06,2,Low Engagement,35.3,Medium,Standard
CUST201052,14,Month-to-Month,Basic,Bank Transfer,1,31.41,408.3,18.8,2,2,3,No,18,565.38,3,At Risk,46.6,High,Standard
CUST201053,62,Two Year,Standard,Bank Transfer,1,57.01,3464.45,57.7,3,3,0,No,52,2964.52,2,Low Engagement,11.0,Low,Standard
CUST201054,19,Month-to-Month,Basic,Credit Card,1,26.36,488.53,26.5,3,4,0,No,18,474.48,0,Loyal Steady,38.9,Medium,Standard
CUST201055,56,Month-to-Month,Standard,Bank Transfer,1,45.79,2514.16,46.5,0,3,1,No,18,824.22,2,Low Engagement,16.8,Low,Standard
CUST201056,35,One Year,Basic,Credit Card,1,31.54,1098.48,35.4,1,3,0,No,34,1072.36,3,At Risk,11.2,Low,Standard
CUST201057,34,Month-to-Month,Standard,Mailed Check,0,58.36,1918.83,44.1,2,4,0,Yes,18,1050.48,0,Loyal Steady,45.2,High,Standard
CUST201058,72,Month-to-Month,Premium,Credit Card,1,99.94,6652.81,121.5,2,2,0,No,18,1798.92,1,Champions,38.4,Medium,Standard
CUST201059,37,One Year,Standard,Digital Wallet,1,66.58,2275.34,66.5,0,3,0,No,34,2263.72,3,At Risk,11.4,Low,Standard
CUST201060,39,Month-to-Month,Standard,Credit Card,1,52.27,1907.79,60.4,5,3,1,Yes,18,940.86,3,At Risk,57.4,High,Standard
CUST201061,27,Month-to-Month,Premium,Mailed Check,0,80.31,2120.05,125.3,1,3,0,Yes,18,1445.58,1,Champions,63.5,Very High,Standard
CUST201062,24,Month-to-Month,Premium,Credit Card,1,94.44,2225.52,75.0,1,4,2,No,18,1699.92,1,Champions,28.4,Medium,Standard
CUST201063,62,One Year,Standard,Credit Card,0,62.03,3594.02,47.8,2,4,2,No,34,2109.02,2,Low Engagement,6.2,Low,Standard
CUST201064,59,One Year,Standard,Credit Card,1,57.79,3351.71,75.2,2,4,1,No,34,1964.86,2,Low Engagement,6.2,Low,Standard
CUST201065,19,Month-to-Month,Basic,Credit Card,1,28.49,534.3,6.2,2,3,2,No,18,512.82,3,At Risk,35.4,Medium,Standard
CUST201066,41,Month-to-Month,Basic,Mailed Check,1,22.35,907.29,43.3,0,3,1,No,18,402.3,2,Low Engagement,23.4,Low,Standard
CUST201067,17,Two Year,Standard,Mailed Check,1,58.01,915.27,66.0,0,3,2,No,52,3016.52,3,At Risk,14.1,Low,Standard
CUST201068,11,Month-to-Month,Basic,Credit Card,1,24.21,263.64,52.8,1,3,1,No,18,435.78,3,At Risk,38.7,Medium,Standard
CUST201069,65,One Year,Premium,Credit Card,0,107.25,6849.93,110.9,2,4,1,No,34,3646.5,1,Champions,8.8,Low,Standard
CUST201070,25,Month-to-Month,Standard,Digital Wallet,0,56.58,1318.57,54.5,1,3,2,No,18,1018.44,3,At Risk,41.0,Medium,Standard
CUST201071,72,Two Year,Basic,Mailed Check,1,15.0,994.42,45.2,3,5,4,No,52,780.0,2,Low Engagement,1.9,Low,Standard
CUST201072,36,One Year,Premium,Mailed Check,1,86.75,3074.62,79.1,0,2,3,No,34,2949.5,1,Champions,19.0,Low,Standard
CUST201073,22,Month-to-Month,Basic,Digital Wallet,0,21.99,475.57,20.9,2,3,3,No,18,395.82,3,At Risk,38.1,Medium,Standard
CUST201074,48,Month-to-Month,Premium,Bank Transfer,0,95.77,4446.76,112.2,2,3,3,Yes,18,1723.86,1,Champions,35.7,Medium,Standard
CUST201075,16,One Year,Standard,Credit Card,0,63.83,953.89,56.1,1,3,1,No,34,2170.22,3,At Risk,24.0,Low,Standard
CUST201076,11,One Year,Basic,Bank Transfer,1,31.47,338.91,2.0,1,3,1,Yes,34,1069.98,3,At Risk,15.8,Low,Standard
CUST201077,72,One Year,Standard,Credit Card,1,50.82,3616.36,74.8,0,3,1,No,34,1727.88,2,Low Engagement,4.3,Low,Standard
CUST201078,43,One Year,Standard,Digital Wallet,0,56.02,2355.14,51.6,2,2,2,No,34,1904.68,3,At Risk,23.9,Low,Standard
CUST201079,19,Month-to-Month,Basic,Digital Wallet,1,27.42,508.37,31.7,0,3,3,No,18,493.56,3,At Risk,21.8,Low,Standard
CUST201080,24,Month-to-Month,Standard,Bank Transfer,1,43.71,1032.95,81.9,0,5,1,No,18,786.78,0,Loyal Steady,14.9,Low,Standard
CUST201081,7,One Year,Basic,Digital Wallet,0,40.86,280.87,30.0,0,4,0,No,34,1389.24,0,Loyal Steady,13.6,Low,Standard
CUST201082,61,Month-to-Month,Standard,Digital Wallet,0,50.63,2879.09,75.2,6,2,3,No,18,911.34,2,Low Engagement,63.4,Very High,Standard
CUST201083,10,Two Year,Premium,Credit Card,1,101.18,1005.54,99.2,0,5,2,No,52,5261.36,1,Champions,6.2,Low,Standard
CUST201084,24,Month-to-Month,Standard,Bank Transfer,1,58.89,1306.93,33.8,2,3,1,No,18,1060.02,3,At Risk,43.9,High,Standard
CUST201085,6,Month-to-Month,Standard,Digital Wallet,0,42.74,252.51,70.9,1,4,3,No,18,769.32,0,Loyal Steady,37.7,Medium,Standard
CUST201086,49,Two Year,Premium,Bank Transfer,0,104.45,5042.55,101.1,1,4,2,No,52,5431.4,1,Champions,6.6,Low,Standard
CUST201087,41,Month-to-Month,Basic,Digital Wallet,1,33.75,1360.26,41.9,3,2,2,No,18,607.5,3,At Risk,42.6,Medium,Standard
CUST201088,13,Month-to-Month,Premium,Mailed Check,1,95.51,1238.82,92.4,1,2,3,Yes,18,1719.18,1,Champions,63.4,Very High,Standard
CUST201089,19,One Year,Standard,Mailed Check,1,67.77,1287.06,48.2,1,2,1,No,34,2304.18,3,At Risk,33.3,Medium,Standard
CUST201090,8,Two Year,Premium,Bank Transfer,1,98.47,754.76,108.9,1,4,0,No,52,5120.44,1,Champions,17.8,Low,Standard
CUST201091,10,Month-to-Month,Standard,Bank Transfer,1,60.23,573.14,18.0,0,5,2,No,18,1084.14,0,Loyal Steady,15.8,Low,Standard
CUST201092,15,Two Year,Standard,Bank Transfer,1,62.89,904.92,88.1,3,4,2,No,52,3270.28,1,Champions,15.3,Low,Standard
CUST201093,20,One Year,Premium,Digital Wallet,0,83.98,1652.48,76.7,1,3,0,No,34,2855.32,1,Champions,31.8,Medium,Standard
CUST201094,20,Month-to-Month,Standard,Mailed Check,0,61.94,1226.21,65.2,0,3,1,Yes,18,1114.92,3,At Risk,48.4,High,Standard
CUST201095,28,Month-to-Month,Basic,Digital Wallet,0,26.85,733.44,33.9,2,4,2,Yes,18,483.3,0,Loyal Steady,27.5,Medium,Standard
CUST201096,29,Two Year,Basic,Digital Wallet,1,27.14,761.26,34.5,1,4,1,No,52,1411.28,0,Loyal Steady,5.8,Low,Standard
CUST201097,29,Two Year,Basic,Mailed Check,0,15.87,458.1,61.1,1,3,2,No,52,825.24,3,At Risk,14.2,Low,Standard
CUST201098,19,Month-to-Month,Standard,Bank Transfer,1,62.63,1139.43,48.2,1,3,1,Yes,18,1127.34,3,At Risk,40.1,Medium,Standard
CUST201099,27,Month-to-Month,Standard,Digital Wallet,1,58.09,1444.69,71.6,2,4,0,No,18,1045.62,0,Loyal Steady,36.2,Medium,Standard
CUST201100,25,Two Year,Premium,Bank Transfer,1,91.09,2095.58,100.8,1,4,2,No,52,4736.68,1,Champions,9.2,Low,Standard
CUST201101,10,Month-to-Month,Standard,Bank Transfer,1,55.32,542.85,62.7,0,5,1,No,18,995.76,0,Loyal Steady,19.2,Low,Standard
CUST201102,27,Month-to-Month,Standard,Bank Transfer,1,63.59,1604.14,77.1,1,2,0,No,18,1144.62,3,At Risk,52.4,High,Standard
CUST201103,38,Month-to-Month,Premium,Credit Card,1,100.23,3690.87,92.1,3,3,0,Yes,18,1804.14,1,Champions,53.6,High,Standard
CUST201104,35,One Year,Premium,Credit Card,1,91.67,3176.69,87.2,2,5,2,No,34,3116.78,1,Champions,7.4,Low,Standard
CUST201105,72,Month-to-Month,Basic,Mailed Check,0,23.15,1567.1,14.9,3,2,0,Yes,18,416.7,2,Low Engagement,45.6,High,Standard
CUST201106,51,Month-to-Month,Premium,Credit Card,1,110.25,5603.57,92.7,0,3,2,No,18,1984.5,1,Champions,19.5,Low,Standard
CUST201107,14,Month-to-Month,Standard,Credit Card,1,46.41,636.11,33.9,2,4,1,No,18,835.38,0,Loyal Steady,38.7,Medium,Standard
CUST201108,30,Month-to-Month,Standard,Digital Wallet,1,55.91,1648.48,33.1,1,4,2,No,18,1006.38,0,Loyal Steady,21.3,Low,Standard
CUST201109,13,Month-to-Month,Standard,Bank Transfer,0,60.39,774.22,59.0,0,4,0,No,18,1087.02,0,Loyal Steady,36.1,Medium,Standard
CUST201110,27,Month-to-Month,Standard,Bank Transfer,0,63.09,1587.72,64.3,0,3,4,No,18,1135.62,3,At Risk,25.1,Medium,Standard
CUST201111,35,Month-to-Month,Basic,Credit Card,1,19.12,624.65,26.1,0,5,1,Yes,18,344.16,0,Loyal Steady,8.4,Low,Standard
CUST201112,37,Month-to-Month,Standard,Credit Card,1,62.74,2230.51,52.0,1,3,0,Yes,18,1129.32,3,At Risk,33.6,Medium,Standard
CUST201113,33,Month-to-Month,Standard,Credit Card,1,57.52,1780.81,38.1,2,1,1,Yes,18,1035.36,3,At Risk,63.3,Very High,Standard
CUST201114,55,One Year,Premium,Credit Card,1,95.35,5084.08,99.0,2,4,0,No,34,3241.9,1,Champions,10.0,Low,Standard
CUST201115,23,Month-to-Month,Basic,Credit Card,0,37.4,839.47,25.4,0,3,1,Yes,18,673.2,3,At Risk,30.4,Medium,Standard
CUST201116,21,Month-to-Month,Premium,Bank Transfer,0,105.93,2076.44,120.0,0,3,0,No,18,1906.74,1,Champions,50.1,High,Standard
CUST201117,63,One Year,Standard,Bank Transfer,1,60.3,3499.14,65.7,0,5,1,No,34,2050.2,2,Low Engagement,1.9,Low,Standard
CUST201118,9,One Year,Premium,Digital Wallet,1,98.92,856.43,82.3,0,4,0,No,34,3363.28,1,Champions,16.9,Low,Standard
CUST201119,44,Month-to-Month,Premium,Digital Wallet,1,89.05,3675.43,80.2,1,2,0,No,18,1602.9,1,Champions,49.1,High,Standard
CUST201120,69,Month-to-Month,Standard,Bank Transfer,1,50.29,3426.63,54.6,0,4,0,No,18,905.22,2,Low Engagement,9.4,Low,Standard
CUST201121,52,One Year,Premium,Credit Card,1,91.16,4441.24,112.8,1,3,1,No,34,3099.44,1,Champions,11.5,Low,Standard
CUST201122,28,One Year,Standard,Mailed Check,1,64.17,1690.63,38.0,3,4,0,No,34,2181.78,0,Loyal Steady,23.4,Low,Standard
CUST201123,61,Two Year,Standard,Credit Card,1,45.39,2563.64,66.8,3,5,2,No,52,2360.28,2,Low Engagement,3.3,Low,Standard
CUST201124,38,One Year,Standard,Digital Wallet,1,56.2,2100.0,34.0,1,2,1,Yes,34,1910.8,3,At Risk,18.8,Low,Standard
CUST201125,13,One Year,Standard,Credit Card,0,44.93,566.42,29.1,1,2,1,No,34,1527.62,3,At Risk,36.3,Medium,Standard
CUST201126,24,Month-to-Month,Premium,Bank Transfer,1,90.37,2082.57,89.1,2,4,1,Yes,18,1626.66,1,Champions,39.0,Medium,Standard
CUST201127,5,Month-to-Month,Basic,Mailed Check,1,15.0,70.48,9.6,1,2,1,Yes,18,270.0,3,At Risk,62.3,High,Standard
CUST201128,18,Month-to-Month,Premium,Credit Card,1,89.48,1565.58,72.7,1,4,0,No,18,1610.64,1,Champions,39.4,Medium,Standard
CUST201129,6,One Year,Basic,Digital Wallet,1,33.33,193.16,32.9,0,5,0,No,34,1133.22,0,Loyal Steady,6.9,Low,Standard
CUST201130,11,One Year,Standard,Credit Card,0,57.86,620.98,24.8,4,4,0,No,34,1967.24,0,Loyal Steady,37.5,Medium,Standard
CUST201131,43,Month-to-Month,Basic,Digital Wallet,0,29.77,1205.78,18.1,1,5,3,No,18,535.86,0,Loyal Steady,8.8,Low,Standard
CUST201132,72,Month-to-Month,Standard,Bank Transfer,0,54.5,3880.96,61.1,1,4,0,No,18,981.0,2,Low Engagement,14.6,Low,Standard
CUST201133,72,Month-to-Month,Premium,Bank Transfer,1,92.57,6550.94,111.8,2,5,0,No,18,1666.26,1,Champions,12.1,Low,Standard
CUST201134,4,One Year,Premium,Bank Transfer,1,96.33,356.02,90.9,1,3,0,No,34,3275.22,1,Champions,33.2,Medium,Standard
CUST201135,37,Month-to-Month,Standard,Mailed Check,0,60.39,2111.09,38.0,1,5,1,Yes,18,1087.02,0,Loyal Steady,22.4,Low,Standard
CUST201136,36,Month-to-Month,Premium,Bank Transfer,0,87.46,3101.99,102.4,5,3,1,Yes,18,1574.28,1,Champions,71.8,Very High,Standard
CUST201137,23,Month-to-Month,Standard,Bank Transfer,1,59.72,1311.55,38.9,5,4,2,No,18,1074.96,0,Loyal Steady,49.7,High,Standard
CUST201138,13,Month-to-Month,Basic,Bank Transfer,1,25.24,310.61,57.6,3,5,0,No,18,454.32,0,Loyal Steady,31.6,Medium,Standard
CUST201139,7,One Year,Basic,Bank Transfer,1,33.62,225.33,18.2,2,3,0,No,34,1143.08,3,At Risk,25.0,Medium,Standard
CUST201140,15,One Year,Standard,Credit Card,1,56.38,803.37,71.4,1,3,0,No,34,1916.92,3,At Risk,22.9,Low,Standard
CUST201141,22,Month-to-Month,Standard,Credit Card,1,54.95,1203.09,86.5,0,5,2,No,18,989.1,0,Loyal Steady,13.3,Low,Standard
CUST201142,24,Two Year,Basic,Digital Wallet,1,24.59,574.8,37.4,1,4,0,No,52,1278.68,0,Loyal Steady,7.7,Low,Standard
CUST201143,23,Two Year,Premium,Bank Transfer,0,88.74,1917.77,115.1,2,5,0,Yes,52,4614.48,1,Champions,14.1,Low,Standard
CUST201144,25,Month-to-Month,Standard,Bank Transfer,1,58.13,1425.72,42.5,3,5,1,No,18,1046.34,0,Loyal Steady,27.4,Medium,Standard
CUST201145,12,Month-to-Month,Premium,Digital Wallet,0,88.66,1001.62,109.9,3,3,1,Yes,18,1595.88,1,Champions,73.4,Very High,Standard
CUST201146,57,Month-to-Month,Standard,Mailed Check,0,58.21,3267.66,58.5,2,3,2,Yes,18,1047.78,2,Low Engagement,35.7,Medium,Standard
CUST201147,27,Month-to-Month,Standard,Credit Card,1,59.42,1516.9,73.7,1,3,0,No,18,1069.56,3,At Risk,40.3,Medium,Standard
CUST201148,22,One Year,Standard,Digital Wallet,1,55.58,1142.43,35.9,1,3,1,No,34,1889.72,3,At Risk,17.4,Low,Standard
CUST201149,10,One Year,Premium,Digital Wallet,1,102.17,1016.7,87.5,2,3,0,No,34,3473.78,1,Champions,37.0,Medium,Standard
CUST201150,15,Month-to-Month,Standard,Credit Card,1,54.29,782.53,61.9,2,3,2,Yes,18,977.22,3,At Risk,46.6,High,Standard
CUST201151,31,Two Year,Basic,Credit Card,1,24.13,694.27,38.0,1,5,2,No,52,1254.76,0,Loyal Steady,2.8,Low,Standard
CUST201152,72,One Year,Standard,Mailed Check,1,45.42,3170.61,38.7,0,3,0,No,34,1544.28,2,Low Engagement,6.7,Low,Standard
CUST201153,30,Month-to-Month,Standard,Credit Card,1,52.7,1457.79,40.2,4,5,0,Yes,18,948.6,0,Loyal Steady,34.8,Medium,Standard
CUST201154,17,One Year,Premium,Credit Card,1,96.21,1598.92,86.4,0,4,2,No,34,3271.14,1,Champions,10.4,Low,Standard
CUST201155,17,One Year,Basic,Credit Card,1,37.57,594.31,34.0,2,3,0,No,34,1277.38,3,At Risk,20.8,Low,Standard
CUST201156,17,One Year,Standard,Credit Card,1,46.07,736.62,47.4,1,3,1,No,34,1566.38,3,At Risk,19.2,Low,Standard
CUST201157,36,Two Year,Basic,Credit Card,1,29.13,984.36,23.2,0,3,3,No,52,1514.76,3,At Risk,4.2,Low,Standard
CUST201158,58,Two Year,Standard,Bank Transfer,1,52.33,2912.75,86.7,1,3,0,No,52,2721.16,2,Low Engagement,7.4,Low,Standard
CUST201159,26,Month-to-Month,Standard,Bank Transfer,1,57.97,1421.77,71.0,1,1,0,No,18,1043.46,3,At Risk,65.3,Very High,Standard
CUST201160,44,Month-to-Month,Basic,Digital Wallet,0,37.03,1512.44,19.2,1,4,0,No,18,666.54,2,Low Engagement,20.2,Low,Standard
CUST201161,32,Month-to-Month,Premium,Digital Wallet,1,91.44,2827.87,65.7,0,4,1,No,18,1645.92,1,Champions,22.8,Low,Standard
CUST201162,22,Month-to-Month,Standard,Digital Wallet,0,63.75,1395.2,95.2,3,3,3,No,18,1147.5,1,Champions,54.0,High,Standard
CUST201163,25,Month-to-Month,Standard,Mailed Check,1,45.61,1134.27,39.0,2,2,0,Yes,18,820.98,3,At Risk,68.5,Very High,Standard
CUST201164,64,Month-to-Month,Basic,Bank Transfer,0,22.31,1372.9,17.1,0,3,1,No,18,401.58,2,Low Engagement,13.5,Low,Standard
CUST201165,67,One Year,Basic,Digital Wallet,1,26.91,1758.2,18.7,0,3,2,No,34,914.94,2,Low Engagement,3.0,Low,Standard
CUST201166,14,Month-to-Month,Standard,Bank Transfer,1,48.03,625.86,50.9,2,3,1,No,18,864.54,3,At Risk,51.3,High,Standard
CUST201167,5,Month-to-Month,Basic,Credit Card,1,20.25,95.77,33.3,2,3,1,No,18,364.5,3,At Risk,49.3,High,Standard
CUST201168,13,One Year,Premium,Credit Card,0,89.79,1143.14,141.5,0,5,1,No,34,3052.86,1,Champions,11.7,Low,Standard
CUST201169,19,One Year,Premium,Credit Card,1,110.93,2024.55,83.2,1,3,1,No,34,3771.62,1,Champions,21.7,Low,Standard
CUST201170,22,Month-to-Month,Standard,Credit Card,0,57.31,1207.37,56.0,2,3,1,Yes,18,1031.58,3,At Risk,53.2,High,Standard
CUST201171,47,One Year,Standard,Credit Card,1,55.74,2442.53,43.6,2,3,1,No,34,1895.16,2,Low Engagement,12.6,Low,Standard
CUST201172,64,Month-to-Month,Basic,Credit Card,0,28.33,1744.15,50.9,1,4,1,Yes,18,509.94,2,Low Engagement,11.6,Low,Standard
CUST201173,28,Month-to-Month,Premium,Credit Card,1,85.46,2385.23,102.9,1,3,1,Yes,18,1538.28,1,Champions,42.5,Medium,Standard
CUST201174,14,Month-to-Month,Standard,Credit Card,1,57.65,745.84,70.4,0,4,0,Yes,18,1037.7,0,Loyal Steady,29.8,Medium,Standard
CUST201175,48,Month-to-Month,Standard,Credit Card,0,55.43,2511.35,57.5,1,3,2,No,18,997.74,2,Low Engagement,27.2,Medium,Standard
CUST201176,51,One Year,Standard,Digital Wallet,1,56.1,2696.68,75.6,0,3,2,No,34,1907.4,2,Low Engagement,6.2,Low,Standard
CUST201177,64,Two Year,Basic,Credit Card,1,24.78,1525.48,15.9,3,5,2,No,52,1288.56,2,Low Engagement,2.2,Low,Standard
CUST201178,23,One Year,Standard,Credit Card,1,54.41,1219.58,61.6,0,5,3,No,34,1849.94,0,Loyal Steady,3.8,Low,Standard
CUST201179,10,Two Year,Premium,Mailed Check,1,94.57,922.09,121.1,1,3,0,No,52,4917.64,1,Champions,32.9,Medium,Standard
CUST201180,47,Month-to-Month,Premium,Bank Transfer,1,91.86,4299.98,94.4,2,5,2,No,18,1653.48,1,Champions,15.4,Low,Standard
CUST201181,14,Month-to-Month,Basic,Mailed Check,1,23.29,316.84,15.8,1,3,2,No,18,419.22,3,At Risk,40.0,Medium,Standard
CUST201182,12,Two Year,Premium,Digital Wallet,0,85.92,1003.81,80.8,0,4,1,No,52,4467.84,1,Champions,14.6,Low,Standard
CUST201183,32,Two Year,Premium,Credit Card,0,92.95,2740.84,87.2,0,5,2,No,52,4833.4,1,Champions,4.8,Low,Standard
CUST201184,12,One Year,Standard,Credit Card,0,48.65,576.9,83.5,1,4,2,No,34,1654.1,0,Loyal Steady,16.0,Low,Standard
CUST201185,22,One Year,Premium,Digital Wallet,1,92.16,1906.72,101.0,2,2,1,No,34,3133.44,1,Champions,38.7,Medium,Standard
CUST201186,10,Month-to-Month,Standard,Credit Card,0,44.87,437.51,34.8,4,2,0,Yes,18,807.66,3,At Risk,84.4,Very High,Standard
CUST201187,42,Month-to-Month,Standard,Credit Card,0,57.95,2321.03,44.3,1,3,1,Yes,18,1043.1,2,Low Engagement,33.5,Medium,Standard
CUST201188,58,Month-to-Month,Standard,Digital Wallet,0,58.44,3160.5,56.4,3,1,2,Yes,18,1051.92,2,Low Engagement,59.5,High,Standard
CUST201189,6,Two Year,Premium,Credit Card,1,90.02,500.23,107.4,0,2,3,No,52,4681.04,1,Champions,22.4,Low,Standard
CUST201190,42,Month-to-Month,Standard,Credit Card,1,44.96,1777.37,53.3,3,3,1,Yes,18,809.28,2,Low Engagement,41.3,Medium,Standard
CUST201191,26,Two Year,Basic,Digital Wallet,0,30.92,760.66,6.5,1,4,1,No,52,1607.84,0,Loyal Steady,7.9,Low,Standard
CUST201192,47,Month-to-Month,Standard,Credit Card,1,58.17,2720.58,41.7,1,3,1,No,18,1047.06,2,Low Engagement,24.9,Medium,Standard
CUST201193,49,One Year,Premium,Digital Wallet,1,97.76,4722.24,91.0,0,5,2,No,34,3323.84,1,Champions,3.1,Low,Standard
CUST201194,26,Month-to-Month,Standard,Bank Transfer,1,58.99,1445.4,34.8,3,3,0,Yes,18,1061.82,3,At Risk,54.0,High,Standard
CUST201195,19,Month-to-Month,Basic,Credit Card,0,26.33,467.93,42.8,1,4,1,Yes,18,473.94,0,Loyal Steady,29.0,Medium,Standard
CUST201196,15,One Year,Premium,Mailed Check,1,92.7,1288.02,124.1,1,3,0,Yes,34,3151.8,1,Champions,35.7,Medium,Standard
CUST201197,61,One Year,Premium,Credit Card,0,102.35,6240.82,106.2,3,1,2,No,34,3479.9,1,Champions,35.6,Medium,Standard
CUST201198,36,One Year,Premium,Digital Wallet,1,85.77,2845.59,95.8,2,3,2,No,34,2916.18,1,Champions,18.5,Low,Standard
CUST201199,28,One Year,Basic,Digital Wallet,1,36.36,987.38,5.8,2,3,0,No,34,1236.24,3,At Risk,16.7,Low,Standard
CUST201200,63,One Year,Basic,Bank Transfer,1,24.93,1559.63,38.8,4,3,3,No,34,847.62,2,Low Engagement,8.3,Low,Standard
CUST201201,41,One Year,Premium,Digital Wallet,1,94.61,3580.09,86.6,2,3,1,No,34,3216.74,1,Champions,18.7,Low,Standard
CUST201202,40,Month-to-Month,Standard,Credit Card,1,46.79,1813.89,35.6,3,3,3,No,18,842.22,2,Low Engagement,34.1,Medium,Standard
CUST201203,17,Two Year,Basic,Credit Card,1,24.81,390.85,47.2,0,4,1,Yes,52,1290.12,0,Loyal Steady,5.8,Low,Standard
CUST201204,18,Month-to-Month,Premium,Mailed Check,0,91.04,1532.37,105.2,3,5,2,No,18,1638.72,1,Champions,49.4,High,Standard
CUST201205,25,Month-to-Month,Standard,Credit Card,1,55.23,1314.83,67.9,0,3,1,No,18,994.14,3,At Risk,31.0,Medium,Standard
CUST201206,18,Two Year,Basic,Bank Transfer,0,34.08,613.0,19.3,3,4,1,No,52,1772.16,0,Loyal Steady,15.3,Low,Standard
CUST201207,36,Month-to-Month,Basic,Digital Wallet,1,32.14,1122.75,19.1,1,3,0,No,18,578.52,3,At Risk,28.0,Medium,Standard
CUST201208,36,Month-to-Month,Standard,Credit Card,0,54.63,1864.78,80.8,2,3,1,Yes,18,983.34,3,At Risk,45.2,High,Standard
CUST201209,72,One Year,Standard,Credit Card,1,53.43,3625.8,41.9,3,3,0,No,34,1816.62,2,Low Engagement,10.8,Low,Standard
CUST201210,18,One Year,Basic,Credit Card,1,20.7,364.62,2.0,1,2,1,No,34,703.8,3,At Risk,21.2,Low,Standard
CUST201211,28,Month-to-Month,Basic,Digital Wallet,1,33.08,924.35,56.2,2,5,0,No,18,595.44,0,Loyal Steady,19.5,Low,Standard
CUST201212,30,Month-to-Month,Premium,Bank Transfer,1,87.48,2503.38,115.8,2,4,0,No,18,1574.64,1,Champions,40.2,Medium,Standard
CUST201213,53,One Year,Standard,Bank Transfer,1,54.43,2654.26,70.0,5,4,1,No,34,1850.62,2,Low Engagement,15.6,Low,Standard
CUST201214,17,One Year,Basic,Digital Wallet,1,15.0,234.87,18.0,3,3,0,No,34,510.0,3,At Risk,27.5,Medium,Standard
CUST201215,30,One Year,Premium,Digital Wallet,1,84.63,2432.36,91.5,0,3,0,No,34,2877.42,1,Champions,17.1,Low,Standard
CUST201216,60,Month-to-Month,Basic,Credit Card,1,27.53,1553.64,20.3,0,5,1,No,18,495.54,2,Low Engagement,4.5,Low,Standard
CUST201217,29,Two Year,Premium,Mailed Check,0,92.71,2509.97,94.7,0,3,0,Yes,52,4820.92,1,Champions,22.7,Low,Standard
CUST201218,50,One Year,Basic,Digital Wallet,0,24.93,1215.81,24.0,1,5,1,No,34,847.62,0,Loyal Steady,3.6,Low,Standard
CUST201219,52,Two Year,Standard,Digital Wallet,0,54.57,2747.54,64.0,2,4,1,No,52,2837.64,2,Low Engagement,7.9,Low,Standard
CUST201220,15,One Year,Premium,Bank Transfer,1,103.99,1446.15,88.4,1,4,2,No,34,3535.66,1,Champions,13.7,Low,Standard
CUST201221,24,One Year,Premium,Mailed Check,1,87.08,2062.41,94.9,0,5,0,No,34,2960.72,1,Champions,10.5,Low,Standard
CUST201222,72,One Year,Standard,Bank Transfer,1,71.69,4856.9,52.2,0,3,3,No,34,2437.46,2,Low Engagement,2.9,Low,Standard
CUST201223,54,Two Year,Standard,Bank Transfer,1,52.17,2671.92,64.4,1,3,0,No,52,2712.84,2,Low Engagement,7.9,Low,Standard
CUST201224,18,Month-to-Month,Standard,Bank Transfer,1,58.56,1015.03,47.2,2,4,0,Yes,18,1054.08,0,Loyal Steady,39.8,Medium,Standard
CUST201225,34,One Year,Standard,Credit Card,1,57.94,1885.44,40.0,2,2,0,No,34,1969.96,3,At Risk,28.0,Medium,Standard
CUST201226,20,One Year,Premium,Bank Transfer,1,108.4,2001.07,103.3,2,3,0,No,34,3685.6,1,Champions,30.4,Medium,Standard
CUST201227,10,One Year,Basic,Mailed Check,1,21.83,201.87,30.8,2,1,0,Yes,34,742.22,3,At Risk,55.5,High,Standard
CUST201228,26,Month-to-Month,Basic,Digital Wallet,1,24.88,619.4,27.5,2,3,0,No,18,447.84,3,At Risk,40.8,Medium,Standard
CUST201229,66,Month-to-Month,Basic,Credit Card,1,20.63,1258.11,39.9,1,4,2,No,18,371.34,2,Low Engagement,7.3,Low,Standard
CUST201230,26,Two Year,Standard,Digital Wallet,1,59.14,1420.14,33.8,1,3,1,No,52,3075.28,3,At Risk,12.9,Low,Standard
CUST201231,18,One Year,Basic,Credit Card,1,28.74,513.1,31.5,1,3,0,No,34,977.16,3,At Risk,16.3,Low,Standard
CUST201232,30,Month-to-Month,Standard,Credit Card,0,45.77,1358.89,54.2,2,4,1,Yes,18,823.86,0,Loyal Steady,36.5,Medium,Standard
CUST201233,17,Month-to-Month,Premium,Bank Transfer,0,81.29,1313.45,71.5,2,4,0,Yes,18,1463.22,1,Champions,54.6,High,Standard
CUST201234,52,One Year,Standard,Digital Wallet,1,51.4,2578.0,58.5,4,4,1,No,34,1747.6,2,Low Engagement,12.8,Low,Standard
CUST201235,36,Two Year,Standard,Credit Card,1,58.36,1980.14,62.6,0,4,1,No,52,3034.72,0,Loyal Steady,4.9,Low,Standard
CUST201236,23,Month-to-Month,Standard,Bank Transfer,1,48.56,1110.07,52.3,0,4,0,Yes,18,874.08,0,Loyal Steady,25.1,Medium,Standard
CUST201237,56,Month-to-Month,Basic,Bank Transfer,0,15.43,819.74,31.9,2,3,2,No,18,277.74,2,Low Engagement,23.1,Low,Standard
CUST201238,23,Month-to-Month,Basic,Mailed Check,0,22.85,518.47,26.5,0,3,1,Yes,18,411.3,3,At Risk,38.7,Medium,Standard
CUST201239,22,Month-to-Month,Premium,Credit Card,1,90.48,1847.31,80.6,2,2,0,No,18,1628.64,1,Champions,68.4,Very High,Standard
CUST201240,4,Month-to-Month,Basic,Mailed Check,0,29.56,110.2,34.8,0,4,0,Yes,18,532.08,0,Loyal Steady,42.1,Medium,Standard
CUST201241,70,Month-to-Month,Basic,Credit Card,1,25.31,1673.87,65.0,1,4,1,No,18,455.58,2,Low Engagement,7.9,Low,Standard
CUST201242,8,One Year,Basic,Digital Wallet,1,23.94,176.45,2.0,0,3,0,No,34,813.96,3,At Risk,16.0,Low,Standard
CUST201243,10,One Year,Standard,Digital Wallet,1,50.06,488.22,31.7,3,3,1,No,34,1702.04,3,At Risk,34.0,Medium,Standard
CUST201244,15,Month-to-Month,Basic,Digital Wallet,1,20.26,285.55,25.2,1,4,1,Yes,18,364.68,0,Loyal Steady,26.0,Medium,Standard
CUST201245,14,Two Year,Basic,Bank Transfer,1,26.7,357.0,9.5,0,4,2,No,52,1388.4,0,Loyal Steady,5.1,Low,Standard
CUST201246,43,Month-to-Month,Basic,Credit Card,0,28.88,1238.99,43.8,3,5,0,No,18,519.84,0,Loyal Steady,22.0,Low,Standard
CUST201247,15,Month-to-Month,Standard,Bank Transfer,0,61.27,905.52,45.5,2,4,2,No,18,1102.86,0,Loyal Steady,40.3,Medium,Standard
CUST201248,5,One Year,Standard,Bank Transfer,1,57.01,268.04,79.7,2,3,0,No,34,1938.34,3,At Risk,34.0,Medium,Standard
CUST201249,26,Month-to-Month,Basic,Bank Transfer,0,30.65,751.85,28.8,3,3,0,Yes,18,551.7,3,At Risk,53.7,High,Standard
CUST201250,72,Month-to-Month,Premium,Credit Card,1,83.66,5751.38,102.5,3,3,2,No,18,1505.88,1,Champions,26.8,Medium,Standard
CUST201251,11,Two Year,Premium,Bank Transfer,0,96.3,1027.28,89.0,0,3,2,No,52,5007.6,1,Champions,18.8,Low,Standard
CUST201252,71,One Year,Standard,Digital Wallet,0,52.99,3622.44,51.0,1,5,0,No,34,1801.66,2,Low Engagement,3.4,Low,Standard
CUST201253,72,One Year,Standard,Digital Wallet,0,50.53,3561.73,67.2,1,4,0,Yes,34,1718.02,2,Low Engagement,5.6,Low,Standard
CUST201254,42,Month-to-Month,Basic,Bank Transfer,0,34.4,1427.78,2.0,2,2,2,No,18,619.2,3,At Risk,39.6,Medium,Standard
CUST201255,17,One Year,Standard,Bank Transfer,1,56.26,916.15,62.8,3,3,0,No,34,1912.84,3,At Risk,33.2,Medium,Standard
CUST201256,26,Month-to-Month,Premium,Digital Wallet,1,90.39,2265.74,88.5,1,3,2,Yes,18,1627.02,1,Champions,39.9,Medium,Standard
CUST201257,54,Month-to-Month,Standard,Mailed Check,1,62.53,3129.04,23.7,2,4,0,No,18,1125.54,2,Low Engagement,26.4,Medium,Standard
CUST201258,25,One Year,Premium,Credit Card,0,93.55,2307.78,112.8,2,1,2,No,34,3180.7,1,Champions,51.4,High,Priority Save
CUST201259,34,One Year,Standard,Bank Transfer,0,48.95,1571.1,65.2,2,3,2,No,34,1664.3,3,At Risk,19.0,Low,Standard
CUST201260,23,Month-to-Month,Basic,Bank Transfer,1,27.94,625.36,4.6,1,3,3,Yes,18,502.92,3,At Risk,23.7,Low,Standard
CUST201261,50,Month-to-Month,Basic,Bank Transfer,0,27.52,1273.09,24.8,2,2,0,Yes,18,495.36,2,Low Engagement,43.8,High,Standard
CUST201262,49,Month-to-Month,Standard,Credit Card,0,49.06,2256.35,69.5,2,2,0,No,18,883.08,2,Low Engagement,53.7,High,Standard
CUST201263,22,Two Year,Basic,Digital Wallet,0,32.27,703.44,12.0,2,3,0,No,52,1678.04,3,At Risk,19.9,Low,Standard
CUST201264,61,Two Year,Premium,Bank Transfer,1,105.54,6227.84,84.6,2,2,4,No,52,5488.08,1,Champions,9.2,Low,Standard
CUST201265,20,Two Year,Premium,Bank Transfer,0,101.11,1916.46,85.8,2,4,0,No,52,5257.72,1,Champions,21.6,Low,Standard
CUST201266,41,Month-to-Month,Premium,Credit Card,1,90.98,3643.65,90.4,1,4,2,Yes,18,1637.64,1,Champions,20.9,Low,Standard
CUST201267,72,Month-to-Month,Standard,Digital Wallet,1,63.19,4438.5,48.8,2,2,1,Yes,18,1137.42,2,Low Engagement,28.7,Medium,Standard
CUST201268,47,Month-to-Month,Premium,Bank Transfer,0,102.63,4624.7,86.5,3,2,2,Yes,18,1847.34,1,Champions,58.8,High,Standard
CUST201269,19,Two Year,Standard,Digital Wallet,1,55.99,995.61,54.3,0,4,0,No,52,2911.48,0,Loyal Steady,8.8,Low,Standard
CUST201270,6,Month-to-Month,Premium,Bank Transfer,1,102.07,566.17,86.0,2,3,2,No,18,1837.26,1,Champions,57.8,High,Standard
CUST201271,18,Month-to-Month,Premium,Credit Card,0,90.68,1540.43,106.2,1,4,1,No,18,1632.24,1,Champions,43.2,Medium,Standard
CUST201272,52,Month-to-Month,Standard,Digital Wallet,0,53.89,2723.59,60.7,2,3,3,No,18,970.02,2,Low Engagement,28.6,Medium,Standard
CUST201273,4,One Year,Standard,Bank Transfer,1,55.45,218.39,97.0,1,3,1,No,34,1885.3,1,Champions,25.5,Medium,Standard
CUST201274,60,Month-to-Month,Standard,Credit Card,1,53.67,3183.96,39.4,0,3,1,No,18,966.06,2,Low Engagement,15.2,Low,Standard
CUST201275,51,Two Year,Standard,Bank Transfer,0,50.22,2381.31,30.3,1,3,2,No,52,2611.44,2,Low Engagement,7.9,Low,Standard
CUST201276,22,Month-to-Month,Premium,Credit Card,0,83.47,1828.76,94.1,1,4,1,Yes,18,1502.46,1,Champions,40.8,Medium,Standard
CUST201277,25,Month-to-Month,Basic,Mailed Check,1,31.3,770.12,51.7,1,5,2,No,18,563.4,0,Loyal Steady,15.8,Low,Standard
CUST201278,31,Two Year,Basic,Bank Transfer,0,15.07,438.51,35.0,2,3,2,No,52,783.64,3,At Risk,12.6,Low,Standard
CUST201279,4,Month-to-Month,Standard,Credit Card,1,55.12,218.33,42.4,2,3,0,No,18,992.16,3,At Risk,61.2,High,Standard
CUST201280,14,One Year,Basic,Digital Wallet,1,31.36,410.12,53.5,2,4,1,Yes,34,1066.24,0,Loyal Steady,13.6,Low,Standard
CUST201281,40,One Year,Standard,Digital Wallet,1,51.94,2073.43,56.5,0,4,0,No,34,1765.96,0,Loyal Steady,6.8,Low,Standard
CUST201282,24,Month-to-Month,Basic,Credit Card,1,30.06,713.32,28.7,3,3,1,No,18,541.08,3,At Risk,43.8,High,Standard
CUST201283,14,Month-to-Month,Standard,Bank Transfer,1,67.81,948.46,54.0,1,5,0,No,18,1220.58,0,Loyal Steady,24.6,Medium,Standard
CUST201284,29,One Year,Standard,Credit Card,1,59.69,1605.88,56.1,1,5,0,No,34,2029.46,0,Loyal Steady,6.9,Low,Standard
CUST201285,28,Month-to-Month,Standard,Digital Wallet,0,62.81,1636.93,54.9,1,3,1,No,18,1130.58,3,At Risk,42.9,Medium,Standard
CUST201286,14,Two Year,Basic,Bank Transfer,1,30.9,401.39,16.9,0,3,2,No,52,1606.8,3,At Risk,8.1,Low,Standard
CUST201287,9,Month-to-Month,Premium,Digital Wallet,0,101.74,901.99,78.5,2,3,0,Yes,18,1831.32,1,Champions,71.1,Very High,Standard
CUST201288,70,Month-to-Month,Premium,Credit Card,0,94.38,6215.45,55.4,0,4,4,No,18,1698.84,2,Low Engagement,7.9,Low,Standard
CUST201289,37,One Year,Basic,Credit Card,1,30.41,1095.74,52.3,1,3,1,No,34,1033.94,3,At Risk,9.4,Low,Standard
CUST201290,7,Month-to-Month,Basic,Bank Transfer,1,24.02,167.2,31.9,0,3,0,Yes,18,432.36,3,At Risk,37.5,Medium,Standard
CUST201291,35,Two Year,Premium,Digital Wallet,0,84.37,2856.46,103.7,3,4,0,No,52,4387.24,1,Champions,21.8,Low,Standard
CUST201292,10,Month-to-Month,Standard,Credit Card,1,66.01,618.68,63.2,2,3,1,No,18,1188.18,3,At Risk,53.4,High,Standard
CUST201293,24,Month-to-Month,Premium,Mailed Check,1,98.44,2199.11,88.6,0,4,4,Yes,18,1771.92,1,Champions,23.0,Low,Standard
CUST201294,33,Month-to-Month,Standard,Credit Card,1,56.84,1791.65,66.6,0,5,1,Yes,18,1023.12,0,Loyal Steady,11.8,Low,Standard
CUST201295,18,Month-to-Month,Standard,Credit Card,0,53.47,929.34,45.9,1,3,0,Yes,18,962.46,3,At Risk,52.6,High,Standard
CUST201296,5,Two Year,Standard,Bank Transfer,1,57.0,284.65,42.3,1,4,1,No,52,2964.0,0,Loyal Steady,12.8,Low,Standard
CUST201297,6,Month-to-Month,Standard,Bank Transfer,0,38.15,213.3,61.1,2,5,2,No,18,686.7,0,Loyal Steady,35.5,Medium,Standard
CUST201298,72,Month-to-Month,Standard,Bank Transfer,1,48.59,3495.98,52.5,3,1,2,No,18,874.62,2,Low Engagement,42.8,Medium,Standard
CUST201299,33,One Year,Premium,Credit Card,1,99.71,3075.91,98.2,1,3,0,No,34,3390.14,1,Champions,19.3,Low,Standard
CUST201300,66,One Year,Basic,Digital Wallet,0,20.8,1279.38,31.4,1,2,1,No,34,707.2,2,Low Engagement,10.2,Low,Standard
CUST201301,18,One Year,Premium,Digital Wallet,1,91.33,1611.17,102.2,1,4,1,Yes,34,3105.22,1,Champions,16.0,Low,Standard
CUST201302,40,Month-to-Month,Basic,Digital Wallet,0,23.35,908.5,47.6,2,4,3,No,18,420.3,0,Loyal Steady,19.5,Low,Standard
CUST201303,21,Month-to-Month,Basic,Mailed Check,1,17.06,333.2,24.5,4,5,1,No,18,307.08,0,Loyal Steady,37.1,Medium,Standard
CUST201304,32,Two Year,Standard,Bank Transfer,0,47.1,1500.9,64.5,1,4,1,No,52,2449.2,0,Loyal Steady,9.4,Low,Standard
CUST201305,25,Two Year,Basic,Bank Transfer,0,29.37,713.93,38.9,1,2,0,No,52,1527.24,3,At Risk,22.0,Low,Standard
CUST201306,26,Month-to-Month,Premium,Credit Card,0,104.43,2516.07,127.7,0,5,0,No,18,1879.74,1,Champions,24.8,Medium,Standard
CUST201307,17,Two Year,Standard,Digital Wallet,0,55.99,909.81,40.3,3,1,1,No,52,2911.48,3,At Risk,55.2,High,Priority Save
CUST201308,13,Month-to-Month,Premium,Credit Card,1,94.92,1155.88,100.9,1,3,2,No,18,1708.56,1,Champions,47.2,High,Standard
CUST201309,49,Two Year,Standard,Mailed Check,1,51.2,2505.52,37.8,2,4,1,No,52,2662.4,2,Low Engagement,8.4,Low,Standard
CUST201310,25,Two Year,Standard,Mailed Check,0,54.56,1282.15,67.7,2,4,0,No,52,2837.12,0,Loyal Steady,21.4,Low,Standard
CUST201311,72,One Year,Standard,Bank Transfer,0,66.92,4688.0,45.9,0,3,1,Yes,34,2275.28,2,Low Engagement,5.2,Low,Standard
CUST201312,33,One Year,Premium,Bank Transfer,1,94.55,3006.08,114.8,2,2,0,No,34,3214.7,1,Champions,35.2,Medium,Standard
CUST201313,8,Month-to-Month,Basic,Bank Transfer,1,29.81,225.29,12.0,3,2,1,No,18,536.58,3,At Risk,65.4,Very High,Standard
CUST201314,27,Two Year,Premium,Digital Wallet,1,91.19,2318.93,87.0,1,4,1,Yes,52,4741.88,1,Champions,10.5,Low,Standard
CUST201315,17,One Year,Standard,Mailed Check,1,62.57,985.92,85.3,4,2,2,No,34,2127.38,3,At Risk,53.0,High,Priority Save
CUST201316,16,One Year,Premium,Credit Card,0,95.96,1455.2,100.8,0,2,1,Yes,34,3262.64,1,Champions,34.2,Medium,Standard
CUST201317,43,One Year,Standard,Digital Wallet,0,56.89,2333.61,62.8,5,3,0,No,34,1934.26,2,Low Engagement,39.1,Medium,Standard
CUST201318,72,Month-to-Month,Standard,Digital Wallet,0,55.37,3672.89,83.0,2,2,0,Yes,18,996.66,2,Low Engagement,40.2,Medium,Standard
CUST201319,41,Two Year,Basic,Bank Transfer,0,19.26,748.94,39.6,1,2,2,No,52,1001.52,3,At Risk,12.1,Low,Standard
CUST201320,15,Month-to-Month,Standard,Bank Transfer,0,48.12,691.44,70.9,1,3,0,Yes,18,866.16,3,At Risk,55.3,High,Standard
CUST201321,25,One Year,Standard,Credit Card,0,59.2,1392.96,74.3,4,4,1,No,34,2012.8,0,Loyal Steady,27.3,Medium,Standard
CUST201322,29,Month-to-Month,Premium,Credit Card,0,99.91,2684.83,97.9,1,4,0,No,18,1798.38,1,Champions,39.7,Medium,Standard
CUST201323,69,One Year,Standard,Bank Transfer,1,57.04,3922.49,70.6,1,2,5,No,34,1939.36,2,Low Engagement,5.1,Low,Standard
CUST201324,20,Month-to-Month,Basic,Bank Transfer,1,19.92,389.72,2.0,4,4,1,No,18,358.56,0,Loyal Steady,40.7,Medium,Standard
CUST201325,51,One Year,Premium,Digital Wallet,0,97.24,4668.78,99.1,0,3,0,No,34,3306.16,1,Champions,13.7,Low,Standard
CUST201326,34,Month-to-Month,Standard,Digital Wallet,0,62.88,2101.32,39.2,3,2,2,Yes,18,1131.84,3,At Risk,61.3,High,Standard
CUST201327,34,Month-to-Month,Basic,Bank Transfer,0,29.15,965.69,6.8,0,3,2,No,18,524.7,3,At Risk,21.6,Low,Standard
CUST201328,16,Month-to-Month,Standard,Credit Card,1,47.08,752.16,57.5,1,3,3,No,18,847.44,3,At Risk,35.3,Medium,Standard
CUST201329,49,Month-to-Month,Standard,Credit Card,0,54.87,2500.06,35.1,3,2,0,Yes,18,987.66,2,Low Engagement,59.5,High,Standard
CUST201330,15,Two Year,Basic,Bank Transfer,1,24.09,332.95,12.7,1,3,2,No,52,1252.68,3,At Risk,10.4,Low,Standard
CUST201331,36,Month-to-Month,Standard,Credit Card,1,57.98,2032.17,54.1,0,4,0,No,18,1043.64,0,Loyal Steady,19.2,Low,Standard
CUST201332,10,One Year,Premium,Digital Wallet,0,98.1,938.25,81.8,2,4,0,Yes,34,3335.4,1,Champions,32.2,Medium,Standard
CUST201333,19,Month-to-Month,Standard,Credit Card,1,48.89,863.72,36.8,2,3,1,Yes,18,880.02,3,At Risk,47.8,High,Standard
CUST201334,56,Month-to-Month,Standard,Digital Wallet,0,51.9,2674.35,25.6,1,4,2,No,18,934.2,2,Low Engagement,15.7,Low,Standard
CUST201335,22,Month-to-Month,Premium,Credit Card,0,87.52,1872.27,100.0,1,4,0,Yes,18,1575.36,1,Champions,44.8,High,Standard
CUST201336,50,Month-to-Month,Basic,Digital Wallet,1,20.73,992.45,31.1,1,3,2,Yes,18,373.14,2,Low Engagement,16.9,Low,Standard
CUST201337,18,Month-to-Month,Basic,Digital Wallet,1,28.55,500.88,22.6,4,3,2,No,18,513.9,3,At Risk,51.6,High,Standard
CUST201338,54,Month-to-Month,Standard,Bank Transfer,0,51.55,2616.32,71.2,2,3,0,No,18,927.9,2,Low Engagement,37.9,Medium,Standard
CUST201339,26,Month-to-Month,Basic,Mailed Check,1,24.62,636.74,30.4,2,5,2,No,18,443.16,0,Loyal Steady,19.5,Low,Standard
CUST201340,21,One Year,Standard,Bank Transfer,1,50.88,1029.56,62.8,2,3,1,No,34,1729.92,3,At Risk,22.3,Low,Standard
CUST201341,35,Month-to-Month,Standard,Bank Transfer,0,54.12,1788.85,63.6,0,4,0,No,18,974.16,0,Loyal Steady,24.8,Medium,Standard
CUST201342,17,Two Year,Premium,Credit Card,1,85.85,1430.46,110.0,1,3,1,Yes,52,4464.2,1,Champions,20.0,Low,Standard
CUST201343,46,Month-to-Month,Basic,Bank Transfer,1,27.53,1190.46,39.2,0,4,0,No,18,495.54,2,Low Engagement,11.8,Low,Standard
CUST201344,40,Two Year,Basic,Bank Transfer,1,23.2,859.11,21.0,2,3,0,No,52,1206.4,2,Low Engagement,10.4,Low,Standard
CUST201345,38,Month-to-Month,Basic,Mailed Check,0,28.31,1055.05,31.5,0,4,4,No,18,509.58,0,Loyal Steady,13.6,Low,Standard
CUST201346,8,Two Year,Basic,Bank Transfer,1,25.25,186.42,23.7,1,2,2,No,52,1313.0,3,At Risk,18.8,Low,Standard
CUST201347,43,Month-to-Month,Standard,Credit Card,1,49.52,2057.72,73.2,0,4,0,No,18,891.36,2,Low Engagement,17.1,Low,Standard
CUST201348,28,Month-to-Month,Premium,Credit Card,1,101.66,2800.96,95.8,1,2,1,No,18,1829.88,1,Champions,53.9,High,Standard
CUST201349,20,Month-to-Month,Basic,Digital Wallet,1,32.22,613.93,20.7,2,4,1,No,18,579.96,0,Loyal Steady,28.6,Medium,Standard
CUST201350,72,One Year,Basic,Digital Wallet,1,27.29,1880.47,36.4,3,4,1,No,34,927.86,2,Low Engagement,4.5,Low,Standard
CUST201351,18,Month-to-Month,Premium,Bank Transfer,1,96.98,1725.05,117.2,2,4,1,No,18,1745.64,1,Champions,43.1,Medium,Standard
CUST201352,25,Month-to-Month,Basic,Mailed Check,1,27.06,673.6,49.8,1,2,1,No,18,487.08,3,At Risk,50.4,High,Standard
CUST201353,35,One Year,Standard,Digital Wallet,1,52.32,1758.84,88.5,2,2,0,Yes,34,1778.88,3,At Risk,29.8,Medium,Standard
CUST201354,22,Month-to-Month,Premium,Digital Wallet,1,92.16,1977.21,58.7,0,5,1,Yes,18,1658.88,0,Loyal Steady,18.6,Low,Standard
CUST201355,29,Month-to-Month,Premium,Digital Wallet,0,99.99,2885.46,90.9,1,3,3,No,18,1799.82,1,Champions,40.6,Medium,Standard
CUST201356,72,Month-to-Month,Standard,Bank Transfer,0,53.09,3674.48,44.6,1,4,0,No,18,955.62,2,Low Engagement,14.4,Low,Standard
CUST201357,5,Month-to-Month,Standard,Credit Card,0,54.33,253.66,63.7,2,3,3,Yes,18,977.94,3,At Risk,56.1,High,Standard
CUST201358,72,Two Year,Standard,Bank Transfer,1,48.69,3395.49,50.7,1,4,3,No,52,2531.88,2,Low Engagement,1.9,Low,Standard
CUST201359,23,Month-to-Month,Premium,Digital Wallet,0,110.36,2427.7,124.3,3,5,2,No,18,1986.48,1,Champions,38.5,Medium,Standard
CUST201360,38,Month-to-Month,Standard,Digital Wallet,0,59.78,2262.36,58.0,3,3,4,No,18,1076.04,3,At Risk,38.9,Medium,Standard
CUST201361,36,One Year,Standard,Bank Transfer,1,52.54,1821.74,40.5,2,4,1,No,34,1786.36,0,Loyal Steady,10.3,Low,Standard
CUST201362,43,Two Year,Basic,Bank Transfer,0,37.9,1617.1,12.1,1,5,0,No,52,1970.8,0,Loyal Steady,3.6,Low,Standard
CUST201363,66,Month-to-Month,Basic,Credit Card,1,21.65,1422.57,30.1,1,4,1,No,18,389.7,2,Low Engagement,8.4,Low,Standard
CUST201364,44,Month-to-Month,Standard,Bank Transfer,1,59.31,2424.74,33.9,2,4,2,No,18,1067.58,2,Low Engagement,19.4,Low,Standard
CUST201365,72,Two Year,Standard,Mailed Check,1,45.79,3165.33,32.4,0,3,1,No,52,2381.08,2,Low Engagement,4.5,Low,Standard
CUST201366,43,Month-to-Month,Standard,Bank Transfer,1,57.4,2401.69,54.4,1,3,2,No,18,1033.2,2,Low Engagement,23.9,Low,Standard
CUST201367,42,Month-to-Month,Premium,Digital Wallet,1,102.31,4153.89,102.3,0,4,1,No,18,1841.58,1,Champions,18.9,Low,Standard
CUST201368,32,Month-to-Month,Basic,Mailed Check,1,15.0,472.48,20.9,1,5,2,No,18,270.0,0,Loyal Steady,13.6,Low,Standard
CUST201369,15,Two Year,Standard,Credit Card,1,53.68,790.14,73.8,4,2,0,Yes,52,2791.36,3,At Risk,48.3,High,Priority Save
CUST201370,12,Month-to-Month,Standard,Credit Card,1,42.75,484.62,73.2,1,3,1,Yes,18,769.5,3,At Risk,46.4,High,Standard
CUST201371,72,One Year,Standard,Digital Wallet,1,54.26,3897.65,37.6,3,3,1,No,34,1844.84,2,Low Engagement,9.6,Low,Standard
CUST201372,62,Month-to-Month,Standard,Credit Card,0,47.68,2789.59,72.4,0,2,1,No,18,858.24,2,Low Engagement,28.4,Medium,Standard
CUST201373,11,Month-to-Month,Standard,Credit Card,0,54.31,566.41,90.5,3,2,1,Yes,18,977.58,3,At Risk,77.8,Very High,Standard
CUST201374,56,Month-to-Month,Standard,Digital Wallet,1,52.33,2758.27,44.5,1,4,1,No,18,941.94,2,Low Engagement,14.4,Low,Standard
CUST201375,36,Two Year,Premium,Digital Wallet,0,99.29,3382.4,59.3,4,1,1,Yes,52,5163.08,1,Champions,56.2,High,Priority Save
CUST201376,28,Month-to-Month,Basic,Credit Card,1,15.07,390.07,22.2,0,3,1,No,18,271.26,3,At Risk,23.2,Low,Standard
CUST201377,43,Month-to-Month,Premium,Credit Card,0,98.5,3957.54,103.9,1,3,1,Yes,18,1773.0,1,Champions,39.5,Medium,Standard
CUST201378,12,Month-to-Month,Standard,Mailed Check,0,50.15,582.88,69.7,3,2,3,No,18,902.7,3,At Risk,77.1,Very High,Standard
CUST201379,28,One Year,Premium,Bank Transfer,1,99.42,2649.82,87.2,2,5,0,No,34,3380.28,1,Champions,11.5,Low,Standard
CUST201380,11,Month-to-Month,Basic,Bank Transfer,1,20.01,202.5,56.0,2,4,0,No,18,360.18,0,Loyal Steady,37.8,Medium,Standard
CUST201381,25,Month-to-Month,Standard,Digital Wallet,1,61.52,1462.44,63.7,2,4,1,Yes,18,1107.36,0,Loyal Steady,33.2,Medium,Standard
CUST201382,24,Month-to-Month,Standard,Digital Wallet,1,60.12,1377.89,59.1,0,3,0,Yes,18,1082.16,3,At Risk,35.7,Medium,Standard
CUST201383,39,Month-to-Month,Standard,Bank Transfer,0,62.51,2270.11,62.4,0,3,1,No,18,1125.18,3,At Risk,29.0,Medium,Standard
CUST201384,23,Month-to-Month,Premium,Bank Transfer,0,91.75,1962.93,97.5,2,3,1,No,18,1651.5,1,Champions,59.3,High,Standard
CUST201385,33,Month-to-Month,Basic,Digital Wallet,1,30.34,937.92,26.2,2,5,0,No,18,546.12,0,Loyal Steady,17.2,Low,Standard
CUST201386,19,Month-to-Month,Standard,Bank Transfer,0,46.16,807.05,44.0,2,4,2,No,18,830.88,0,Loyal Steady,38.7,Medium,Standard
CUST201387,18,Month-to-Month,Standard,Bank Transfer,0,56.09,953.53,64.2,2,2,2,No,18,1009.62,3,At Risk,64.0,Very High,Standard
CUST201388,72,Month-to-Month,Basic,Credit Card,0,29.08,1993.0,5.4,3,3,2,Yes,18,523.44,2,Low Engagement,20.2,Low,Standard
CUST201389,38,Month-to-Month,Standard,Mailed Check,1,57.27,2086.25,60.1,2,5,0,No,18,1030.86,0,Loyal Steady,25.6,Medium,Standard
CUST201390,71,Two Year,Standard,Credit Card,1,61.66,4272.64,49.6,0,5,0,No,52,3206.32,2,Low Engagement,1.5,Low,Standard
CUST201391,23,Month-to-Month,Standard,Digital Wallet,1,48.92,1117.64,57.3,1,3,2,No,18,880.56,3,At Risk,35.8,Medium,Standard
CUST201392,12,One Year,Standard,Bank Transfer,1,58.59,685.27,31.9,1,4,1,No,34,1992.06,0,Loyal Steady,13.4,Low,Standard
CUST201393,4,Two Year,Basic,Digital Wallet,0,22.07,85.16,38.1,2,4,2,No,52,1147.64,0,Loyal Steady,15.2,Low,Standard
CUST201394,13,One Year,Standard,Credit Card,0,45.21,574.01,46.2,0,4,2,No,34,1537.14,0,Loyal Steady,11.8,Low,Standard
CUST201395,72,One Year,Basic,Mailed Check,1,24.95,1749.58,33.7,4,5,0,No,34,848.3,2,Low Engagement,5.8,Low,Standard
CUST201396,30,One Year,Premium,Bank Transfer,1,86.65,2401.96,100.6,2,3,1,No,34,2946.1,1,Champions,23.1,Low,Standard
CUST201397,14,One Year,Standard,Digital Wallet,1,54.4,710.79,18.0,2,5,0,No,34,1849.6,0,Loyal Steady,12.8,Low,Standard
CUST201398,13,Month-to-Month,Premium,Credit Card,0,85.23,1088.08,59.6,4,4,1,Yes,18,1534.14,1,Champions,66.5,Very High,Standard
CUST201399,30,Month-to-Month,Basic,Credit Card,1,18.11,543.08,50.7,1,3,1,No,18,325.98,3,At Risk,28.3,Medium,Standard
CUST201400,72,Month-to-Month,Basic,Mailed Check,1,25.69,1794.9,39.9,0,4,1,No,18,462.42,2,Low Engagement,7.7,Low,Standard
CUST201401,33,Month-to-Month,Basic,Credit Card,0,27.35,838.44,45.0,1,4,2,No,18,492.3,0,Loyal Steady,19.5,Low,Standard
CUST201402,9,One Year,Standard,Bank Transfer,1,46.61,388.72,70.4,1,3,2,No,34,1584.74,3,At Risk,20.1,Low,Standard
CUST201403,52,One Year,Basic,Credit Card,1,25.51,1283.17,40.4,2,2,1,No,34,867.34,2,Low Engagement,13.5,Low,Standard
CUST201404,16,Month-to-Month,Standard,Credit Card,1,46.54,709.86,52.4,1,3,1,No,18,837.72,3,At Risk,43.1,Medium,Standard
CUST201405,18,Two Year,Standard,Bank Transfer,0,56.61,964.26,75.8,1,4,1,Yes,52,2943.72,0,Loyal Steady,12.8,Low,Standard
CUST201406,10,Month-to-Month,Standard,Digital Wallet,1,55.14,524.14,90.1,1,3,3,Yes,18,992.52,3,At Risk,40.3,Medium,Standard
CUST201407,26,Month-to-Month,Premium,Bank Transfer,1,95.81,2387.9,106.7,1,3,3,No,18,1724.58,1,Champions,35.1,Medium,Standard
CUST201408,12,Month-to-Month,Premium,Mailed Check,1,89.43,1066.51,78.8,3,4,1,Yes,18,1609.74,1,Champions,61.8,High,Standard
CUST201409,11,Two Year,Standard,Digital Wallet,1,57.12,592.04,40.3,0,4,2,No,52,2970.24,0,Loyal Steady,7.7,Low,Standard
CUST201410,34,Month-to-Month,Standard,Mailed Check,1,54.43,1811.66,21.9,1,4,1,Yes,18,979.74,0,Loyal Steady,27.8,Medium,Standard
CUST201411,35,Month-to-Month,Standard,Credit Card,0,47.5,1585.53,63.5,0,4,1,Yes,18,855.0,0,Loyal Steady,22.1,Low,Standard
CUST201412,22,Month-to-Month,Standard,Digital Wallet,1,54.42,1108.49,51.2,0,5,1,No,18,979.56,0,Loyal Steady,15.3,Low,Standard
CUST201413,33,Month-to-Month,Standard,Digital Wallet,0,52.04,1682.27,51.2,2,4,0,No,18,936.72,0,Loyal Steady,39.2,Medium,Standard
CUST201414,29,Month-to-Month,Standard,Mailed Check,0,60.84,1691.16,52.0,2,4,2,No,18,1095.12,0,Loyal Steady,40.2,Medium,Standard
CUST201415,43,Two Year,Premium,Credit Card,1,88.84,3802.11,79.8,1,3,4,No,52,4619.68,1,Champions,7.0,Low,Standard
CUST201416,72,Month-to-Month,Basic,Credit Card,0,25.97,1841.35,29.0,2,2,2,No,18,467.46,2,Low Engagement,24.5,Medium,Standard
CUST201417,14,One Year,Basic,Credit Card,0,29.93,417.88,33.7,0,4,1,No,34,1017.62,0,Loyal Steady,9.9,Low,Standard
CUST201418,30,Month-to-Month,Premium,Credit Card,1,93.64,2660.1,95.8,0,4,0,Yes,18,1685.52,1,Champions,26.7,Medium,Standard
CUST201419,32,One Year,Standard,Credit Card,1,50.55,1569.56,51.1,3,1,0,Yes,34,1718.7,3,At Risk,48.3,High,Standard
CUST201420,9,One Year,Standard,Bank Transfer,0,48.75,414.76,74.1,1,4,0,No,34,1657.5,0,Loyal Steady,22.1,Low,Standard
CUST201421,43,One Year,Standard,Bank Transfer,1,45.28,1878.42,38.0,1,5,0,No,34,1539.52,0,Loyal Steady,5.0,Low,Standard
CUST201422,9,Two Year,Standard,Credit Card,1,58.58,492.25,42.7,1,3,2,No,52,3046.16,3,At Risk,15.7,Low,Standard
CUST201423,44,One Year,Basic,Digital Wallet,0,38.12,1598.5,40.7,3,3,2,Yes,34,1296.08,2,Low Engagement,15.1,Low,Standard
CUST201424,5,Month-to-Month,Premium,Credit Card,1,96.76,468.05,91.7,3,3,0,Yes,18,1741.68,1,Champions,73.0,Very High,Standard
CUST201425,11,Month-to-Month,Premium,Mailed Check,0,93.38,1006.69,98.4,2,4,1,No,18,1680.84,1,Champions,62.7,High,Standard
CUST201426,12,One Year,Basic,Credit Card,0,25.59,302.22,2.0,4,3,2,Yes,34,870.06,3,At Risk,33.6,Medium,Standard
CUST201427,39,One Year,Basic,Credit Card,0,15.75,583.94,18.7,2,4,0,Yes,34,535.5,0,Loyal Steady,11.1,Low,Standard
CUST201428,11,Two Year,Premium,Credit Card,0,89.48,966.82,96.1,1,4,1,No,52,4652.96,1,Champions,18.6,Low,Standard
CUST201429,38,Month-to-Month,Basic,Credit Card,1,28.84,1038.14,14.6,1,4,0,No,18,519.12,0,Loyal Steady,17.7,Low,Standard
CUST201430,72,Month-to-Month,Standard,Credit Card,1,55.23,3783.08,52.2,3,3,1,Yes,18,994.14,2,Low Engagement,24.2,Low,Standard
CUST201431,7,One Year,Basic,Digital Wallet,1,28.95,199.24,38.4,4,3,1,No,34,984.3,3,At Risk,35.5,Medium,Standard
CUST201432,31,Month-to-Month,Basic,Bank Transfer,1,18.52,566.35,2.0,3,4,1,No,18,333.36,0,Loyal Steady,28.0,Medium,Standard
CUST201433,23,One Year,Basic,Credit Card,0,32.65,726.75,46.8,2,3,2,No,34,1110.1,3,At Risk,18.1,Low,Standard
CUST201434,34,Month-to-Month,Standard,Credit Card,0,52.04,1737.07,66.4,2,1,4,Yes,18,936.72,3,At Risk,58.8,High,Standard
CUST201435,16,Month-to-Month,Basic,Credit Card,1,25.84,410.3,22.2,2,4,0,No,18,465.12,0,Loyal Steady,33.8,Medium,Standard
CUST201436,59,One Year,Premium,Credit Card,0,91.02,5368.06,91.9,1,3,0,Yes,34,3094.68,1,Champions,14.3,Low,Standard
CUST201437,30,Month-to-Month,Premium,Digital Wallet,1,100.75,2791.31,86.5,3,3,1,No,18,1813.5,1,Champions,55.4,High,Standard
CUST201438,18,Month-to-Month,Premium,Credit Card,0,95.34,1620.16,79.1,3,2,2,Yes,18,1716.12,1,Champions,75.2,Very High,Standard
CUST201439,25,Month-to-Month,Standard,Bank Transfer,1,53.32,1237.84,54.3,1,4,0,No,18,959.76,0,Loyal Steady,29.7,Medium,Standard
CUST201440,14,Two Year,Premium,Credit Card,0,88.78,1235.09,81.9,2,4,0,No,52,4616.56,1,Champions,24.8,Medium,Standard
CUST201441,21,One Year,Standard,Bank Transfer,0,49.43,978.02,60.6,2,3,2,Yes,34,1680.62,3,At Risk,24.5,Medium,Standard
CUST201442,25,One Year,Basic,Digital Wallet,0,22.96,531.78,6.9,2,4,1,No,34,780.64,0,Loyal Steady,13.2,Low,Standard
CUST201443,2,Month-to-Month,Standard,Credit Card,0,67.23,133.02,66.7,1,4,2,Yes,18,1210.14,0,Loyal Steady,41.7,Medium,Standard
CUST201444,40,Two Year,Basic,Credit Card,1,18.46,693.78,31.2,0,3,0,No,52,959.92,2,Low Engagement,6.3,Low,Standard
CUST201445,28,Month-to-Month,Standard,Bank Transfer,0,61.38,1664.26,37.4,1,4,1,Yes,18,1104.84,0,Loyal Steady,29.8,Medium,Standard
CUST201446,36,One Year,Basic,Mailed Check,0,15.87,557.94,20.3,1,4,1,No,34,539.58,0,Loyal Steady,10.7,Low,Standard
CUST201447,36,Month-to-Month,Basic,Digital Wallet,1,38.69,1353.08,2.0,3,4,1,No,18,696.42,0,Loyal Steady,25.6,Medium,Standard
CUST201448,10,One Year,Standard,Bank Transfer,1,49.24,462.12,71.3,2,2,1,Yes,34,1674.16,3,At Risk,39.0,Medium,Standard
CUST201449,13,Month-to-Month,Basic,Bank Transfer,0,29.73,369.81,17.2,2,2,0,Yes,18,535.14,3,At Risk,66.4,Very High,Standard
CUST201450,62,Month-to-Month,Premium,Credit Card,0,90.02,5322.63,102.6,0,3,1,No,18,1620.36,1,Champions,23.4,Low,Standard
CUST201451,15,Two Year,Standard,Bank Transfer,1,52.19,723.53,28.3,0,4,0,No,52,2713.88,0,Loyal Steady,9.1,Low,Standard
CUST201452,55,Month-to-Month,Basic,Digital Wallet,1,23.8,1290.3,31.4,0,2,3,No,18,428.4,2,Low Engagement,15.6,Low,Standard
CUST201453,72,Two Year,Standard,Digital Wallet,1,49.0,3384.4,64.1,4,2,3,No,52,2548.0,2,Low Engagement,12.1,Low,Standard
CUST201454,22,One Year,Premium,Bank Transfer,0,87.82,1867.41,121.3,0,4,0,No,34,2985.88,1,Champions,16.7,Low,Standard
CUST201455,43,One Year,Premium,Digital Wallet,1,89.97,3753.64,84.4,2,3,1,No,34,3058.98,1,Champions,18.0,Low,Standard
CUST201456,28,One Year,Basic,Digital Wallet,0,26.54,742.92,26.3,1,3,2,No,34,902.36,3,At Risk,13.1,Low,Standard
CUST201457,39,Two Year,Standard,Bank Transfer,1,48.27,1870.97,36.4,2,2,0,No,52,2510.04,3,At Risk,21.4,Low,Standard
CUST201458,11,Month-to-Month,Standard,Mailed Check,1,60.41,626.31,39.9,0,3,2,Yes,18,1087.38,3,At Risk,42.1,Medium,Standard
CUST201459,31,Two Year,Standard,Bank Transfer,1,53.54,1624.01,54.0,1,2,1,No,52,2784.08,3,At Risk,17.5,Low,Standard
CUST201460,26,Month-to-Month,Standard,Bank Transfer,1,42.03,1089.52,63.6,5,2,3,Yes,18,756.54,3,At Risk,69.4,Very High,Standard
CUST201461,14,Month-to-Month,Premium,Digital Wallet,0,104.53,1437.72,84.3,2,2,2,No,18,1881.54,1,Champions,72.0,Very High,Standard
CUST201462,15,Two Year,Standard,Bank Transfer,1,56.5,781.12,87.3,0,3,0,No,52,2938.0,3,At Risk,15.0,Low,Standard
CUST201463,37,Month-to-Month,Basic,Digital Wallet,1,24.57,859.08,37.2,4,5,0,No,18,442.26,0,Loyal Steady,25.6,Medium,Standard
CUST201464,27,Month-to-Month,Basic,Digital Wallet,1,15.0,376.6,7.5,2,4,2,No,18,270.0,0,Loyal Steady,22.5,Low,Standard
CUST201465,40,Two Year,Premium,Bank Transfer,0,88.07,3350.75,89.5,1,4,3,No,52,4579.64,1,Champions,7.2,Low,Standard
CUST201466,22,Month-to-Month,Basic,Digital Wallet,1,15.0,312.94,36.5,1,4,0,No,18,270.0,0,Loyal Steady,26.2,Medium,Standard
CUST201467,20,One Year,Standard,Digital Wallet,0,47.22,890.46,51.0,3,2,0,No,34,1605.48,3,At Risk,51.8,High,Standard
CUST201468,15,One Year,Standard,Bank Transfer,0,54.57,770.92,80.7,1,4,1,Yes,34,1855.38,0,Loyal Steady,17.0,Low,Standard
CUST201469,48,One Year,Premium,Credit Card,0,97.04,4377.13,119.9,2,4,2,No,34,3299.36,1,Champions,11.5,Low,Standard
CUST201470,20,Month-to-Month,Basic,Digital Wallet,1,32.88,648.69,43.3,1,5,1,No,18,591.84,0,Loyal Steady,15.6,Low,Standard
CUST201471,16,One Year,Standard,Credit Card,1,53.94,849.29,59.2,1,3,2,No,34,1833.96,3,At Risk,17.1,Low,Standard
CUST201472,43,Two Year,Standard,Bank Transfer,1,53.43,2212.04,60.0,0,4,2,No,52,2778.36,2,Low Engagement,3.5,Low,Standard
CUST201473,5,Month-to-Month,Standard,Credit Card,0,53.25,252.07,69.8,1,5,2,No,18,958.5,0,Loyal Steady,29.3,Medium,Standard
CUST201474,18,Two Year,Basic,Digital Wallet,1,28.79,505.86,43.3,2,4,2,No,52,1497.08,0,Loyal Steady,8.5,Low,Standard
CUST201475,17,Two Year,Premium,Mailed Check,1,102.44,1638.14,84.0,3,4,0,Yes,52,5326.88,1,Champions,29.5,Medium,Standard
CUST201476,72,Month-to-Month,Standard,Mailed Check,1,47.22,3257.63,46.7,2,3,1,No,18,849.96,2,Low Engagement,25.3,Medium,Standard
CUST201477,17,Two Year,Standard,Bank Transfer,1,46.68,750.61,37.3,0,4,2,No,52,2427.36,0,Loyal Steady,6.5,Low,Standard
CUST201478,11,Two Year,Standard,Digital Wallet,0,45.52,497.81,50.8,0,5,0,No,52,2367.04,0,Loyal Steady,8.9,Low,Standard
CUST201479,15,Month-to-Month,Standard,Digital Wallet,1,54.7,811.22,46.2,2,3,1,Yes,18,984.6,3,At Risk,51.4,High,Standard
CUST201480,5,One Year,Premium,Credit Card,1,103.95,491.82,95.2,2,4,0,No,34,3534.3,1,Champions,28.0,Medium,Standard
CUST201481,10,Two Year,Basic,Credit Card,1,26.5,255.74,37.9,0,4,2,No,52,1378.0,0,Loyal Steady,5.8,Low,Standard
CUST201482,15,Two Year,Standard,Bank Transfer,1,58.83,851.86,47.3,1,4,0,No,52,3059.16,0,Loyal Steady,11.9,Low,Standard
CUST201483,11,Month-to-Month,Standard,Credit Card,0,50.78,513.95,61.4,3,1,2,Yes,18,914.04,3,At Risk,82.7,Very High,Standard
CUST201484,40,Month-to-Month,Standard,Digital Wallet,1,56.62,2114.22,56.6,2,2,0,Yes,18,1019.16,3,At Risk,52.4,High,Standard
CUST201485,37,One Year,Standard,Mailed Check,0,51.58,1797.19,70.9,1,4,1,No,34,1753.72,0,Loyal Steady,14.1,Low,Standard
CUST201486,23,Month-to-Month,Premium,Bank Transfer,1,96.48,2145.24,87.3,2,3,0,Yes,18,1736.64,1,Champions,55.8,High,Standard
CUST201487,35,Month-to-Month,Standard,Bank Transfer,1,52.68,1801.29,34.3,1,4,0,No,18,948.24,0,Loyal Steady,24.2,Low,Standard
CUST201488,19,Month-to-Month,Premium,Credit Card,0,95.56,1680.46,90.7,2,4,0,No,18,1720.08,1,Champions,53.3,High,Standard
CUST201489,47,Month-to-Month,Standard,Credit Card,0,62.51,2778.38,21.7,0,3,2,No,18,1125.18,2,Low Engagement,21.3,Low,Standard
CUST201490,7,Month-to-Month,Premium,Digital Wallet,1,88.42,573.24,90.8,1,3,3,No,18,1591.56,1,Champions,47.9,High,Standard
CUST201491,10,Month-to-Month,Basic,Bank Transfer,1,26.68,258.76,11.3,3,3,2,Yes,18,480.24,3,At Risk,48.0,High,Standard
CUST201492,12,One Year,Basic,Credit Card,0,23.49,280.96,30.1,3,4,0,No,34,798.66,0,Loyal Steady,24.9,Medium,Standard
CUST201493,38,Two Year,Standard,Bank Transfer,1,46.98,1726.82,68.3,3,2,1,No,52,2442.96,3,At Risk,24.8,Medium,Standard
CUST201494,38,Month-to-Month,Standard,Bank Transfer,0,60.32,2169.24,58.2,1,4,1,Yes,18,1085.76,0,Loyal Steady,25.3,Medium,Standard
CUST201495,18,Month-to-Month,Standard,Bank Transfer,1,62.1,1030.36,55.7,1,4,1,No,18,1117.8,0,Loyal Steady,29.5,Medium,Standard
CUST201496,36,Two Year,Premium,Bank Transfer,1,97.3,3448.06,83.5,0,4,2,No,52,5059.6,1,Champions,5.2,Low,Standard
CUST201497,32,Two Year,Standard,Bank Transfer,1,54.71,1641.43,70.2,2,5,0,No,52,2844.92,0,Loyal Steady,6.8,Low,Standard
CUST201498,18,Month-to-Month,Standard,Mailed Check,1,55.91,927.15,57.1,1,4,1,Yes,18,1006.38,0,Loyal Steady,37.5,Medium,Standard
CUST201499,39,One Year,Standard,Digital Wallet,0,59.0,2140.41,54.1,0,2,0,No,34,2006.0,3,At Risk,21.3,Low,Standard
CUST201500,10,Month-to-Month,Premium,Bank Transfer,1,104.17,1027.13,97.7,1,4,0,Yes,18,1875.06,1,Champions,44.1,High,Standard
CUST201501,7,Two Year,Basic,Credit Card,1,22.36,147.1,22.3,0,3,5,No,52,1162.72,3,At Risk,6.2,Low,Standard
CUST201502,49,Month-to-Month,Premium,Digital Wallet,1,99.94,4515.29,74.8,0,2,0,Yes,18,1798.92,1,Champions,38.1,Medium,Standard
CUST201503,35,One Year,Premium,Digital Wallet,0,96.36,3116.06,93.5,2,3,1,No,34,3276.24,1,Champions,26.4,Medium,Standard
CUST201504,49,Month-to-Month,Premium,Credit Card,1,89.73,4186.63,108.6,2,3,1,No,18,1615.14,1,Champions,36.6,Medium,Standard
CUST201505,18,Month-to-Month,Standard,Digital Wallet,1,57.13,972.78,63.4,1,5,1,No,18,1028.34,0,Loyal Steady,21.3,Low,Standard
CUST201506,37,Month-to-Month,Premium,Bank Transfer,1,93.02,3222.0,67.6,2,3,0,Yes,18,1674.36,1,Champions,46.5,High,Standard
CUST201507,32,Month-to-Month,Premium,Credit Card,1,98.24,3008.72,90.4,1,2,0,No,18,1768.32,1,Champions,55.5,High,Standard
CUST201508,27,Month-to-Month,Standard,Digital Wallet,0,52.79,1407.2,45.7,0,3,0,Yes,18,950.22,3,At Risk,40.7,Medium,Standard
CUST201509,20,One Year,Premium,Credit Card,1,91.13,1772.5,76.9,3,4,1,Yes,34,3098.42,1,Champions,23.3,Low,Standard
CUST201510,17,Month-to-Month,Basic,Digital Wallet,1,20.9,352.35,42.0,0,5,2,No,18,376.2,0,Loyal Steady,11.5,Low,Standard
CUST201511,18,One Year,Standard,Bank Transfer,1,53.77,945.43,37.4,2,4,1,No,34,1828.18,0,Loyal Steady,15.3,Low,Standard
CUST201512,13,Month-to-Month,Standard,Credit Card,1,59.03,715.78,52.6,1,2,1,Yes,18,1062.54,3,At Risk,56.8,High,Standard
CUST201513,27,One Year,Standard,Credit Card,1,56.41,1428.08,79.1,3,3,0,No,34,1917.94,3,At Risk,28.4,Medium,Standard
CUST201514,13,Two Year,Standard,Credit Card,1,56.08,679.8,41.4,1,3,0,No,52,2916.16,3,At Risk,19.1,Low,Standard
CUST201515,28,Month-to-Month,Basic,Credit Card,1,20.99,581.94,59.9,2,3,1,Yes,18,377.82,3,At Risk,35.8,Medium,Standard
CUST201516,24,Month-to-Month,Standard,Credit Card,0,49.24,1142.52,30.3,2,4,2,No,18,886.32,0,Loyal Steady,35.3,Medium,Standard
CUST201517,40,One Year,Standard,Bank Transfer,1,59.49,2323.57,34.0,1,4,1,Yes,34,2022.66,0,Loyal Steady,7.1,Low,Standard
CUST201518,32,Month-to-Month,Standard,Credit Card,1,54.69,1669.3,74.8,3,4,1,No,18,984.42,0,Loyal Steady,35.5,Medium,Standard
CUST201519,25,Month-to-Month,Premium,Bank Transfer,1,93.47,2314.28,97.4,0,4,1,Yes,18,1682.46,1,Champions,25.8,Medium,Standard
CUST201520,31,Month-to-Month,Premium,Credit Card,0,88.14,2516.97,90.6,1,3,0,No,18,1586.52,1,Champions,51.4,High,Standard
CUST201521,20,Month-to-Month,Premium,Digital Wallet,0,105.5,2074.26,106.2,2,3,0,No,18,1899.0,1,Champions,65.6,Very High,Standard
CUST201522,6,Month-to-Month,Standard,Bank Transfer,0,54.58,324.86,39.6,3,3,1,Yes,18,982.44,3,At Risk,69.2,Very High,Standard
CUST201523,12,One Year,Basic,Credit Card,0,23.34,261.76,29.0,2,4,3,No,34,793.56,0,Loyal Steady,13.0,Low,Standard
CUST201524,27,Two Year,Standard,Bank Transfer,1,61.16,1534.12,53.6,0,2,0,No,52,3180.32,3,At Risk,17.0,Low,Standard
CUST201525,17,One Year,Standard,Credit Card,0,52.58,863.78,54.1,1,5,2,No,34,1787.72,0,Loyal Steady,8.9,Low,Standard
CUST201526,23,One Year,Standard,Digital Wallet,1,57.32,1219.7,48.5,1,2,2,Yes,34,1948.88,3,At Risk,22.5,Low,Standard
CUST201527,26,Month-to-Month,Basic,Bank Transfer,1,30.47,749.91,29.7,1,4,1,No,18,548.46,0,Loyal Steady,19.9,Low,Standard
CUST201528,24,Month-to-Month,Standard,Mailed Check,1,55.42,1250.1,33.0,1,3,0,No,18,997.56,3,At Risk,49.5,High,Standard
CUST201529,16,Month-to-Month,Standard,Credit Card,0,57.72,876.44,65.2,1,4,0,No,18,1038.96,0,Loyal Steady,41.7,Medium,Standard
CUST201530,15,One Year,Standard,Credit Card,1,55.51,787.59,56.9,2,2,1,No,34,1887.34,3,At Risk,35.4,Medium,Standard
CUST201531,62,Month-to-Month,Standard,Digital Wallet,1,52.19,3090.57,53.7,2,5,2,No,18,939.42,2,Low Engagement,9.1,Low,Standard
CUST201532,62,Month-to-Month,Basic,Credit Card,1,28.45,1690.41,17.5,2,3,0,Yes,18,512.1,2,Low Engagement,20.6,Low,Standard
CUST201533,31,Two Year,Basic,Credit Card,1,30.72,902.94,23.5,0,4,0,No,52,1597.44,0,Loyal Steady,4.7,Low,Standard
CUST201534,28,Month-to-Month,Basic,Bank Transfer,1,30.24,842.44,37.2,3,3,2,Yes,18,544.32,3,At Risk,37.4,Medium,Standard
CUST201535,13,Month-to-Month,Premium,Mailed Check,1,91.43,1140.95,109.6,1,3,2,No,18,1645.74,1,Champions,56.0,High,Standard
CUST201536,5,Month-to-Month,Basic,Bank Transfer,1,31.23,149.89,18.3,0,5,0,Yes,18,562.14,0,Loyal Steady,18.2,Low,Standard
CUST201537,16,One Year,Standard,Bank Transfer,0,48.98,747.88,51.4,0,4,0,No,34,1665.32,0,Loyal Steady,14.7,Low,Standard
CUST201538,28,Month-to-Month,Standard,Credit Card,1,49.45,1342.02,75.1,0,3,2,No,18,890.1,3,At Risk,26.5,Medium,Standard
CUST201539,7,Month-to-Month,Basic,Digital Wallet,1,16.33,110.08,18.9,2,5,0,No,18,293.94,0,Loyal Steady,29.1,Medium,Standard
CUST201540,18,Month-to-Month,Premium,Mailed Check,0,94.74,1615.12,96.4,2,4,1,Yes,18,1705.32,1,Champions,58.3,High,Standard
CUST201541,58,Month-to-Month,Premium,Credit Card,0,94.87,5479.79,102.3,1,4,3,No,18,1707.66,1,Champions,16.3,Low,Standard
CUST201542,63,One Year,Standard,Credit Card,0,48.46,2821.2,16.7,1,3,3,No,34,1647.64,2,Low Engagement,6.3,Low,Standard
CUST201543,43,Two Year,Premium,Credit Card,0,92.52,3883.14,83.8,0,3,2,Yes,52,4811.04,1,Champions,9.4,Low,Standard
CUST201544,34,Month-to-Month,Standard,Digital Wallet,0,52.78,1758.1,80.8,1,5,1,No,18,950.04,0,Loyal Steady,19.9,Low,Standard
CUST201545,13,One Year,Standard,Mailed Check,1,61.46,770.43,54.3,0,4,3,No,34,2089.64,0,Loyal Steady,10.4,Low,Standard
CUST201546,17,Two Year,Standard,Mailed Check,0,57.35,907.5,48.5,1,3,0,No,52,2982.2,3,At Risk,28.7,Medium,Standard
CUST201547,29,One Year,Standard,Credit Card,0,51.53,1465.72,62.7,0,4,1,Yes,34,1752.02,0,Loyal Steady,9.6,Low,Standard
CUST201548,31,Month-to-Month,Premium,Credit Card,0,87.05,2638.17,101.8,1,5,3,No,18,1566.9,1,Champions,19.2,Low,Standard
CUST201549,36,Month-to-Month,Standard,Digital Wallet,1,47.28,1569.84,37.8,1,3,1,No,18,851.04,3,At Risk,31.8,Medium,Standard
CUST201550,44,Month-to-Month,Basic,Credit Card,1,36.21,1516.93,15.2,2,3,1,No,18,651.78,2,Low Engagement,25.4,Medium,Standard
CUST201551,32,Month-to-Month,Basic,Mailed Check,1,25.02,790.43,36.4,3,5,2,No,18,450.36,0,Loyal Steady,21.9,Low,Standard
CUST201552,4,Two Year,Standard,Bank Transfer,1,60.41,222.33,45.1,0,4,2,No,52,3141.32,0,Loyal Steady,8.7,Low,Standard
CUST201553,39,Month-to-Month,Basic,Credit Card,1,28.11,1012.86,42.2,1,3,2,Yes,18,505.98,3,At Risk,20.4,Low,Standard
CUST201554,17,Month-to-Month,Basic,Credit Card,1,28.86,481.22,2.0,0,3,2,No,18,519.48,3,At Risk,24.2,Low,Standard
CUST201555,23,One Year,Basic,Mailed Check,0,24.1,524.59,30.9,2,2,2,Yes,34,819.4,3,At Risk,34.0,Medium,Standard
CUST201556,39,Month-to-Month,Standard,Credit Card,0,49.57,1899.73,84.1,1,1,0,Yes,18,892.26,3,At Risk,65.3,Very High,Standard
CUST201557,20,Month-to-Month,Basic,Mailed Check,1,17.89,353.48,24.1,3,4,1,Yes,18,322.02,0,Loyal Steady,42.8,Medium,Standard
CUST201558,56,Month-to-Month,Standard,Credit Card,1,60.44,3267.9,44.6,2,3,0,No,18,1087.92,2,Low Engagement,29.4,Medium,Standard
CUST201559,23,Month-to-Month,Standard,Digital Wallet,1,44.62,945.98,46.0,1,3,3,Yes,18,803.16,3,At Risk,32.0,Medium,Standard
CUST201560,19,One Year,Standard,Credit Card,1,47.93,896.83,60.7,0,4,0,No,34,1629.62,0,Loyal Steady,10.9,Low,Standard
CUST201561,10,One Year,Premium,Mailed Check,1,99.08,984.29,93.3,2,3,0,Yes,34,3368.72,1,Champions,44.5,High,Priority Save
CUST201562,19,Month-to-Month,Premium,Mailed Check,1,92.13,1646.7,104.3,1,4,1,Yes,18,1658.34,1,Champions,43.7,Medium,Standard
CUST201563,66,Month-to-Month,Premium,Mailed Check,1,98.18,6410.12,95.4,3,2,1,No,18,1767.24,1,Champions,52.9,High,Standard
CUST201564,58,Month-to-Month,Basic,Credit Card,1,24.55,1348.08,4.8,1,3,1,No,18,441.9,2,Low Engagement,15.3,Low,Standard
CUST201565,18,Two Year,Standard,Credit Card,1,59.13,987.01,57.9,0,5,0,No,52,3074.76,0,Loyal Steady,5.4,Low,Standard
CUST201566,49,One Year,Standard,Mailed Check,0,56.05,2688.96,33.3,2,3,0,No,34,1905.7,2,Low Engagement,23.0,Low,Standard
CUST201567,34,Two Year,Standard,Bank Transfer,1,46.62,1579.22,62.9,2,3,1,No,52,2424.24,3,At Risk,14.1,Low,Standard
CUST201568,13,One Year,Standard,Credit Card,0,62.38,749.32,59.1,1,4,0,Yes,34,2120.92,0,Loyal Steady,19.7,Low,Standard
CUST201569,9,One Year,Standard,Bank Transfer,1,51.05,453.2,35.8,2,4,1,No,34,1735.7,0,Loyal Steady,18.6,Low,Standard
CUST201570,14,Month-to-Month,Standard,Mailed Check,0,58.22,765.66,74.4,1,3,2,Yes,18,1047.96,3,At Risk,55.8,High,Standard
CUST201571,25,Two Year,Standard,Credit Card,1,55.69,1333.42,59.0,1,3,1,No,52,2895.88,3,At Risk,13.1,Low,Standard
CUST201572,16,Month-to-Month,Premium,Bank Transfer,1,96.66,1536.04,90.3,1,5,1,Yes,18,1739.88,1,Champions,25.9,Medium,Standard
CUST201573,20,Two Year,Standard,Credit Card,1,41.62,777.39,60.0,0,4,1,No,52,2164.24,0,Loyal Steady,7.4,Low,Standard
CUST201574,29,One Year,Basic,Bank Transfer,0,22.6,644.21,28.1,0,3,1,No,34,768.4,3,At Risk,11.1,Low,Standard
CUST201575,10,Month-to-Month,Standard,Digital Wallet,0,66.11,613.07,24.2,1,3,1,Yes,18,1189.98,3,At Risk,53.2,High,Standard
CUST201576,15,Month-to-Month,Standard,Bank Transfer,1,61.18,859.0,66.9,3,4,0,Yes,18,1101.24,0,Loyal Steady,49.3,High,Standard
CUST201577,42,One Year,Standard,Digital Wallet,0,50.47,2011.0,53.8,2,4,1,No,34,1715.98,0,Loyal Steady,12.4,Low,Standard
CUST201578,61,One Year,Basic,Bank Transfer,1,33.74,1958.31,45.1,1,3,2,No,34,1147.16,2,Low Engagement,4.5,Low,Standard
CUST201579,34,One Year,Basic,Bank Transfer,1,31.75,998.23,26.4,1,4,1,No,34,1079.5,0,Loyal Steady,6.1,Low,Standard
CUST201580,9,Month-to-Month,Basic,Bank Transfer,1,27.96,234.82,26.6,4,2,1,Yes,18,503.28,3,At Risk,71.6,Very High,Standard
CUST201581,51,Month-to-Month,Basic,Bank Transfer,1,23.87,1149.39,36.8,1,4,4,No,18,429.66,2,Low Engagement,7.5,Low,Standard
CUST201582,43,One Year,Premium,Bank Transfer,1,97.4,4092.86,108.0,1,3,0,No,34,3311.6,1,Champions,15.8,Low,Standard
CUST201583,11,Two Year,Standard,Credit Card,0,53.86,549.06,18.1,0,3,0,Yes,52,2800.72,3,At Risk,19.5,Low,Standard
CUST201584,31,Month-to-Month,Standard,Credit Card,1,63.25,1885.11,40.2,0,4,2,Yes,18,1138.5,0,Loyal Steady,15.8,Low,Standard
CUST201585,6,Two Year,Premium,Digital Wallet,0,95.57,552.78,96.2,2,2,2,Yes,52,4969.64,1,Champions,45.3,High,Priority Save
CUST201586,15,Two Year,Standard,Credit Card,1,58.45,830.92,66.6,1,3,1,No,52,3039.4,3,At Risk,16.3,Low,Standard
CUST201587,72,Month-to-Month,Standard,Credit Card,1,51.15,3388.28,38.2,1,4,1,No,18,920.7,2,Low Engagement,9.7,Low,Standard
CUST201588,7,One Year,Premium,Mailed Check,1,106.38,734.34,107.7,1,3,0,No,34,3616.92,1,Champions,39.3,Medium,Standard
CUST201589,37,Month-to-Month,Standard,Credit Card,1,62.6,2217.94,50.3,2,3,1,No,18,1126.8,3,At Risk,36.4,Medium,Standard
CUST201590,17,Month-to-Month,Standard,Credit Card,0,51.76,843.49,46.9,1,3,0,No,18,931.68,3,At Risk,53.3,High,Standard
CUST201591,12,Month-to-Month,Premium,Bank Transfer,1,108.64,1299.89,117.4,1,3,4,No,18,1955.52,1,Champions,39.2,Medium,Standard
CUST201592,13,Month-to-Month,Standard,Bank Transfer,1,52.66,671.04,80.5,0,3,1,No,18,947.88,3,At Risk,38.2,Medium,Standard
CUST201593,4,Month-to-Month,Basic,Digital Wallet,1,15.77,61.52,2.0,0,3,1,Yes,18,283.86,3,At Risk,36.0,Medium,Standard
CUST201594,10,One Year,Basic,Bank Transfer,1,18.08,172.49,22.6,3,4,1,Yes,34,614.72,0,Loyal Steady,18.1,Low,Standard
CUST201595,36,Month-to-Month,Basic,Bank Transfer,0,26.87,925.22,30.4,2,3,1,Yes,18,483.66,3,At Risk,36.5,Medium,Standard
CUST201596,50,Month-to-Month,Standard,Digital Wallet,1,56.86,2632.78,57.5,1,2,1,No,18,1023.48,2,Low Engagement,35.1,Medium,Standard
CUST201597,32,Two Year,Standard,Credit Card,1,52.62,1643.96,61.3,1,3,1,No,52,2736.24,3,At Risk,11.3,Low,Standard
CUST201598,6,Two Year,Premium,Digital Wallet,1,96.0,565.3,105.4,0,4,0,No,52,4992.0,1,Champions,15.1,Low,Standard
CUST201599,37,Month-to-Month,Premium,Bank Transfer,0,89.79,3220.06,87.0,1,5,0,Yes,18,1616.22,1,Champions,24.6,Medium,Standard
CUST201600,25,Month-to-Month,Standard,Digital Wallet,1,54.24,1336.4,59.4,1,4,1,Yes,18,976.32,0,Loyal Steady,27.3,Medium,Standard
CUST201601,64,One Year,Basic,Bank Transfer,1,23.94,1506.03,54.6,1,3,0,Yes,34,813.96,2,Low Engagement,5.9,Low,Standard
CUST201602,54,Month-to-Month,Basic,Credit Card,1,24.31,1267.69,34.3,2,2,0,No,18,437.58,2,Low Engagement,35.1,Medium,Standard
CUST201603,45,Two Year,Premium,Credit Card,1,88.18,3670.8,90.0,3,1,2,No,52,4585.36,1,Champions,33.0,Medium,Standard
CUST201604,58,Month-to-Month,Standard,Bank Transfer,1,49.86,2696.96,35.3,2,4,1,No,18,897.48,2,Low Engagement,16.9,Low,Standard
CUST201605,22,Month-to-Month,Premium,Credit Card,1,93.0,2023.9,85.4,2,3,2,No,18,1674.0,1,Champions,48.4,High,Standard
CUST201606,18,Month-to-Month,Standard,Bank Transfer,1,47.13,810.19,62.9,1,3,0,Yes,18,848.34,3,At Risk,46.1,High,Standard
CUST201607,72,Month-to-Month,Standard,Credit Card,0,52.01,3561.82,65.8,2,4,2,Yes,18,936.18,2,Low Engagement,14.3,Low,Standard
CUST201608,19,Month-to-Month,Basic,Bank Transfer,0,32.11,566.65,57.4,1,3,1,Yes,18,577.98,3,At Risk,40.3,Medium,Standard
CUST201609,14,Two Year,Basic,Mailed Check,0,33.17,444.27,41.6,2,5,1,No,52,1724.84,0,Loyal Steady,11.6,Low,Standard
CUST201610,17,One Year,Premium,Mailed Check,0,92.58,1556.55,86.0,2,3,0,No,34,3147.72,1,Champions,47.4,High,Priority Save
CUST201611,30,One Year,Standard,Digital Wallet,1,55.61,1657.07,53.7,1,4,0,No,34,1890.74,0,Loyal Steady,11.1,Low,Standard
CUST201612,32,Two Year,Standard,Credit Card,1,62.81,1992.95,50.2,1,3,0,No,52,3266.12,3,At Risk,12.7,Low,Standard
CUST201613,13,One Year,Basic,Bank Transfer,1,29.98,383.59,30.6,1,3,0,No,34,1019.32,3,At Risk,18.0,Low,Standard
CUST201614,12,One Year,Standard,Credit Card,1,55.46,623.94,77.6,1,3,1,No,34,1885.64,3,At Risk,21.5,Low,Standard
CUST201615,72,Month-to-Month,Standard,Credit Card,1,53.11,3763.93,40.2,2,2,0,No,18,955.98,2,Low Engagement,31.7,Medium,Standard
CUST201616,18,Month-to-Month,Basic,Digital Wallet,0,38.5,644.22,40.0,1,4,0,No,18,693.0,0,Loyal Steady,33.3,Medium,Standard
CUST201617,54,One Year,Basic,Bank Transfer,0,29.21,1526.86,32.6,1,3,1,No,34,993.14,2,Low Engagement,8.1,Low,Standard
CUST201618,48,Two Year,Standard,Credit Card,1,47.17,2199.89,66.9,2,3,0,Yes,52,2452.84,2,Low Engagement,12.0,Low,Standard
CUST201619,8,Month-to-Month,Standard,Digital Wallet,1,44.79,348.92,33.9,2,4,3,No,18,806.22,0,Loyal Steady,35.5,Medium,Standard
CUST201620,23,Month-to-Month,Basic,Credit Card,0,28.79,641.47,2.0,3,3,1,No,18,518.22,3,At Risk,50.9,High,Standard
CUST201621,38,Month-to-Month,Standard,Digital Wallet,0,53.08,1966.59,58.3,0,4,1,No,18,955.44,0,Loyal Steady,21.2,Low,Standard
CUST201622,43,Month-to-Month,Premium,Credit Card,1,103.71,4112.59,96.7,1,2,1,No,18,1866.78,1,Champions,44.3,High,Standard
CUST201623,32,One Year,Premium,Bank Transfer,1,85.12,2636.11,118.2,2,3,2,Yes,34,2894.08,1,Champions,19.8,Low,Standard
CUST201624,38,Two Year,Premium,Bank Transfer,0,86.86,3129.88,103.8,2,4,0,No,52,4516.72,1,Champions,15.5,Low,Standard
CUST201625,52,Two Year,Basic,Digital Wallet,1,25.86,1248.26,32.7,2,2,2,No,52,1344.72,2,Low Engagement,9.7,Low,Standard
CUST201626,36,One Year,Standard,Credit Card,0,48.35,1642.85,62.2,1,3,0,No,34,1643.9,3,At Risk,19.0,Low,Standard
CUST201627,19,Month-to-Month,Standard,Mailed Check,1,62.39,1155.4,59.0,1,3,0,No,18,1123.02,3,At Risk,53.1,High,Standard
CUST201628,30,Month-to-Month,Premium,Credit Card,0,98.68,2806.46,72.2,1,4,2,No,18,1776.24,1,Champions,30.9,Medium,Standard
CUST201629,10,One Year,Premium,Credit Card,0,103.08,1003.88,84.6,0,3,1,No,34,3504.72,1,Champions,26.1,Medium,Standard
CUST201630,46,Two Year,Basic,Mailed Check,0,15.0,641.44,25.4,0,3,0,No,52,780.0,2,Low Engagement,9.7,Low,Standard
CUST201631,20,Month-to-Month,Basic,Bank Transfer,0,15.0,296.8,18.6,0,2,0,Yes,18,270.0,3,At Risk,48.8,High,Standard
CUST201632,10,Two Year,Basic,Bank Transfer,1,29.88,287.57,36.1,1,4,4,No,52,1553.76,0,Loyal Steady,5.5,Low,Standard
CUST201633,72,Two Year,Basic,Credit Card,1,17.01,1155.98,14.4,1,1,0,No,52,884.52,2,Low Engagement,9.6,Low,Standard
CUST201634,7,Month-to-Month,Standard,Mailed Check,0,61.31,400.6,58.4,3,4,0,Yes,18,1103.58,0,Loyal Steady,68.9,Very High,Standard
CUST201635,46,Two Year,Standard,Bank Transfer,1,48.54,2188.69,47.1,2,2,1,No,52,2524.08,3,At Risk,16.3,Low,Standard
CUST201636,21,One Year,Standard,Digital Wallet,0,68.64,1336.59,66.2,0,1,1,No,34,2333.76,3,At Risk,37.3,Medium,Standard
CUST201637,22,Two Year,Basic,Digital Wallet,1,23.27,508.39,26.9,2,3,0,No,52,1210.04,3,At Risk,16.2,Low,Standard
CUST201638,21,One Year,Basic,Credit Card,1,24.5,503.84,18.0,0,3,2,No,34,833.0,3,At Risk,8.8,Low,Standard
CUST201639,27,One Year,Standard,Digital Wallet,1,60.77,1578.57,54.1,5,4,0,No,34,2066.18,0,Loyal Steady,30.0,Medium,Standard
CUST201640,16,Two Year,Standard,Credit Card,0,57.91,922.9,63.3,2,3,0,No,52,3011.32,3,At Risk,28.6,Medium,Standard
CUST201641,21,One Year,Standard,Digital Wallet,0,54.08,1067.04,50.1,1,4,1,No,34,1838.72,0,Loyal Steady,15.1,Low,Standard
CUST201642,18,Month-to-Month,Premium,Bank Transfer,1,114.54,2011.23,70.1,3,3,1,Yes,18,2061.72,1,Champions,60.4,High,Priority Save
CUST201643,11,Month-to-Month,Standard,Credit Card,1,52.25,535.29,50.2,2,3,1,Yes,18,940.5,3,At Risk,53.1,High,Standard
CUST201644,11,Two Year,Standard,Credit Card,1,46.99,494.6,62.1,1,4,1,No,52,2443.48,0,Loyal Steady,11.8,Low,Standard
CUST201645,11,Month-to-Month,Premium,Credit Card,1,101.87,1038.33,89.8,0,4,3,Yes,18,1833.66,1,Champions,25.9,Medium,Standard
CUST201646,20,Month-to-Month,Premium,Credit Card,1,96.51,1908.72,94.3,0,3,0,Yes,18,1737.18,1,Champions,43.5,Medium,Standard
CUST201647,47,Month-to-Month,Premium,Digital Wallet,1,91.59,3962.8,121.5,1,4,2,No,18,1648.62,1,Champions,19.6,Low,Standard
CUST201648,30,Month-to-Month,Standard,Credit Card,1,51.95,1507.91,60.1,2,2,1,Yes,18,935.1,3,At Risk,53.9,High,Standard
CUST201649,33,One Year,Basic,Credit Card,1,26.71,838.15,38.8,3,3,1,No,34,908.14,3,At Risk,17.0,Low,Standard
CUST201650,24,Month-to-Month,Basic,Digital Wallet,0,31.98,725.89,40.3,2,4,0,Yes,18,575.64,0,Loyal Steady,36.8,Medium,Standard
CUST201651,8,Month-to-Month,Standard,Credit Card,1,60.24,474.16,47.4,1,3,1,Yes,18,1084.32,3,At Risk,47.2,High,Standard
CUST201652,72,One Year,Premium,Credit Card,1,84.53,6068.82,86.8,0,1,0,No,34,2874.02,2,Low Engagement,15.6,Low,Standard
CUST201653,23,Month-to-Month,Standard,Credit Card,1,54.47,1165.99,52.7,0,4,1,No,18,980.46,0,Loyal Steady,21.9,Low,Standard
CUST201654,64,One Year,Basic,Digital Wallet,0,23.06,1446.73,24.8,1,5,1,No,34,784.04,2,Low Engagement,2.5,Low,Standard
CUST201655,21,Month-to-Month,Premium,Mailed Check,0,99.31,2035.69,79.1,2,1,1,Yes,18,1787.58,1,Champions,85.1,Very High,Standard
CUST201656,72,Month-to-Month,Basic,Bank Transfer,1,18.24,1249.6,18.6,0,4,1,No,18,328.32,2,Low Engagement,5.5,Low,Standard
CUST201657,5,One Year,Basic,Bank Transfer,1,24.14,112.64,31.6,1,4,0,No,34,820.76,0,Loyal Steady,14.1,Low,Standard
CUST201658,31,One Year,Basic,Mailed Check,0,27.87,810.89,32.5,0,5,0,No,34,947.58,0,Loyal Steady,6.7,Low,Standard
CUST201659,36,Month-to-Month,Basic,Digital Wallet,1,24.94,870.5,4.6,0,4,0,No,18,448.92,0,Loyal Steady,14.9,Low,Standard
CUST201660,20,Month-to-Month,Standard,Credit Card,1,56.97,1088.76,63.4,1,5,0,No,18,1025.46,0,Loyal Steady,22.6,Low,Standard
CUST201661,24,Two Year,Basic,Digital Wallet,1,35.82,839.37,43.4,1,2,3,No,52,1862.64,3,At Risk,12.0,Low,Standard
CUST201662,46,Month-to-Month,Standard,Credit Card,0,61.25,2677.68,55.2,0,3,3,Yes,18,1102.5,2,Low Engagement,19.6,Low,Standard
CUST201663,1,Month-to-Month,Premium,Credit Card,1,86.01,82.8,93.5,2,2,1,Yes,18,1548.18,1,Champions,76.2,Very High,Standard
CUST201664,56,One Year,Premium,Credit Card,1,103.37,5580.31,126.9,1,3,1,No,34,3514.58,1,Champions,10.4,Low,Standard
CUST201665,35,Two Year,Standard,Bank Transfer,0,61.27,1988.11,50.1,2,4,1,No,52,3186.04,0,Loyal Steady,10.9,Low,Standard
CUST201666,56,Month-to-Month,Basic,Bank Transfer,0,18.66,1017.1,7.9,0,4,0,Yes,18,335.88,2,Low Engagement,12.0,Low,Standard
CUST201667,8,Month-to-Month,Basic,Credit Card,0,24.54,190.25,11.4,4,1,3,No,18,441.72,3,At Risk,80.3,Very High,Standard
CUST201668,5,One Year,Premium,Digital Wallet,1,92.64,459.44,115.9,0,4,3,No,34,3149.76,1,Champions,12.6,Low,Standard
CUST201669,17,Two Year,Standard,Bank Transfer,1,60.27,972.87,70.4,1,5,0,No,52,3134.04,0,Loyal Steady,7.4,Low,Standard
CUST201670,24,Month-to-Month,Standard,Mailed Check,0,50.45,1137.47,40.8,1,3,0,Yes,18,908.1,3,At Risk,57.2,High,Standard
CUST201671,72,Two Year,Premium,Mailed Check,0,94.05,6761.17,98.4,0,3,2,No,52,4890.6,1,Champions,6.6,Low,Standard
CUST201672,27,Month-to-Month,Premium,Digital Wallet,0,100.7,2535.19,81.6,1,4,1,Yes,18,1812.6,1,Champions,37.4,Medium,Standard
CUST201673,72,Two Year,Standard,Mailed Check,0,51.42,3596.15,48.6,0,3,3,No,52,2673.84,2,Low Engagement,4.3,Low,Standard
CUST201674,24,Month-to-Month,Standard,Credit Card,1,52.42,1226.85,76.2,2,3,2,Yes,18,943.56,3,At Risk,41.5,Medium,Standard
CUST201675,23,One Year,Standard,Credit Card,1,61.67,1355.31,43.1,3,3,1,Yes,34,2096.78,3,At Risk,26.0,Medium,Standard
CUST201676,30,Two Year,Standard,Bank Transfer,0,51.52,1450.57,65.2,4,2,0,No,52,2679.04,3,At Risk,45.6,High,Priority Save
CUST201677,11,Month-to-Month,Premium,Bank Transfer,1,113.11,1185.91,85.3,1,3,2,No,18,2035.98,1,Champions,46.8,High,Priority Save
CUST201678,24,Two Year,Standard,Credit Card,1,53.06,1257.52,53.2,0,3,1,No,52,2759.12,3,At Risk,10.4,Low,Standard
CUST201679,23,One Year,Basic,Digital Wallet,0,15.0,338.67,35.1,0,3,2,No,34,510.0,3,At Risk,11.7,Low,Standard
CUST201680,25,Month-to-Month,Basic,Bank Transfer,1,31.06,746.25,14.9,2,4,1,No,18,559.08,0,Loyal Steady,25.1,Medium,Standard
CUST201681,71,Month-to-Month,Standard,Credit Card,1,55.77,3945.26,42.6,0,4,1,No,18,1003.86,2,Low Engagement,7.6,Low,Standard
CUST201682,24,One Year,Standard,Credit Card,1,57.87,1337.36,63.5,1,3,3,No,34,1967.58,3,At Risk,12.4,Low,Standard
CUST201683,8,Month-to-Month,Standard,Bank Transfer,1,59.81,469.12,73.0,3,4,1,No,18,1076.58,0,Loyal Steady,49.8,High,Standard
CUST201684,15,Month-to-Month,Standard,Digital Wallet,1,66.96,975.31,43.1,1,4,3,No,18,1205.28,0,Loyal Steady,24.8,Medium,Standard
CUST201685,11,Month-to-Month,Premium,Credit Card,1,102.22,1080.39,103.4,0,5,2,No,18,1839.96,1,Champions,20.2,Low,Standard
CUST201686,50,Month-to-Month,Standard,Digital Wallet,1,50.88,2414.83,40.8,2,1,0,Yes,18,915.84,3,At Risk,58.4,High,Standard
CUST201687,35,Month-to-Month,Premium,Bank Transfer,1,101.98,3462.1,100.7,2,3,0,Yes,18,1835.64,1,Champions,48.3,High,Standard
CUST201688,18,One Year,Standard,Mailed Check,1,56.77,941.02,49.6,3,2,0,No,34,1930.18,3,At Risk,52.7,High,Priority Save
CUST201689,34,Month-to-Month,Premium,Digital Wallet,1,88.24,2944.95,77.8,1,3,1,No,18,1588.32,1,Champions,38.9,Medium,Standard
CUST201690,67,Month-to-Month,Premium,Credit Card,1,91.8,5708.0,76.7,1,3,0,No,18,1652.4,1,Champions,23.6,Low,Standard
CUST201691,38,One Year,Standard,Mailed Check,1,66.67,2522.91,70.7,1,5,0,No,34,2266.78,0,Loyal Steady,7.6,Low,Standard
CUST201692,28,Month-to-Month,Premium,Bank Transfer,1,91.14,2544.71,92.9,4,3,1,No,18,1640.52,1,Champions,63.2,Very High,Standard
CUST201693,57,Month-to-Month,Premium,Mailed Check,0,100.71,5355.22,102.0,3,2,2,Yes,18,1812.78,1,Champions,61.5,High,Standard
CUST201694,29,Month-to-Month,Premium,Bank Transfer,0,94.16,2525.4,78.4,1,3,1,No,18,1694.88,1,Champions,47.6,High,Standard
CUST201695,14,One Year,Standard,Credit Card,0,58.6,773.9,77.2,3,3,0,Yes,34,1992.4,3,At Risk,42.2,Medium,Standard
CUST201696,11,Month-to-Month,Basic,Mailed Check,0,18.64,200.85,57.4,0,4,1,No,18,335.52,0,Loyal Steady,35.2,Medium,Standard
CUST201697,50,Month-to-Month,Premium,Credit Card,0,93.54,4664.92,85.2,1,3,1,Yes,18,1683.72,1,Champions,35.1,Medium,Standard
CUST201698,23,Two Year,Basic,Credit Card,1,15.0,341.74,16.5,0,3,1,No,52,780.0,3,At Risk,7.9,Low,Standard
CUST201699,46,Month-to-Month,Basic,Mailed Check,1,36.13,1576.76,19.1,2,3,4,Yes,18,650.34,2,Low Engagement,21.6,Low,Standard
CUST201700,72,One Year,Basic,Mailed Check,1,27.06,1898.18,35.2,2,3,2,No,34,920.04,2,Low Engagement,6.3,Low,Standard
CUST201701,29,One Year,Standard,Digital Wallet,0,47.53,1281.31,63.6,3,4,1,No,34,1616.02,0,Loyal Steady,21.1,Low,Standard
CUST201702,8,Month-to-Month,Standard,Digital Wallet,0,53.63,400.22,57.6,1,3,2,No,18,965.34,3,At Risk,51.9,High,Standard
CUST201703,40,One Year,Premium,Digital Wallet,1,98.98,3657.48,93.2,0,4,1,No,34,3365.32,1,Champions,7.3,Low,Standard
CUST201704,24,One Year,Standard,Bank Transfer,1,53.46,1245.61,73.2,0,3,1,No,34,1817.64,3,At Risk,13.0,Low,Standard
CUST201705,13,Month-to-Month,Premium,Credit Card,1,87.45,1115.41,104.5,3,5,1,Yes,18,1574.1,1,Champions,41.3,Medium,Standard
CUST201706,38,Month-to-Month,Basic,Credit Card,1,16.37,613.15,8.7,0,5,1,No,18,294.66,0,Loyal Steady,7.7,Low,Standard
CUST201707,23,Month-to-Month,Basic,Digital Wallet,1,28.11,638.68,14.9,1,3,0,No,18,505.98,3,At Risk,35.2,Medium,Standard
CUST201708,17,Two Year,Premium,Digital Wallet,1,99.24,1615.03,97.9,1,2,2,Yes,52,5160.48,1,Champions,25.8,Medium,Standard
CUST201709,16,Two Year,Standard,Bank Transfer,1,39.71,632.24,51.5,1,4,1,No,52,2064.92,0,Loyal Steady,10.5,Low,Standard
CUST201710,8,Month-to-Month,Basic,Credit Card,0,20.56,151.96,30.9,2,2,2,Yes,18,370.08,3,At Risk,62.6,High,Standard
CUST201711,56,Month-to-Month,Premium,Credit Card,1,91.07,5052.84,96.1,1,4,1,No,18,1639.26,1,Champions,17.6,Low,Standard
CUST201712,4,One Year,Standard,Credit Card,1,54.48,217.75,53.7,5,2,0,Yes,34,1852.32,3,At Risk,67.3,Very High,Standard
CUST201713,17,One Year,Basic,Credit Card,1,28.94,466.84,25.1,2,2,3,No,34,983.96,3,At Risk,21.0,Low,Standard
CUST201714,32,Two Year,Basic,Credit Card,1,31.61,987.1,21.2,2,4,0,No,52,1643.72,0,Loyal Steady,7.8,Low,Standard
CUST201715,46,One Year,Premium,Credit Card,0,91.85,3949.77,103.1,1,3,1,No,34,3122.9,1,Champions,16.6,Low,Standard
CUST201716,45,One Year,Basic,Mailed Check,1,18.92,795.79,14.4,0,4,0,Yes,34,643.28,2,Low Engagement,5.9,Low,Standard
CUST201717,17,One Year,Standard,Mailed Check,1,50.09,819.98,53.0,1,3,0,No,34,1703.06,3,At Risk,28.2,Medium,Standard
CUST201718,46,Month-to-Month,Standard,Bank Transfer,1,63.25,2781.55,48.3,0,4,1,No,18,1138.5,2,Low Engagement,13.2,Low,Standard
CUST201719,11,Month-to-Month,Standard,Bank Transfer,1,53.93,549.84,33.3,0,3,2,No,18,970.74,3,At Risk,34.2,Medium,Standard
CUST201720,22,One Year,Premium,Credit Card,1,100.12,2102.67,85.6,1,2,1,No,34,3404.08,1,Champions,30.4,Medium,Standard
CUST201721,26,Month-to-Month,Basic,Credit Card,1,27.42,668.1,15.2,1,3,2,No,18,493.56,3,At Risk,25.7,Medium,Standard
CUST201722,22,Month-to-Month,Standard,Digital Wallet,1,68.0,1488.31,81.7,4,3,0,Yes,18,1224.0,1,Champions,65.4,Very High,Standard
CUST201723,17,Month-to-Month,Basic,Credit Card,1,15.48,255.33,43.8,3,5,1,No,18,278.64,0,Loyal Steady,26.3,Medium,Standard
CUST201724,15,Month-to-Month,Basic,Mailed Check,1,22.46,328.05,20.7,2,4,0,Yes,18,404.28,0,Loyal Steady,42.5,Medium,Standard
CUST201725,16,Month-to-Month,Standard,Bank Transfer,0,51.89,821.14,44.9,0,3,1,Yes,18,934.02,3,At Risk,42.3,Medium,Standard
CUST201726,9,One Year,Basic,Bank Transfer,1,33.04,284.68,33.3,2,3,0,No,34,1123.36,3,At Risk,24.5,Medium,Standard
CUST201727,32,One Year,Basic,Bank Transfer,1,23.37,698.64,27.7,2,3,0,No,34,794.58,3,At Risk,15.5,Low,Standard
CUST201728,5,Month-to-Month,Basic,Digital Wallet,0,28.94,134.62,2.0,2,4,2,Yes,18,520.92,0,Loyal Steady,39.5,Medium,Standard
CUST201729,68,Month-to-Month,Standard,Bank Transfer,1,40.67,2660.19,69.4,2,3,0,No,18,732.06,2,Low Engagement,24.7,Medium,Standard
CUST201730,72,Month-to-Month,Standard,Credit Card,1,53.13,3791.27,32.6,1,4,4,No,18,956.34,2,Low Engagement,6.0,Low,Standard
CUST201731,16,Month-to-Month,Premium,Mailed Check,1,100.81,1563.86,98.1,1,3,3,Yes,18,1814.58,1,Champions,49.1,High,Standard
CUST201732,26,Two Year,Standard,Bank Transfer,1,60.92,1540.33,58.2,1,4,0,No,52,3167.84,0,Loyal Steady,9.3,Low,Standard
CUST201733,20,Month-to-Month,Standard,Credit Card,0,52.28,990.74,37.5,2,4,1,No,18,941.04,0,Loyal Steady,41.7,Medium,Standard
CUST201734,68,Two Year,Premium,Digital Wallet,1,89.1,5900.12,98.5,5,3,0,No,52,4633.2,1,Champions,20.9,Low,Standard
CUST201735,26,Month-to-Month,Standard,Credit Card,1,51.95,1316.09,54.9,0,4,2,Yes,18,935.1,0,Loyal Steady,18.2,Low,Standard
CUST201736,13,Month-to-Month,Premium,Bank Transfer,0,93.84,1134.55,95.2,3,3,0,Yes,18,1689.12,1,Champions,74.7,Very High,Standard
CUST201737,15,Month-to-Month,Standard,Bank Transfer,0,65.03,972.7,24.7,1,5,1,No,18,1170.54,0,Loyal Steady,25.9,Medium,Standard
CUST201738,9,Month-to-Month,Premium,Credit Card,1,91.7,812.43,100.0,3,3,1,No,18,1650.6,1,Champions,67.8,Very High,Standard
CUST201739,52,Month-to-Month,Premium,Credit Card,0,97.86,4983.34,110.3,2,4,2,Yes,18,1761.48,1,Champions,26.4,Medium,Standard
CUST201740,10,One Year,Basic,Mailed Check,1,32.23,320.78,50.3,1,4,1,No,34,1095.82,0,Loyal Steady,14.8,Low,Standard
CUST201741,29,Month-to-Month,Standard,Bank Transfer,1,53.22,1489.7,62.9,1,4,0,No,18,957.96,0,Loyal Steady,27.8,Medium,Standard
CUST201742,43,One Year,Basic,Credit Card,1,18.24,736.23,55.8,3,4,0,Yes,34,620.16,2,Low Engagement,10.5,Low,Standard
CUST201743,49,Month-to-Month,Basic,Credit Card,1,21.82,1056.04,31.1,3,1,1,Yes,18,392.76,3,At Risk,53.6,High,Standard
CUST201744,9,Month-to-Month,Basic,Digital Wallet,1,25.93,228.64,2.0,0,2,2,No,18,466.74,3,At Risk,40.5,Medium,Standard
CUST201745,5,Two Year,Premium,Bank Transfer,0,96.32,456.26,90.7,2,3,1,Yes,52,5008.64,1,Champions,36.4,Medium,Standard
CUST201746,24,One Year,Premium,Credit Card,1,92.72,2177.16,91.2,1,2,1,Yes,34,3152.48,1,Champions,29.8,Medium,Standard
CUST201747,16,Month-to-Month,Premium,Mailed Check,1,100.59,1504.19,115.3,2,4,0,No,18,1810.62,1,Champions,56.8,High,Standard
CUST201748,18,Month-to-Month,Basic,Credit Card,1,17.04,284.25,13.9,1,2,3,No,18,306.72,3,At Risk,37.8,Medium,Standard
CUST201749,6,Month-to-Month,Premium,Digital Wallet,1,92.15,535.55,72.0,1,3,1,Yes,18,1658.7,1,Champions,56.1,High,Standard
CUST201750,16,Month-to-Month,Basic,Digital Wallet,1,24.0,378.61,48.3,0,3,1,No,18,432.0,3,At Risk,30.1,Medium,Standard
CUST201751,14,One Year,Standard,Credit Card,1,54.73,712.68,62.7,2,5,1,Yes,34,1860.82,0,Loyal Steady,11.1,Low,Standard
CUST201752,20,Month-to-Month,Basic,Credit Card,1,19.07,369.04,56.3,2,4,0,No,18,343.26,0,Loyal Steady,32.8,Medium,Standard
CUST201753,10,Month-to-Month,Standard,Digital Wallet,1,55.52,528.72,57.9,2,3,1,No,18,999.36,3,At Risk,54.8,High,Standard
CUST201754,30,Month-to-Month,Premium,Bank Transfer,1,93.88,2800.8,97.0,0,5,1,No,18,1689.84,1,Champions,15.6,Low,Standard
CUST201755,25,Month-to-Month,Standard,Credit Card,0,52.17,1214.9,55.5,1,3,0,Yes,18,939.06,3,At Risk,48.5,High,Standard
CUST201756,51,Month-to-Month,Basic,Credit Card,0,25.36,1284.81,9.8,3,3,1,No,18,456.48,2,Low Engagement,34.1,Medium,Standard
CUST201757,36,Month-to-Month,Standard,Bank Transfer,1,58.45,1954.62,31.4,1,4,2,No,18,1052.1,0,Loyal Steady,18.0,Low,Standard
CUST201758,21,Month-to-Month,Standard,Credit Card,1,58.99,1208.16,45.2,3,4,0,No,18,1061.82,0,Loyal Steady,45.1,High,Standard
CUST201759,30,Month-to-Month,Basic,Credit Card,1,23.11,642.66,38.0,3,2,0,No,18,415.98,3,At Risk,57.3,High,Standard
CUST201760,11,Month-to-Month,Basic,Bank Transfer,0,27.6,298.83,35.8,1,3,2,No,18,496.8,3,At Risk,40.8,Medium,Standard
CUST201761,31,Month-to-Month,Standard,Credit Card,0,70.09,2027.98,57.3,0,3,1,No,18,1261.62,3,At Risk,33.0,Medium,Standard
CUST201762,16,Month-to-Month,Standard,Digital Wallet,1,60.05,898.51,49.3,1,2,1,Yes,18,1080.9,3,At Risk,55.8,High,Standard
CUST201763,10,Two Year,Standard,Bank Transfer,1,64.18,625.8,48.5,1,5,2,No,52,3337.36,0,Loyal Steady,6.2,Low,Standard
CUST201764,66,Month-to-Month,Standard,Digital Wallet,0,52.3,3230.51,33.6,0,4,1,No,18,941.4,2,Low Engagement,11.4,Low,Standard
CUST201765,29,Month-to-Month,Standard,Digital Wallet,1,61.36,1762.88,74.0,2,4,1,Yes,18,1104.48,0,Loyal Steady,31.3,Medium,Standard
CUST201766,15,One Year,Standard,Bank Transfer,0,59.89,873.06,33.8,1,3,1,No,34,2036.26,3,At Risk,24.0,Low,Standard
CUST201767,20,One Year,Basic,Credit Card,1,19.71,370.38,40.5,1,4,0,No,34,670.14,0,Loyal Steady,10.4,Low,Standard
CUST201768,11,One Year,Premium,Credit Card,1,94.91,978.93,98.7,3,3,1,No,34,3226.94,1,Champions,39.1,Medium,Standard
CUST201769,7,Two Year,Standard,Credit Card,1,53.73,364.38,59.9,1,3,0,No,52,2793.96,3,At Risk,22.1,Low,Standard
CUST201770,26,Month-to-Month,Premium,Bank Transfer,1,92.93,2278.38,117.7,0,3,2,Yes,18,1672.74,1,Champions,32.8,Medium,Standard
CUST201771,42,Month-to-Month,Basic,Bank Transfer,1,20.03,818.9,21.6,1,4,2,Yes,18,360.54,2,Low Engagement,12.4,Low,Standard
CUST201772,30,One Year,Standard,Credit Card,1,58.63,1719.05,55.9,2,3,1,No,34,1993.42,3,At Risk,18.3,Low,Standard
CUST201773,33,Month-to-Month,Standard,Credit Card,0,55.29,1758.49,59.6,2,3,2,Yes,18,995.22,3,At Risk,42.3,Medium,Standard
CUST201774,59,Two Year,Basic,Digital Wallet,1,30.27,1689.12,12.1,2,3,2,No,52,1574.04,2,Low Engagement,5.0,Low,Standard
CUST201775,28,Month-to-Month,Standard,Digital Wallet,1,45.35,1179.15,54.6,0,4,1,No,18,816.3,0,Loyal Steady,20.9,Low,Standard
CUST201776,26,One Year,Standard,Digital Wallet,1,59.37,1505.84,63.2,2,2,2,Yes,34,2018.58,3,At Risk,26.7,Medium,Standard
CUST201777,30,Month-to-Month,Premium,Digital Wallet,0,91.38,2662.7,84.4,2,5,0,No,18,1644.84,1,Champions,35.2,Medium,Standard
CUST201778,6,Month-to-Month,Basic,Credit Card,0,31.17,176.39,26.7,1,2,1,No,18,561.06,3,At Risk,60.2,High,Standard
CUST201779,38,Month-to-Month,Standard,Credit Card,1,56.0,2011.69,52.1,0,4,1,No,18,1008.0,0,Loyal Steady,16.0,Low,Standard
CUST201780,17,Month-to-Month,Premium,Digital Wallet,0,94.95,1566.78,117.6,0,4,1,Yes,18,1709.1,1,Champions,37.9,Medium,Standard
CUST201781,40,Two Year,Premium,Bank Transfer,1,88.58,3315.27,93.2,7,3,1,No,52,4606.16,1,Champions,43.6,Medium,Standard
CUST201782,12,Two Year,Premium,Credit Card,1,93.86,1053.21,87.4,1,5,0,Yes,52,4880.72,1,Champions,10.5,Low,Standard
CUST201783,9,Month-to-Month,Basic,Bank Transfer,1,15.0,125.56,2.4,2,3,3,No,18,270.0,3,At Risk,37.8,Medium,Standard
CUST201784,9,One Year,Basic,Mailed Check,0,23.39,208.74,32.2,1,3,5,No,34,795.26,3,At Risk,16.8,Low,Standard
CUST201785,41,Two Year,Basic,Credit Card,1,24.26,964.29,6.7,3,3,1,No,52,1261.52,2,Low Engagement,11.2,Low,Standard
CUST201786,44,One Year,Basic,Bank Transfer,1,22.25,940.62,28.9,0,4,3,No,34,756.5,2,Low Engagement,2.7,Low,Standard
CUST201787,14,Month-to-Month,Basic,Mailed Check,1,25.24,338.53,9.3,1,4,1,No,18,454.32,0,Loyal Steady,31.9,Medium,Standard
CUST201788,2,One Year,Standard,Credit Card,0,54.49,104.13,58.5,1,3,2,No,34,1852.66,3,At Risk,28.1,Medium,Standard
CUST201789,24,Month-to-Month,Standard,Mailed Check,1,59.37,1313.67,45.4,0,4,0,No,18,1068.66,0,Loyal Steady,30.8,Medium,Standard
CUST201790,40,One Year,Basic,Credit Card,1,26.17,1035.23,61.0,0,4,4,No,34,889.78,0,Loyal Steady,2.6,Low,Standard
CUST201791,64,One Year,Standard,Credit Card,1,63.64,3972.63,46.1,0,3,1,No,34,2163.76,2,Low Engagement,4.9,Low,Standard
CUST201792,52,Month-to-Month,Standard,Credit Card,1,51.68,2623.98,49.4,3,4,1,No,18,930.24,2,Low Engagement,24.4,Medium,Standard
CUST201793,27,One Year,Standard,Credit Card,1,57.48,1488.78,34.1,5,3,1,No,34,1954.32,3,At Risk,36.2,Medium,Standard
CUST201794,10,Month-to-Month,Standard,Bank Transfer,0,59.74,557.9,56.4,2,3,0,Yes,18,1075.32,3,At Risk,64.3,Very High,Standard
CUST201795,32,One Year,Basic,Bank Transfer,1,25.48,764.45,32.0,0,4,1,No,34,866.32,0,Loyal Steady,5.0,Low,Standard
CUST201796,15,Month-to-Month,Standard,Mailed Check,1,56.69,830.4,37.8,0,4,4,No,18,1020.42,0,Loyal Steady,22.2,Low,Standard
CUST201797,24,One Year,Standard,Credit Card,1,63.86,1486.64,70.6,2,4,1,No,34,2171.24,0,Loyal Steady,13.7,Low,Standard
CUST201798,3,Month-to-Month,Basic,Credit Card,1,27.73,80.52,55.3,0,4,1,No,18,499.14,0,Loyal Steady,25.8,Medium,Standard
CUST201799,25,Month-to-Month,Standard,Bank Transfer,1,55.12,1308.6,40.5,2,3,0,Yes,18,992.16,3,At Risk,47.8,High,Standard
CUST201800,55,Month-to-Month,Premium,Bank Transfer,1,99.23,5331.2,116.5,1,3,2,No,18,1786.14,1,Champions,23.5,Low,Standard
CUST201801,9,Month-to-Month,Standard,Credit Card,0,48.33,407.01,51.3,1,5,1,No,18,869.94,0,Loyal Steady,30.5,Medium,Standard
CUST201802,47,One Year,Basic,Digital Wallet,1,24.84,1082.64,2.2,1,5,3,No,34,844.56,0,Loyal Steady,2.0,Low,Standard
CUST201803,40,One Year,Basic,Mailed Check,0,20.81,795.43,17.1,2,2,2,No,34,707.54,3,At Risk,24.8,Medium,Standard
CUST201804,17,Month-to-Month,Basic,Credit Card,0,29.49,463.8,53.6,2,2,2,Yes,18,530.82,3,At Risk,57.3,High,Standard
CUST201805,49,Two Year,Basic,Bank Transfer,1,22.54,1069.36,19.2,0,3,0,No,52,1172.08,2,Low Engagement,4.9,Low,Standard
CUST201806,30,One Year,Basic,Mailed Check,0,28.63,813.79,2.0,1,5,0,No,34,973.42,0,Loyal Steady,8.7,Low,Standard
CUST201807,17,Two Year,Basic,Digital Wallet,1,23.92,393.44,27.6,1,4,3,No,52,1243.84,0,Loyal Steady,5.7,Low,Standard
CUST201808,33,One Year,Basic,Bank Transfer,0,27.79,858.28,20.0,1,2,0,No,34,944.86,3,At Risk,22.4,Low,Standard
CUST201809,45,Month-to-Month,Basic,Credit Card,1,30.96,1294.37,17.0,0,4,1,No,18,557.28,2,Low Engagement,10.2,Low,Standard
CUST201810,8,One Year,Standard,Credit Card,0,45.0,333.22,66.9,2,4,0,Yes,34,1530.0,0,Loyal Steady,28.1,Medium,Standard
CUST201811,72,Month-to-Month,Basic,Bank Transfer,1,32.06,2209.65,17.9,2,5,2,No,18,577.08,2,Low Engagement,4.9,Low,Standard
CUST201812,17,Month-to-Month,Premium,Bank Transfer,1,88.26,1386.92,89.3,0,4,2,No,18,1588.68,1,Champions,26.6,Medium,Standard
CUST201813,21,Month-to-Month,Premium,Credit Card,1,96.24,2011.73,75.4,2,4,1,No,18,1732.32,1,Champions,40.2,Medium,Standard
CUST201814,51,Month-to-Month,Basic,Credit Card,1,29.91,1514.35,2.6,1,3,2,Yes,18,538.38,2,Low Engagement,15.2,Low,Standard
CUST201815,24,Two Year,Standard,Mailed Check,0,58.84,1339.81,64.9,2,2,0,No,52,3059.68,3,At Risk,43.1,Medium,Standard
CUST201816,31,Month-to-Month,Premium,Digital Wallet,1,109.27,3156.51,82.3,0,3,1,No,18,1966.86,1,Champions,33.0,Medium,Standard
CUST201817,32,Month-to-Month,Standard,Digital Wallet,0,51.27,1561.49,72.6,1,2,1,Yes,18,922.86,3,At Risk,54.0,High,Standard
CUST201818,21,Month-to-Month,Premium,Digital Wallet,0,96.28,1918.18,115.2,0,4,1,No,18,1733.04,1,Champions,35.4,Medium,Standard
CUST201819,29,Month-to-Month,Premium,Digital Wallet,1,93.74,2638.36,103.4,1,2,2,Yes,18,1687.32,1,Champions,50.7,High,Standard
CUST201820,38,Month-to-Month,Basic,Digital Wallet,0,16.87,618.46,22.4,2,5,1,Yes,18,303.66,0,Loyal Steady,17.5,Low,Standard
CUST201821,23,Two Year,Standard,Credit Card,0,57.21,1219.42,66.9,3,3,0,Yes,52,2974.92,3,At Risk,31.1,Medium,Standard
CUST201822,37,One Year,Standard,Credit Card,1,42.68,1482.83,51.3,1,4,2,No,34,1451.12,0,Loyal Steady,6.9,Low,Standard
CUST201823,72,Month-to-Month,Standard,Mailed Check,1,59.17,4023.78,57.9,1,5,3,No,18,1065.06,2,Low Engagement,6.1,Low,Standard
CUST201824,42,One Year,Standard,Bank Transfer,1,49.36,1926.42,63.1,2,4,2,No,34,1678.24,0,Loyal Steady,8.0,Low,Standard
CUST201825,28,Two Year,Premium,Credit Card,1,101.22,2617.24,101.8,3,2,1,No,52,5263.44,1,Champions,34.8,Medium,Standard
CUST201826,17,Month-to-Month,Standard,Digital Wallet,1,48.28,803.37,74.9,4,4,1,Yes,18,869.04,0,Loyal Steady,53.3,High,Standard
CUST201827,7,Month-to-Month,Standard,Bank Transfer,0,57.27,379.34,34.7,0,3,2,No,18,1030.86,3,At Risk,43.3,Medium,Standard
CUST201828,29,Month-to-Month,Basic,Credit Card,1,29.6,820.9,8.7,0,1,2,No,18,532.8,3,At Risk,39.4,Medium,Standard
CUST201829,10,Month-to-Month,Premium,Credit Card,1,107.18,1051.37,95.0,2,4,3,Yes,18,1929.24,1,Champions,38.9,Medium,Standard
CUST201830,13,Two Year,Basic,Digital Wallet,1,25.09,322.67,2.0,3,2,2,Yes,52,1304.68,3,At Risk,27.2,Medium,Standard
CUST201831,18,Two Year,Standard,Credit Card,1,43.66,727.69,56.3,4,3,0,Yes,52,2270.32,3,At Risk,34.3,Medium,Standard
CUST201832,32,Two Year,Basic,Digital Wallet,1,33.32,1051.84,11.8,2,4,1,No,52,1732.64,0,Loyal Steady,6.9,Low,Standard
CUST201833,8,One Year,Standard,Credit Card,1,66.01,506.85,41.6,2,2,1,Yes,34,2244.34,3,At Risk,38.6,Medium,Standard
CUST201834,47,Month-to-Month,Basic,Digital Wallet,1,18.82,881.86,20.6,1,3,1,Yes,18,338.76,2,Low Engagement,20.4,Low,Standard
CUST201835,38,Month-to-Month,Standard,Credit Card,0,60.3,2118.81,49.2,4,3,0,Yes,18,1085.4,3,At Risk,61.2,High,Standard
CUST201836,13,Two Year,Premium,Mailed Check,0,93.35,1137.74,99.9,1,3,1,No,52,4854.2,1,Champions,33.4,Medium,Standard
CUST201837,55,Two Year,Basic,Credit Card,1,17.65,914.42,17.6,3,2,1,No,52,917.8,2,Low Engagement,13.1,Low,Standard
CUST201838,27,Month-to-Month,Basic,Credit Card,1,30.7,801.97,30.2,1,4,2,No,18,552.6,0,Loyal Steady,17.1,Low,Standard
CUST201839,16,One Year,Basic,Credit Card,1,29.23,440.51,38.7,1,4,0,No,34,993.82,0,Loyal Steady,11.1,Low,Standard
CUST201840,49,Two Year,Standard,Digital Wallet,1,65.14,3012.27,60.1,1,3,0,No,52,3387.28,2,Low Engagement,9.0,Low,Standard
CUST201841,16,Month-to-Month,Basic,Credit Card,0,23.56,357.16,26.1,0,4,0,No,18,424.08,0,Loyal Steady,27.8,Medium,Standard
CUST201842,46,One Year,Standard,Bank Transfer,1,48.96,2221.34,68.8,2,4,1,No,34,1664.64,2,Low Engagement,8.5,Low,Standard
CUST201843,24,Two Year,Premium,Credit Card,0,92.01,2144.9,95.6,2,2,1,Yes,52,4784.52,1,Champions,37.4,Medium,Standard
CUST201844,33,Month-to-Month,Standard,Credit Card,0,42.7,1327.64,74.9,2,4,0,No,18,768.6,0,Loyal Steady,39.4,Medium,Standard
CUST201845,29,Month-to-Month,Basic,Mailed Check,1,24.75,691.61,36.8,1,3,3,No,18,445.5,3,At Risk,28.2,Medium,Standard
CUST201846,30,Two Year,Premium,Digital Wallet,0,92.41,2601.39,85.5,1,3,2,No,52,4805.32,1,Champions,16.8,Low,Standard
CUST201847,46,Two Year,Basic,Bank Transfer,1,28.22,1197.67,21.1,1,2,2,No,52,1467.44,3,At Risk,8.0,Low,Standard
CUST201848,29,Month-to-Month,Premium,Credit Card,0,101.58,2799.76,65.5,0,4,2,No,18,1828.44,1,Champions,25.3,Medium,Standard
CUST201849,11,One Year,Basic,Credit Card,0,29.1,303.17,5.2,0,5,0,No,34,989.4,0,Loyal Steady,7.6,Low,Standard
CUST201850,3,One Year,Premium,Bank Transfer,1,99.35,295.12,72.5,0,4,1,No,34,3377.9,1,Champions,15.9,Low,Standard
CUST201851,34,One Year,Standard,Credit Card,0,62.1,1974.91,40.4,1,3,3,No,34,2111.4,3,At Risk,12.4,Low,Standard
CUST201852,72,One Year,Standard,Digital Wallet,1,69.21,4866.37,57.3,1,4,1,No,34,2353.14,2,Low Engagement,3.4,Low,Standard
CUST201853,38,One Year,Standard,Bank Transfer,1,59.46,2086.36,60.8,1,3,1,No,34,2021.64,3,At Risk,12.0,Low,Standard
CUST201854,15,One Year,Basic,Credit Card,0,18.51,268.92,13.3,1,3,1,No,34,629.34,3,At Risk,19.2,Low,Standard
CUST201855,47,One Year,Premium,Bank Transfer,0,93.26,4180.81,103.5,1,3,1,No,34,3170.84,1,Champions,16.1,Low,Standard
CUST201856,22,Month-to-Month,Standard,Digital Wallet,0,56.82,1248.36,68.4,1,5,0,No,18,1022.76,0,Loyal Steady,28.0,Medium,Standard
CUST201857,41,Month-to-Month,Premium,Credit Card,0,90.35,3657.45,105.4,0,3,1,No,18,1626.3,1,Champions,34.4,Medium,Standard
CUST201858,24,Month-to-Month,Basic,Credit Card,1,15.0,331.71,14.8,1,5,2,No,18,270.0,0,Loyal Steady,12.0,Low,Standard
CUST201859,72,Two Year,Standard,Credit Card,1,46.15,3275.39,37.8,1,2,1,No,52,2399.8,2,Low Engagement,7.0,Low,Standard
CUST201860,25,Month-to-Month,Standard,Digital Wallet,0,57.68,1409.08,42.0,1,3,1,Yes,18,1038.24,3,At Risk,44.6,High,Standard
CUST201861,65,One Year,Basic,Bank Transfer,1,26.43,1653.69,52.1,3,3,1,No,34,898.62,2,Low Engagement,8.4,Low,Standard
CUST201862,31,Two Year,Basic,Digital Wallet,0,21.62,647.61,10.2,1,3,0,No,52,1124.24,3,At Risk,13.1,Low,Standard
CUST201863,9,Month-to-Month,Standard,Digital Wallet,1,62.37,555.5,64.4,5,2,0,Yes,18,1122.66,3,At Risk,85.3,Very High,Standard
CUST201864,17,Month-to-Month,Premium,Digital Wallet,1,83.33,1391.44,96.8,1,3,1,Yes,18,1499.94,1,Champions,50.3,High,Standard
CUST201865,11,Month-to-Month,Standard,Credit Card,0,56.21,570.67,75.0,2,3,2,No,18,1011.78,3,At Risk,56.6,High,Standard
CUST201866,11,Two Year,Basic,Digital Wallet,0,27.68,298.79,35.9,0,4,1,No,52,1439.36,0,Loyal Steady,8.9,Low,Standard
CUST201867,26,One Year,Standard,Digital Wallet,0,62.6,1592.68,64.2,0,3,0,No,34,2128.4,3,At Risk,18.6,Low,Standard
CUST201868,10,Month-to-Month,Premium,Credit Card,0,101.69,1010.27,94.4,2,4,0,No,18,1830.42,1,Champions,58.7,High,Standard
CUST201869,19,Month-to-Month,Basic,Bank Transfer,1,24.12,452.66,26.8,4,4,1,Yes,18,434.16,0,Loyal Steady,41.8,Medium,Standard
CUST201870,34,Month-to-Month,Basic,Digital Wallet,1,15.42,484.91,9.0,3,3,2,No,18,277.56,3,At Risk,35.0,Medium,Standard
CUST201871,16,Two Year,Standard,Bank Transfer,0,47.66,753.57,55.2,0,4,0,No,52,2478.32,0,Loyal Steady,12.0,Low,Standard
CUST201872,11,Month-to-Month,Premium,Mailed Check,1,98.37,1009.86,84.1,0,2,2,No,18,1770.66,1,Champions,61.3,High,Standard
CUST201873,43,Two Year,Basic,Credit Card,0,24.63,1011.57,25.2,1,2,0,No,52,1280.76,3,At Risk,15.2,Low,Standard
CUST201874,72,Two Year,Basic,Digital Wallet,1,24.74,1767.06,36.5,4,4,0,No,52,1286.48,2,Low Engagement,5.6,Low,Standard
CUST201875,25,Two Year,Basic,Bank Transfer,1,33.57,792.64,25.9,1,2,0,No,52,1745.64,3,At Risk,17.1,Low,Standard
CUST201876,48,Month-to-Month,Basic,Bank Transfer,1,20.43,978.49,6.3,0,4,0,No,18,367.74,2,Low Engagement,11.1,Low,Standard
CUST201877,60,Month-to-Month,Basic,Digital Wallet,0,28.91,1632.63,14.2,0,5,0,No,18,520.38,2,Low Engagement,7.1,Low,Standard
CUST201878,12,Month-to-Month,Standard,Credit Card,0,48.74,551.2,45.0,0,5,3,No,18,877.32,0,Loyal Steady,17.7,Low,Standard
CUST201879,12,Two Year,Premium,Digital Wallet,1,101.22,1186.14,83.5,0,4,2,No,52,5263.44,1,Champions,9.5,Low,Standard
CUST201880,45,Two Year,Basic,Bank Transfer,0,40.94,1832.42,38.6,3,2,1,No,52,2128.88,3,At Risk,20.1,Low,Standard
CUST201881,54,Month-to-Month,Standard,Bank Transfer,1,70.68,3793.85,25.1,0,4,0,No,18,1272.24,2,Low Engagement,12.3,Low,Standard
CUST201882,43,Month-to-Month,Premium,Credit Card,1,103.4,4138.63,117.2,1,5,1,No,18,1861.2,1,Champions,15.2,Low,Standard
CUST201883,29,One Year,Basic,Bank Transfer,0,27.74,755.12,14.0,2,3,0,No,34,943.16,3,At Risk,20.4,Low,Standard
CUST201884,18,Month-to-Month,Standard,Digital Wallet,1,55.35,928.29,60.6,1,3,0,No,18,996.3,3,At Risk,46.7,High,Standard
CUST201885,32,Month-to-Month,Premium,Credit Card,1,95.54,2868.78,101.7,1,3,3,No,18,1719.72,1,Champions,31.8,Medium,Standard
CUST201886,11,Month-to-Month,Premium,Digital Wallet,1,97.91,1035.03,75.7,1,5,1,Yes,18,1762.38,1,Champions,28.9,Medium,Standard
CUST201887,72,Month-to-Month,Premium,Credit Card,1,108.65,7728.56,107.6,6,3,1,Yes,18,1955.7,1,Champions,49.7,High,Priority Save
CUST201888,49,Month-to-Month,Premium,Mailed Check,1,87.48,4108.82,83.9,1,3,2,No,18,1574.64,1,Champions,33.3,Medium,Standard
CUST201889,43,One Year,Standard,Bank Transfer,0,52.95,2250.06,64.1,2,1,0,Yes,34,1800.3,3,At Risk,41.4,Medium,Standard
CUST201890,34,One Year,Standard,Bank Transfer,1,46.89,1478.81,52.0,1,2,2,No,34,1594.26,3,At Risk,17.7,Low,Standard
CUST201891,61,Two Year,Basic,Digital Wallet,1,23.96,1374.51,14.6,1,3,0,No,52,1245.92,2,Low Engagement,5.0,Low,Standard
CUST201892,13,One Year,Standard,Credit Card,0,51.69,639.5,86.9,3,4,2,Yes,34,1757.46,0,Loyal Steady,25.0,Medium,Standard
CUST201893,54,Month-to-Month,Standard,Credit Card,1,55.48,2941.72,64.7,1,2,0,Yes,18,998.64,2,Low Engagement,35.9,Medium,Standard
CUST201894,50,Month-to-Month,Premium,Digital Wallet,1,88.88,4410.88,66.1,0,2,3,No,18,1599.84,1,Champions,27.0,Medium,Standard
CUST201895,19,Month-to-Month,Standard,Credit Card,1,53.65,1003.08,54.0,2,4,0,Yes,18,965.7,0,Loyal Steady,39.8,Medium,Standard
CUST201896,22,Two Year,Premium,Bank Transfer,1,91.64,1972.33,75.1,2,4,0,Yes,52,4765.28,1,Champions,16.5,Low,Standard
CUST201897,24,One Year,Standard,Digital Wallet,1,47.49,1061.72,54.1,1,4,2,No,34,1614.66,0,Loyal Steady,9.6,Low,Standard
CUST201898,22,Month-to-Month,Standard,Digital Wallet,1,55.61,1169.24,83.9,2,3,0,Yes,18,1000.98,3,At Risk,52.1,High,Standard
CUST201899,10,Month-to-Month,Standard,Digital Wallet,1,64.26,602.96,56.5,0,3,1,No,18,1156.68,3,At Risk,39.9,Medium,Standard
CUST201900,10,One Year,Basic,Mailed Check,0,15.76,152.0,2.0,1,3,1,No,34,535.84,3,At Risk,27.3,Medium,Standard
CUST201901,23,One Year,Standard,Credit Card,0,39.86,902.39,63.2,1,3,0,No,34,1355.24,3,At Risk,24.9,Medium,Standard
CUST201902,2,Two Year,Standard,Bank Transfer,1,56.69,111.88,68.7,1,2,2,No,52,2947.88,3,At Risk,27.5,Medium,Standard
CUST201903,27,Two Year,Standard,Credit Card,1,52.92,1366.1,30.9,0,2,2,No,52,2751.84,3,At Risk,12.7,Low,Standard
CUST201904,16,Month-to-Month,Premium,Digital Wallet,0,94.26,1460.61,84.1,5,4,0,Yes,18,1696.68,1,Champions,75.3,Very High,Standard
CUST201905,12,One Year,Standard,Digital Wallet,1,55.71,634.47,71.1,0,5,1,Yes,34,1894.14,0,Loyal Steady,7.2,Low,Standard
CUST201906,44,Month-to-Month,Premium,Digital Wallet,0,89.81,3741.9,105.9,2,5,3,Yes,18,1616.58,1,Champions,19.2,Low,Standard
CUST201907,34,One Year,Premium,Credit Card,1,90.2,2884.46,54.4,5,3,0,No,34,3066.8,1,Champions,42.1,Medium,Standard
CUST201908,39,Month-to-Month,Standard,Digital Wallet,1,55.33,2047.87,58.3,1,3,3,No,18,995.94,3,At Risk,23.7,Low,Standard
CUST201909,48,Month-to-Month,Premium,Bank Transfer,0,85.75,4028.89,95.1,0,4,1,No,18,1543.5,1,Champions,20.8,Low,Standard
CUST201910,22,Month-to-Month,Basic,Bank Transfer,1,19.44,422.4,22.9,3,4,1,No,18,349.92,0,Loyal Steady,33.4,Medium,Standard
CUST201911,25,One Year,Standard,Bank Transfer,1,51.59,1281.4,72.2,0,4,1,No,34,1754.06,0,Loyal Steady,8.1,Low,Standard
CUST201912,7,Month-to-Month,Basic,Credit Card,1,27.3,178.8,4.3,0,3,2,No,18,491.4,3,At Risk,29.3,Medium,Standard
CUST201913,9,Month-to-Month,Standard,Credit Card,1,63.69,548.97,61.1,1,4,1,No,18,1146.42,0,Loyal Steady,34.7,Medium,Standard
CUST201914,26,Month-to-Month,Standard,Credit Card,1,53.38,1361.79,74.5,1,5,1,No,18,960.84,0,Loyal Steady,17.8,Low,Standard
CUST201915,38,One Year,Standard,Digital Wallet,1,50.57,1914.76,64.9,1,3,2,No,34,1719.38,3,At Risk,11.0,Low,Standard
CUST201916,34,Month-to-Month,Standard,Mailed Check,0,57.6,1938.49,67.1,1,3,1,No,18,1036.8,3,At Risk,47.1,High,Standard
CUST201917,16,Month-to-Month,Premium,Credit Card,0,87.24,1376.2,69.6,4,4,1,Yes,18,1570.32,1,Champions,64.9,Very High,Standard
CUST201918,5,Month-to-Month,Standard,Digital Wallet,0,49.13,243.89,66.2,1,4,0,Yes,18,884.34,0,Loyal Steady,50.1,High,Standard
CUST201919,16,One Year,Standard,Credit Card,1,52.55,800.47,57.5,0,4,1,No,34,1786.7,0,Loyal Steady,9.9,Low,Standard
CUST201920,25,Month-to-Month,Basic,Credit Card,0,24.58,608.08,35.6,1,5,1,No,18,442.44,0,Loyal Steady,17.4,Low,Standard
CUST201921,19,One Year,Standard,Credit Card,0,53.99,961.49,56.9,2,2,1,Yes,34,1835.66,3,At Risk,39.9,Medium,Standard
CUST201922,37,Month-to-Month,Standard,Digital Wallet,1,43.88,1603.36,46.8,2,3,1,No,18,789.84,3,At Risk,38.2,Medium,Standard
CUST201923,30,Month-to-Month,Standard,Credit Card,1,55.93,1592.57,57.6,2,3,1,No,18,1006.74,3,At Risk,41.2,Medium,Standard
CUST201924,22,Month-to-Month,Standard,Credit Card,1,56.97,1200.19,53.9,3,3,2,Yes,18,1025.46,3,At Risk,49.1,High,Standard
CUST201925,10,Month-to-Month,Standard,Digital Wallet,1,50.51,478.58,65.8,0,4,0,No,18,909.18,0,Loyal Steady,33.1,Medium,Standard
CUST201926,13,Month-to-Month,Standard,Credit Card,1,63.09,755.27,56.2,2,3,2,Yes,18,1135.62,3,At Risk,47.3,High,Standard
CUST201927,48,Month-to-Month,Standard,Digital Wallet,1,51.41,2362.46,55.3,0,4,1,No,18,925.38,2,Low Engagement,13.5,Low,Standard
CUST201928,49,Month-to-Month,Standard,Digital Wallet,1,54.86,2676.62,43.9,2,3,2,No,18,987.48,2,Low Engagement,27.3,Medium,Standard
CUST201929,24,Month-to-Month,Premium,Bank Transfer,0,94.55,2155.63,82.3,2,2,3,No,18,1701.9,1,Champions,62.1,High,Standard
CUST201930,6,Month-to-Month,Standard,Credit Card,1,56.72,327.62,51.0,0,4,1,No,18,1020.96,0,Loyal Steady,30.1,Medium,Standard
CUST201931,37,Month-to-Month,Basic,Bank Transfer,1,19.14,686.28,10.9,1,4,0,Yes,18,344.52,0,Loyal Steady,18.2,Low,Standard
CUST201932,20,Month-to-Month,Standard,Digital Wallet,1,55.46,1087.91,62.4,1,3,2,Yes,18,998.28,3,At Risk,37.4,Medium,Standard
CUST201933,22,Month-to-Month,Basic,Credit Card,1,20.24,411.38,3.8,2,4,1,No,18,364.32,0,Loyal Steady,26.9,Medium,Standard
CUST201934,9,Month-to-Month,Standard,Credit Card,1,48.84,409.53,6.5,0,3,1,Yes,18,879.12,3,At Risk,38.9,Medium,Standard
CUST201935,15,One Year,Basic,Bank Transfer,1,32.06,476.5,16.4,4,4,1,No,34,1090.04,0,Loyal Steady,20.0,Low,Standard
CUST201936,35,One Year,Basic,Bank Transfer,1,16.69,552.8,28.2,0,3,3,No,34,567.46,3,At Risk,5.5,Low,Standard
CUST201937,49,Month-to-Month,Premium,Mailed Check,1,92.55,4272.0,88.0,3,3,3,No,18,1665.9,1,Champions,42.9,Medium,Standard
CUST201938,40,Month-to-Month,Standard,Digital Wallet,1,44.99,1793.17,46.5,4,4,2,No,18,809.82,0,Loyal Steady,34.3,Medium,Standard
CUST201939,47,One Year,Premium,Digital Wallet,1,90.55,4040.45,99.8,4,3,2,No,34,3078.7,1,Champions,23.4,Low,Standard
CUST201940,25,Two Year,Standard,Digital Wallet,1,49.31,1218.75,81.2,1,2,0,No,52,2564.12,3,At Risk,24.2,Low,Standard
CUST201941,9,Month-to-Month,Premium,Bank Transfer,1,103.64,931.8,86.5,0,2,0,No,18,1865.52,1,Champions,62.1,High,Standard
CUST201942,6,Month-to-Month,Standard,Mailed Check,1,50.46,294.24,72.1,0,5,3,No,18,908.28,0,Loyal Steady,21.3,Low,Standard
CUST201943,34,Month-to-Month,Premium,Digital Wallet,0,86.84,2729.44,110.0,2,5,4,No,18,1563.12,1,Champions,20.7,Low,Standard
CUST201944,11,One Year,Premium,Credit Card,0,80.87,837.74,86.6,2,3,0,No,34,2749.58,1,Champions,43.5,Medium,Standard
CUST201945,19,Month-to-Month,Basic,Bank Transfer,1,23.43,421.07,24.5,1,4,2,Yes,18,421.74,0,Loyal Steady,20.2,Low,Standard
CUST201946,16,Two Year,Premium,Bank Transfer,0,92.26,1456.84,74.2,1,5,0,No,52,4797.52,1,Champions,12.1,Low,Standard
CUST201947,56,Month-to-Month,Standard,Credit Card,1,55.45,2963.34,72.6,0,4,1,No,18,998.1,2,Low Engagement,11.0,Low,Standard
CUST201948,9,One Year,Standard,Mailed Check,0,51.14,434.56,32.4,2,5,3,No,34,1738.76,0,Loyal Steady,15.6,Low,Standard
CUST201949,19,Month-to-Month,Standard,Digital Wallet,1,50.91,909.23,47.8,1,4,1,No,18,916.38,0,Loyal Steady,30.3,Medium,Standard
CUST201950,34,Month-to-Month,Standard,Bank Transfer,1,49.99,1656.26,48.9,1,3,1,No,18,899.82,3,At Risk,32.0,Medium,Standard
CUST201951,53,Month-to-Month,Basic,Mailed Check,1,15.0,786.37,24.7,3,5,0,No,18,270.0,2,Low Engagement,18.8,Low,Standard
CUST201952,12,Two Year,Basic,Mailed Check,1,35.98,422.52,10.5,0,5,0,No,52,1870.96,0,Loyal Steady,6.1,Low,Standard
CUST201953,35,Month-to-Month,Basic,Credit Card,1,22.84,767.35,29.8,1,4,2,Yes,18,411.12,0,Loyal Steady,14.6,Low,Standard
CUST201954,23,Month-to-Month,Premium,Credit Card,1,96.22,2210.15,81.1,1,4,1,Yes,18,1731.96,1,Champions,32.5,Medium,Standard
CUST201955,23,Month-to-Month,Standard,Mailed Check,1,58.56,1308.77,57.4,0,4,1,No,18,1054.08,0,Loyal Steady,28.2,Medium,Standard
CUST201956,24,Month-to-Month,Basic,Credit Card,0,33.46,797.96,15.2,2,4,3,No,18,602.28,0,Loyal Steady,24.7,Medium,Standard
CUST201957,16,Month-to-Month,Premium,Credit Card,0,94.21,1417.44,112.5,0,5,2,No,18,1695.78,1,Champions,23.4,Low,Standard
CUST201958,43,Month-to-Month,Standard,Bank Transfer,0,38.46,1634.16,58.6,0,2,1,Yes,18,692.28,3,At Risk,39.0,Medium,Standard
CUST201959,54,Two Year,Standard,Credit Card,1,62.46,3273.4,53.9,1,4,2,No,52,3247.92,2,Low Engagement,3.5,Low,Standard
CUST201960,4,Two Year,Standard,Mailed Check,0,52.7,202.29,42.5,1,4,1,No,52,2740.4,0,Loyal Steady,22.3,Low,Standard
CUST201961,25,Month-to-Month,Standard,Bank Transfer,0,49.17,1182.41,69.8,1,3,0,Yes,18,885.06,3,At Risk,48.9,High,Standard
CUST201962,45,Two Year,Standard,Bank Transfer,1,58.79,2559.32,64.8,2,3,0,No,52,3057.08,2,Low Engagement,12.5,Low,Standard
CUST201963,45,Month-to-Month,Standard,Digital Wallet,0,45.0,1986.1,52.8,4,4,1,Yes,18,810.0,2,Low Engagement,42.2,Medium,Standard
CUST201964,25,One Year,Premium,Bank Transfer,1,93.38,2188.11,95.1,2,3,1,Yes,34,3174.92,1,Champions,25.0,Medium,Standard
CUST201965,15,Two Year,Basic,Digital Wallet,0,23.85,356.21,29.2,3,2,2,No,52,1240.2,3,At Risk,32.9,Medium,Standard
CUST201966,27,Month-to-Month,Basic,Mailed Check,0,28.27,731.53,2.4,0,5,0,No,18,508.86,0,Loyal Steady,19.1,Low,Standard
CUST201967,31,Month-to-Month,Basic,Digital Wallet,0,21.03,610.97,27.8,1,3,1,No,18,378.54,3,At Risk,34.0,Medium,Standard
CUST201968,59,One Year,Basic,Bank Transfer,0,17.57,969.44,26.8,0,2,3,No,34,597.38,2,Low Engagement,6.5,Low,Standard
CUST201969,34,One Year,Standard,Digital Wallet,1,48.54,1532.97,36.8,3,2,2,No,34,1650.36,3,At Risk,28.4,Medium,Standard
CUST201970,72,Two Year,Basic,Credit Card,1,25.37,1779.84,12.4,1,4,0,No,52,1319.24,2,Low Engagement,2.3,Low,Standard
CUST201971,9,Month-to-Month,Basic,Mailed Check,1,17.6,148.24,34.9,3,2,1,Yes,18,316.8,3,At Risk,73.3,Very High,Standard
CUST201972,13,Month-to-Month,Basic,Digital Wallet,0,25.52,331.75,54.6,3,3,3,Yes,18,459.36,3,At Risk,51.7,High,Standard
CUST201973,27,Month-to-Month,Premium,Credit Card,1,102.05,2582.21,116.4,5,4,2,Yes,18,1836.9,1,Champions,54.9,High,Standard
CUST201974,29,Month-to-Month,Standard,Bank Transfer,0,53.39,1433.36,71.7,0,5,2,No,18,961.02,0,Loyal Steady,14.4,Low,Standard
CUST201975,42,Month-to-Month,Premium,Bank Transfer,0,90.93,3616.68,99.3,0,3,2,Yes,18,1636.74,1,Champions,29.9,Medium,Standard
CUST201976,9,One Year,Premium,Credit Card,1,87.19,779.86,74.8,1,5,2,No,34,2964.46,1,Champions,10.3,Low,Standard
CUST201977,24,Month-to-Month,Basic,Credit Card,0,33.96,777.34,51.3,0,4,3,No,18,611.28,0,Loyal Steady,16.0,Low,Standard
CUST201978,43,Month-to-Month,Standard,Digital Wallet,0,71.95,3068.93,46.4,1,4,0,No,18,1295.1,2,Low Engagement,26.2,Medium,Standard
CUST201979,33,Month-to-Month,Standard,Mailed Check,1,60.6,1913.16,43.1,1,5,3,Yes,18,1090.8,0,Loyal Steady,14.7,Low,Standard
CUST201980,22,Month-to-Month,Basic,Bank Transfer,1,36.98,791.92,40.9,0,4,1,No,18,665.64,0,Loyal Steady,17.0,Low,Standard
CUST201981,37,One Year,Standard,Digital Wallet,1,48.99,1788.12,73.5,2,2,2,Yes,34,1665.66,3,At Risk,22.2,Low,Standard
CUST201982,5,Two Year,Basic,Credit Card,0,24.31,114.5,31.7,2,3,0,No,52,1264.12,3,At Risk,27.7,Medium,Standard
CUST201983,14,Month-to-Month,Standard,Digital Wallet,0,50.72,654.4,22.9,0,5,0,No,18,912.96,0,Loyal Steady,25.5,Medium,Standard
CUST201984,42,Month-to-Month,Premium,Mailed Check,1,103.25,4196.42,86.1,1,3,3,No,18,1858.5,1,Champions,32.8,Medium,Standard
CUST201985,32,Month-to-Month,Premium,Digital Wallet,1,85.1,2623.77,122.4,3,2,3,Yes,18,1531.8,1,Champions,60.1,High,Standard
CUST201986,68,Two Year,Premium,Bank Transfer,0,98.41,6495.14,131.1,1,5,1,No,52,5117.32,1,Champions,3.2,Low,Standard
CUST201987,48,Two Year,Standard,Credit Card,0,46.47,2109.61,67.0,1,3,0,No,52,2416.44,2,Low Engagement,12.0,Low,Standard
CUST201988,16,Two Year,Standard,Mailed Check,1,52.11,810.28,63.0,1,4,1,No,52,2709.72,0,Loyal Steady,14.0,Low,Standard
CUST201989,27,Month-to-Month,Standard,Credit Card,0,55.87,1393.96,56.0,1,4,0,No,18,1005.66,0,Loyal Steady,34.9,Medium,Standard
CUST201990,7,Month-to-Month,Premium,Digital Wallet,1,93.44,652.31,84.2,2,3,0,No,18,1681.92,1,Champions,66.6,Very High,Standard
CUST201991,18,Month-to-Month,Premium,Credit Card,0,94.99,1671.9,92.1,2,3,3,Yes,18,1709.82,1,Champions,54.0,High,Standard
CUST201992,48,Month-to-Month,Standard,Bank Transfer,0,56.42,2534.86,78.3,4,4,2,No,18,1015.56,2,Low Engagement,35.5,Medium,Standard
CUST201993,37,Two Year,Standard,Digital Wallet,0,61.48,2189.32,41.4,3,4,1,No,52,3196.96,0,Loyal Steady,13.9,Low,Standard
CUST201994,17,One Year,Standard,Credit Card,1,52.98,891.64,45.2,2,4,2,No,34,1801.32,0,Loyal Steady,13.8,Low,Standard
CUST201995,15,Month-to-Month,Premium,Credit Card,0,98.12,1354.74,86.0,2,3,1,Yes,18,1766.16,1,Champions,63.6,Very High,Standard
CUST201996,66,Month-to-Month,Standard,Credit Card,0,52.75,3263.89,56.0,2,4,1,No,18,949.5,2,Low Engagement,18.5,Low,Standard
CUST201997,13,Two Year,Basic,Digital Wallet,0,34.33,434.78,31.8,4,3,3,No,52,1785.16,3,At Risk,25.7,Medium,Standard
CUST201998,16,Month-to-Month,Premium,Bank Transfer,0,93.89,1477.47,95.4,1,2,2,Yes,18,1690.02,1,Champions,64.4,Very High,Standard
CUST201999,56,One Year,Basic,Bank Transfer,0,24.09,1270.79,41.5,1,4,0,No,34,819.06,2,Low Engagement,5.7,Low,Standard
CUST202000,51,One Year,Premium,Digital Wallet,0,94.28,4727.55,80.4,2,2,1,No,34,3205.52,1,Champions,28.1,Medium,Standard
CUST202001,25,One Year,Standard,Credit Card,1,57.29,1394.97,60.5,1,3,1,No,34,1947.86,3,At Risk,16.1,Low,Standard
CUST202002,20,One Year,Standard,Credit Card,1,60.97,1126.56,39.9,2,2,0,No,34,2072.98,3,At Risk,35.6,Medium,Standard
CUST202003,33,One Year,Standard,Bank Transfer,1,57.32,1762.5,49.1,0,3,0,No,34,1948.88,3,At Risk,11.9,Low,Standard
CUST202004,39,One Year,Premium,Credit Card,1,95.31,3519.17,85.8,3,5,0,No,34,3240.54,1,Champions,11.8,Low,Standard
CUST202005,8,Month-to-Month,Premium,Digital Wallet,1,89.49,713.43,102.3,4,2,2,Yes,18,1610.82,1,Champions,81.0,Very High,Standard
CUST202006,19,One Year,Premium,Credit Card,1,95.18,1664.34,93.2,0,1,1,Yes,34,3236.12,1,Champions,37.3,Medium,Standard
CUST202007,22,Month-to-Month,Standard,Digital Wallet,0,64.3,1327.99,40.7,2,3,0,Yes,18,1157.4,3,At Risk,57.5,High,Standard
CUST202008,36,Month-to-Month,Standard,Digital Wallet,1,55.42,1934.35,50.9,0,5,1,No,18,997.56,0,Loyal Steady,11.2,Low,Standard
CUST202009,17,One Year,Standard,Digital Wallet,1,62.99,1066.91,43.1,3,4,2,No,34,2141.66,0,Loyal Steady,17.8,Low,Standard
CUST202010,15,Two Year,Premium,Digital Wallet,0,91.75,1371.51,61.1,3,4,1,No,52,4771.0,1,Champions,26.9,Medium,Standard
CUST202011,63,One Year,Standard,Digital Wallet,0,61.04,3828.9,65.3,1,4,1,No,34,2075.36,2,Low Engagement,5.8,Low,Standard
CUST202012,55,Month-to-Month,Basic,Credit Card,0,35.07,1899.73,9.0,2,3,2,No,18,631.26,2,Low Engagement,22.4,Low,Standard
CUST202013,10,Two Year,Basic,Credit Card,1,24.87,242.8,8.2,1,4,0,No,52,1293.24,0,Loyal Steady,10.0,Low,Standard
CUST202014,62,Two Year,Basic,Credit Card,0,17.69,1024.36,47.6,0,4,0,No,52,919.88,2,Low Engagement,3.0,Low,Standard
CUST202015,20,Month-to-Month,Standard,Digital Wallet,0,55.68,1099.39,48.2,1,4,2,No,18,1002.24,0,Loyal Steady,32.1,Medium,Standard
CUST202016,39,Month-to-Month,Standard,Mailed Check,1,54.1,2038.76,31.4,0,4,0,Yes,18,973.8,0,Loyal Steady,23.2,Low,Standard
CUST202017,6,Month-to-Month,Premium,Credit Card,0,83.89,470.63,82.1,4,5,0,Yes,18,1510.02,1,Champions,63.6,Very High,Standard
CUST202018,2,One Year,Basic,Credit Card,0,23.15,45.33,23.3,0,5,1,No,34,787.1,0,Loyal Steady,8.3,Low,Standard
CUST202019,30,Month-to-Month,Standard,Credit Card,1,51.2,1532.37,66.5,3,2,1,Yes,18,921.6,3,At Risk,61.3,High,Standard
CUST202020,25,Month-to-Month,Premium,Credit Card,0,102.64,2415.62,92.1,0,4,0,No,18,1847.52,1,Champions,35.0,Medium,Standard
CUST202021,26,Two Year,Basic,Credit Card,1,23.9,583.15,34.0,1,5,2,No,52,1242.8,0,Loyal Steady,3.2,Low,Standard
CUST202022,18,Month-to-Month,Standard,Bank Transfer,1,61.81,1092.45,75.9,1,4,0,Yes,18,1112.58,0,Loyal Steady,33.7,Medium,Standard
CUST202023,15,Month-to-Month,Premium,Bank Transfer,1,92.33,1371.26,115.1,2,4,0,Yes,18,1661.94,1,Champions,49.3,High,Standard
CUST202024,19,Month-to-Month,Standard,Mailed Check,0,56.17,1047.86,54.7,2,3,1,Yes,18,1011.06,3,At Risk,63.3,Very High,Standard
CUST202025,31,Month-to-Month,Basic,Credit Card,0,15.0,443.47,17.5,1,5,1,No,18,270.0,0,Loyal Steady,15.3,Low,Standard
CUST202026,48,Month-to-Month,Standard,Digital Wallet,0,49.02,2239.0,73.4,1,5,3,No,18,882.36,0,Loyal Steady,11.0,Low,Standard
CUST202027,42,Month-to-Month,Basic,Bank Transfer,1,28.89,1151.65,61.8,0,4,0,No,18,520.02,0,Loyal Steady,13.2,Low,Standard
CUST202028,16,One Year,Premium,Credit Card,1,87.51,1387.61,77.9,0,5,0,No,34,2975.34,1,Champions,9.2,Low,Standard
CUST202029,25,One Year,Standard,Digital Wallet,1,69.6,1690.07,58.5,1,4,1,No,34,2366.4,0,Loyal Steady,10.5,Low,Standard
CUST202030,3,Two Year,Standard,Mailed Check,0,45.79,134.03,60.8,3,4,1,No,52,2381.08,0,Loyal Steady,35.4,Medium,Standard
CUST202031,20,Two Year,Standard,Credit Card,1,57.52,1119.46,79.4,1,4,0,Yes,52,2991.04,0,Loyal Steady,11.1,Low,Standard
CUST202032,36,Month-to-Month,Standard,Mailed Check,1,51.95,1825.34,71.9,2,2,1,Yes,18,935.1,3,At Risk,58.8,High,Standard
CUST202033,16,Month-to-Month,Basic,Credit Card,1,20.0,306.61,39.3,3,3,0,No,18,360.0,3,At Risk,53.9,High,Standard
CUST202034,32,One Year,Premium,Credit Card,0,85.75,2697.41,109.8,1,4,2,No,34,2915.5,1,Champions,12.9,Low,Standard
CUST202035,41,Month-to-Month,Standard,Bank Transfer,0,48.4,1865.21,62.7,2,3,1,Yes,18,871.2,2,Low Engagement,41.8,Medium,Standard
CUST202036,35,Two Year,Premium,Credit Card,1,87.89,3023.22,109.3,0,4,1,No,52,4570.28,1,Champions,6.6,Low,Standard
CUST202037,21,Month-to-Month,Basic,Credit Card,1,29.25,574.85,19.0,2,3,2,Yes,18,526.5,3,At Risk,34.5,Medium,Standard
CUST202038,72,Month-to-Month,Premium,Bank Transfer,1,94.83,6305.43,86.8,5,2,1,Yes,18,1706.94,1,Champions,55.0,High,Standard
CUST202039,63,Month-to-Month,Premium,Digital Wallet,0,89.39,5368.71,104.1,0,3,1,No,18,1609.02,1,Champions,23.8,Low,Standard
CUST202040,22,Month-to-Month,Basic,Credit Card,1,23.09,485.18,23.0,0,3,3,No,18,415.62,3,At Risk,19.8,Low,Standard
CUST202041,33,One Year,Standard,Digital Wallet,0,47.53,1513.04,58.8,5,2,2,Yes,34,1616.02,3,At Risk,49.9,High,Standard
CUST202042,30,Month-to-Month,Standard,Mailed Check,0,51.75,1437.12,44.3,3,2,2,Yes,18,931.5,3,At Risk,70.9,Very High,Standard
CUST202043,56,Two Year,Standard,Credit Card,1,56.75,2927.75,62.1,1,3,1,No,52,2951.0,2,Low Engagement,6.4,Low,Standard
CUST202044,29,One Year,Premium,Digital Wallet,0,87.45,2481.8,106.0,2,3,0,Yes,34,2973.3,1,Champions,33.8,Medium,Standard
CUST202045,25,Two Year,Basic,Credit Card,0,20.56,512.2,20.9,1,4,0,No,52,1069.12,0,Loyal Steady,9.4,Low,Standard
CUST202046,24,Two Year,Standard,Credit Card,0,49.71,1127.08,42.7,1,2,0,No,52,2584.92,3,At Risk,28.6,Medium,Standard
CUST202047,59,One Year,Premium,Digital Wallet,0,93.35,5414.07,80.8,2,4,3,No,34,3173.9,1,Champions,7.7,Low,Standard
CUST202048,48,Two Year,Basic,Credit Card,1,36.77,1752.88,15.3,1,4,1,No,52,1912.04,2,Low Engagement,3.4,Low,Standard
CUST202049,53,One Year,Standard,Digital Wallet,1,60.35,3030.57,68.5,1,4,1,Yes,34,2051.9,2,Low Engagement,5.6,Low,Standard
CUST202050,25,Month-to-Month,Premium,Mailed Check,0,99.95,2315.37,104.0,1,3,1,Yes,18,1799.1,1,Champions,59.1,High,Standard
CUST202051,6,Month-to-Month,Premium,Digital Wallet,1,89.56,532.49,105.4,0,4,1,No,18,1612.08,1,Champions,37.6,Medium,Standard
CUST202052,19,Month-to-Month,Premium,Digital Wallet,1,93.78,1725.77,82.3,0,4,1,No,18,1688.04,1,Champions,29.5,Medium,Standard
CUST202053,41,Month-to-Month,Basic,Credit Card,0,26.25,1037.33,9.1,1,4,1,No,18,472.5,0,Loyal Steady,18.3,Low,Standard
CUST202054,41,One Year,Standard,Credit Card,0,51.31,1959.15,39.2,1,3,0,No,34,1744.54,2,Low Engagement,16.6,Low,Standard
CUST202055,26,Two Year,Standard,Bank Transfer,1,57.72,1394.36,64.2,1,3,0,Yes,52,3001.44,3,At Risk,14.7,Low,Standard
CUST202056,52,One Year,Basic,Bank Transfer,0,30.22,1449.46,13.8,2,4,2,No,34,1027.48,2,Low Engagement,5.8,Low,Standard
CUST202057,25,Month-to-Month,Standard,Digital Wallet,1,42.64,1026.74,53.2,1,4,2,Yes,18,767.52,0,Loyal Steady,24.5,Medium,Standard
CUST202058,72,Month-to-Month,Basic,Credit Card,1,28.74,1966.54,14.1,0,5,0,No,18,517.32,2,Low Engagement,3.9,Low,Standard
CUST202059,7,Two Year,Standard,Credit Card,1,53.15,346.81,56.8,2,3,0,Yes,52,2763.8,3,At Risk,27.4,Medium,Standard
CUST202060,28,Two Year,Standard,Bank Transfer,1,56.38,1513.92,54.4,1,3,1,No,52,2931.76,3,At Risk,12.1,Low,Standard
CUST202061,28,Month-to-Month,Basic,Digital Wallet,1,16.48,428.88,20.8,0,4,1,No,18,296.64,0,Loyal Steady,15.9,Low,Standard
CUST202062,31,Month-to-Month,Basic,Bank Transfer,1,27.33,804.06,27.6,0,4,0,Yes,18,491.94,0,Loyal Steady,16.2,Low,Standard
CUST202063,13,Month-to-Month,Premium,Credit Card,0,98.93,1265.66,73.1,0,3,1,Yes,18,1780.74,1,Champions,50.2,High,Standard
CUST202064,21,Month-to-Month,Premium,Digital Wallet,1,86.46,1798.69,116.6,1,4,1,No,18,1556.28,1,Champions,36.0,Medium,Standard
CUST202065,38,Two Year,Standard,Bank Transfer,0,56.69,2084.17,36.9,3,3,3,No,52,2947.88,3,At Risk,15.2,Low,Standard
CUST202066,16,Month-to-Month,Standard,Bank Transfer,1,50.07,738.97,49.0,1,3,1,No,18,901.26,3,At Risk,42.6,Medium,Standard
CUST202067,11,Month-to-Month,Premium,Mailed Check,1,92.15,949.58,127.0,2,2,2,No,18,1658.7,1,Champions,75.2,Very High,Standard
CUST202068,72,One Year,Basic,Mailed Check,0,17.7,1185.73,31.3,0,4,0,No,34,601.8,2,Low Engagement,4.1,Low,Standard
CUST202069,27,Month-to-Month,Premium,Credit Card,0,89.83,2352.68,97.0,2,4,2,No,18,1616.94,1,Champions,40.4,Medium,Standard
CUST202070,24,Month-to-Month,Basic,Digital Wallet,1,27.22,644.43,27.4,1,4,1,Yes,18,489.96,0,Loyal Steady,21.6,Low,Standard
CUST202071,8,One Year,Basic,Bank Transfer,0,19.52,150.99,29.6,1,3,1,No,34,663.68,3,At Risk,22.3,Low,Standard
CUST202072,14,Month-to-Month,Basic,Digital Wallet,1,24.58,338.13,35.7,0,3,0,No,18,442.44,3,At Risk,34.5,Medium,Standard
CUST202073,35,Month-to-Month,Standard,Credit Card,1,53.52,1850.88,77.7,0,4,2,No,18,963.36,0,Loyal Steady,15.3,Low,Standard
CUST202074,16,Month-to-Month,Standard,Digital Wallet,1,51.44,820.97,63.1,4,3,1,Yes,18,925.92,3,At Risk,65.4,Very High,Standard
CUST202075,16,Month-to-Month,Basic,Mailed Check,0,22.48,345.54,13.9,2,4,5,No,18,404.64,0,Loyal Steady,29.2,Medium,Standard
CUST202076,27,Month-to-Month,Standard,Bank Transfer,1,62.79,1570.29,53.4,0,4,0,No,18,1130.22,0,Loyal Steady,22.7,Low,Standard
CUST202077,22,Month-to-Month,Standard,Credit Card,1,55.28,1150.58,42.7,1,5,1,No,18,995.04,0,Loyal Steady,18.7,Low,Standard
CUST202078,19,Month-to-Month,Standard,Digital Wallet,0,70.77,1279.8,45.9,3,2,2,Yes,18,1273.86,3,At Risk,69.7,Very High,Standard
CUST202079,57,Two Year,Standard,Mailed Check,1,68.66,3810.16,49.2,0,4,2,No,52,3570.32,2,Low Engagement,3.3,Low,Standard
CUST202080,2,One Year,Premium,Digital Wallet,1,89.39,165.35,71.0,0,4,1,Yes,34,3039.26,1,Champions,17.2,Low,Standard
CUST202081,48,Two Year,Basic,Bank Transfer,1,23.53,1090.83,40.0,0,4,0,No,52,1223.56,2,Low Engagement,3.2,Low,Standard
CUST202082,31,Two Year,Standard,Credit Card,1,56.96,1722.7,57.9,4,3,1,No,52,2961.92,3,At Risk,23.6,Low,Standard
CUST202083,6,Month-to-Month,Standard,Credit Card,1,55.56,315.75,42.2,1,4,2,Yes,18,1000.08,0,Loyal Steady,32.6,Medium,Standard
CUST202084,7,Month-to-Month,Standard,Bank Transfer,1,54.97,363.08,11.9,1,3,1,Yes,18,989.46,3,At Risk,46.9,High,Standard
CUST202085,14,Two Year,Standard,Credit Card,1,46.7,651.68,55.2,3,4,1,No,52,2428.4,0,Loyal Steady,18.0,Low,Standard
CUST202086,31,Month-to-Month,Basic,Bank Transfer,1,27.91,841.41,19.4,1,3,1,No,18,502.38,3,At Risk,26.4,Medium,Standard
CUST202087,20,One Year,Basic,Mailed Check,1,18.1,346.14,45.4,3,3,0,Yes,34,615.4,3,At Risk,32.6,Medium,Standard
CUST202088,51,Two Year,Standard,Bank Transfer,0,53.84,2553.38,95.0,0,3,1,No,52,2799.68,2,Low Engagement,7.5,Low,Standard
CUST202089,71,Month-to-Month,Standard,Credit Card,1,54.41,3760.68,51.5,1,3,0,No,18,979.38,2,Low Engagement,17.8,Low,Standard
CUST202090,14,One Year,Standard,Credit Card,1,45.85,610.42,61.4,1,4,0,No,34,1558.9,0,Loyal Steady,15.7,Low,Standard
CUST202091,64,Month-to-Month,Standard,Digital Wallet,0,60.7,3582.68,79.1,0,4,0,No,18,1092.6,2,Low Engagement,14.2,Low,Standard
CUST202092,46,Month-to-Month,Standard,Credit Card,0,75.54,3200.06,57.7,0,3,1,Yes,18,1359.72,2,Low Engagement,24.9,Medium,Standard
CUST202093,16,Month-to-Month,Basic,Credit Card,1,23.66,359.22,23.3,1,2,1,Yes,18,425.88,3,At Risk,47.1,High,Standard
CUST202094,27,Month-to-Month,Basic,Bank Transfer,1,24.71,662.75,41.2,2,4,0,Yes,18,444.78,0,Loyal Steady,28.2,Medium,Standard
CUST202095,34,Month-to-Month,Standard,Credit Card,1,56.69,1785.99,56.0,3,1,0,Yes,18,1020.42,3,At Risk,73.2,Very High,Standard
CUST202096,21,One Year,Standard,Credit Card,1,57.53,1199.36,68.7,1,3,0,No,34,1956.02,3,At Risk,20.2,Low,Standard
CUST202097,47,Month-to-Month,Standard,Mailed Check,1,51.98,2307.61,51.0,1,2,1,Yes,18,935.64,3,At Risk,44.0,High,Standard
CUST202098,23,One Year,Basic,Digital Wallet,1,21.69,494.01,2.0,0,4,2,No,34,737.46,0,Loyal Steady,5.4,Low,Standard
CUST202099,26,Month-to-Month,Premium,Credit Card,1,90.88,2252.43,100.4,2,4,1,No,18,1635.84,1,Champions,38.2,Medium,Standard
CUST202100,11,Month-to-Month,Premium,Digital Wallet,1,99.02,1029.53,105.4,0,4,1,Yes,18,1782.36,1,Champions,34.2,Medium,Standard
CUST202101,18,One Year,Standard,Mailed Check,0,62.03,1032.22,71.7,4,3,1,No,34,2109.02,3,At Risk,50.8,High,Priority Save
CUST202102,12,Month-to-Month,Premium,Credit Card,0,91.5,1018.84,123.1,1,3,1,No,18,1647.0,1,Champions,59.9,High,Standard
CUST202103,52,One Year,Basic,Bank Transfer,1,23.81,1201.72,40.5,1,3,2,No,34,809.54,2,Low Engagement,5.6,Low,Standard
CUST202104,49,Month-to-Month,Premium,Bank Transfer,0,99.24,4709.07,106.4,2,4,1,Yes,18,1786.32,1,Champions,31.1,Medium,Standard
CUST202105,42,Month-to-Month,Standard,Bank Transfer,1,63.28,2479.23,57.6,0,3,3,Yes,18,1139.04,2,Low Engagement,16.8,Low,Standard
CUST202106,23,One Year,Premium,Digital Wallet,0,84.55,1843.97,74.1,0,4,0,No,34,2874.7,1,Champions,16.3,Low,Standard
CUST202107,6,Month-to-Month,Premium,Digital Wallet,0,97.79,576.82,94.3,3,2,1,Yes,18,1760.22,1,Champions,83.7,Very High,Standard
CUST202108,21,One Year,Premium,Credit Card,0,93.22,1919.49,100.0,1,4,4,No,34,3169.48,1,Champions,12.0,Low,Standard
CUST202109,64,Month-to-Month,Standard,Bank Transfer,0,44.12,2712.3,31.0,2,2,2,No,18,794.16,2,Low Engagement,35.2,Medium,Standard
CUST202110,60,Month-to-Month,Standard,Bank Transfer,0,63.52,3751.13,75.7,1,3,1,No,18,1143.36,2,Low Engagement,24.5,Medium,Standard
CUST202111,23,One Year,Standard,Digital Wallet,1,47.77,1096.11,45.0,2,4,1,No,34,1624.18,0,Loyal Steady,14.6,Low,Standard
CUST202112,15,One Year,Standard,Bank Transfer,0,65.33,933.25,63.7,1,4,1,No,34,2221.22,0,Loyal Steady,16.4,Low,Standard
CUST202113,30,Month-to-Month,Basic,Bank Transfer,1,32.54,975.46,18.8,1,3,5,No,18,585.72,3,At Risk,15.7,Low,Standard
CUST202114,22,Month-to-Month,Basic,Bank Transfer,1,22.78,493.83,34.3,3,3,2,No,18,410.04,3,At Risk,41.4,Medium,Standard
CUST202115,44,Month-to-Month,Basic,Mailed Check,1,27.7,1148.19,42.0,1,4,2,No,18,498.6,2,Low Engagement,16.1,Low,Standard
CUST202116,27,One Year,Premium,Bank Transfer,1,99.52,2472.42,99.5,1,4,1,No,34,3383.68,1,Champions,12.4,Low,Standard
CUST202117,18,Month-to-Month,Premium,Credit Card,1,96.9,1629.42,105.3,1,4,0,No,18,1744.2,1,Champions,39.9,Medium,Standard
CUST202118,57,One Year,Premium,Digital Wallet,0,94.92,5035.53,108.4,2,3,2,No,34,3227.28,1,Champions,15.0,Low,Standard
CUST202119,38,Two Year,Standard,Credit Card,0,63.47,2341.68,51.8,2,4,2,No,52,3300.44,0,Loyal Steady,8.8,Low,Standard
CUST202120,17,Month-to-Month,Basic,Digital Wallet,1,29.26,484.82,29.4,3,5,4,Yes,18,526.68,0,Loyal Steady,17.7,Low,Standard
CUST202121,46,One Year,Standard,Credit Card,1,53.62,2441.28,67.7,1,5,1,No,34,1823.08,0,Loyal Steady,4.0,Low,Standard
CUST202122,16,Month-to-Month,Standard,Digital Wallet,0,47.99,738.66,63.0,3,4,1,No,18,863.82,0,Loyal Steady,53.5,High,Standard
CUST202123,43,Month-to-Month,Premium,Bank Transfer,1,100.41,4297.06,97.9,2,4,1,Yes,18,1807.38,1,Champions,28.0,Medium,Standard
CUST202124,17,Month-to-Month,Standard,Digital Wallet,0,59.9,1000.54,50.3,1,2,1,Yes,18,1078.2,3,At Risk,62.2,High,Standard
CUST202125,43,Month-to-Month,Standard,Credit Card,1,53.89,2264.18,78.0,0,5,0,No,18,970.02,0,Loyal Steady,11.1,Low,Standard
CUST202126,31,Month-to-Month,Premium,Digital Wallet,1,103.09,3117.23,101.2,0,4,1,Yes,18,1855.62,1,Champions,23.6,Low,Standard
CUST202127,72,Two Year,Basic,Credit Card,1,31.19,2073.58,37.4,1,2,0,No,52,1621.88,2,Low Engagement,6.0,Low,Standard
CUST202128,37,Two Year,Standard,Digital Wallet,1,65.64,2402.25,23.3,0,3,0,No,52,3413.28,3,At Risk,8.7,Low,Standard
CUST202129,18,Two Year,Standard,Credit Card,1,53.42,958.71,46.5,2,5,1,No,52,2777.84,0,Loyal Steady,8.0,Low,Standard
CUST202130,24,Two Year,Premium,Credit Card,1,93.02,2076.93,74.7,1,3,2,No,52,4837.04,1,Champions,14.3,Low,Standard
CUST202131,3,Month-to-Month,Standard,Bank Transfer,1,48.48,142.35,49.6,1,2,1,Yes,18,872.64,3,At Risk,63.2,Very High,Standard
CUST202132,5,One Year,Basic,Bank Transfer,1,15.0,70.94,41.0,1,5,1,No,34,510.0,0,Loyal Steady,8.0,Low,Standard
CUST202133,24,Two Year,Standard,Credit Card,1,61.97,1418.1,74.6,0,3,2,No,52,3222.44,3,At Risk,8.9,Low,Standard
CUST202134,36,Month-to-Month,Premium,Digital Wallet,1,91.19,3044.21,105.8,2,2,1,No,18,1641.42,1,Champions,57.9,High,Standard
CUST202135,42,One Year,Premium,Bank Transfer,1,81.94,3432.85,72.9,0,4,1,No,34,2785.96,1,Champions,6.8,Low,Standard
CUST202136,18,One Year,Standard,Bank Transfer,1,53.81,899.45,58.4,0,2,2,No,34,1829.54,3,At Risk,19.3,Low,Standard
CUST202137,11,Month-to-Month,Basic,Credit Card,0,25.48,271.45,16.8,5,2,2,No,18,458.64,3,At Risk,78.3,Very High,Standard
CUST202138,22,One Year,Standard,Mailed Check,1,51.97,1063.17,67.8,2,4,1,No,34,1766.98,0,Loyal Steady,19.3,Low,Standard
CUST202139,58,One Year,Premium,Digital Wallet,1,96.8,5376.12,106.7,0,5,3,No,34,3291.2,1,Champions,2.2,Low,Standard
CUST202140,58,One Year,Standard,Credit Card,1,62.68,3348.96,41.5,2,3,0,No,34,2131.12,2,Low Engagement,11.2,Low,Standard
CUST202141,32,Month-to-Month,Premium,Mailed Check,0,92.74,2926.78,108.8,2,3,1,Yes,18,1669.32,1,Champions,62.3,High,Standard
CUST202142,18,Two Year,Standard,Mailed Check,1,53.13,923.31,52.9,2,3,1,No,52,2762.76,3,At Risk,25.2,Medium,Standard
CUST202143,21,Month-to-Month,Premium,Bank Transfer,0,100.89,2039.55,105.7,0,3,2,Yes,18,1816.02,1,Champions,41.7,Medium,Standard
CUST202144,8,One Year,Basic,Bank Transfer,1,30.02,231.15,42.6,1,2,0,No,34,1020.68,3,At Risk,29.5,Medium,Standard
CUST202145,42,Month-to-Month,Standard,Digital Wallet,0,52.24,2141.45,43.3,1,3,1,No,18,940.32,2,Low Engagement,34.7,Medium,Standard
CUST202146,19,One Year,Standard,Bank Transfer,0,55.34,1027.86,65.6,1,2,0,Yes,34,1881.56,3,At Risk,37.0,Medium,Standard
CUST202147,26,Month-to-Month,Standard,Bank Transfer,1,58.15,1481.7,51.3,1,5,1,No,18,1046.7,0,Loyal Steady,17.2,Low,Standard
CUST202148,24,One Year,Basic,Credit Card,1,37.48,835.51,38.5,3,1,1,No,34,1274.32,3,At Risk,40.7,Medium,Standard
CUST202149,48,One Year,Basic,Bank Transfer,1,24.92,1114.98,2.0,4,2,1,No,34,847.28,2,Low Engagement,22.8,Low,Standard
CUST202150,23,Month-to-Month,Standard,Mailed Check,0,56.51,1232.31,65.7,2,3,0,Yes,18,1017.18,3,At Risk,65.1,Very High,Standard
CUST202151,31,One Year,Premium,Mailed Check,0,99.96,3003.09,91.1,3,4,1,Yes,34,3398.64,1,Champions,29.9,Medium,Standard
CUST202152,22,Month-to-Month,Standard,Credit Card,0,61.45,1292.68,53.0,2,3,1,No,18,1106.1,3,At Risk,52.9,High,Standard
CUST202153,40,Month-to-Month,Basic,Credit Card,1,25.45,988.22,10.8,3,4,1,No,18,458.1,0,Loyal Steady,23.7,Low,Standard
CUST202154,29,Month-to-Month,Basic,Mailed Check,0,37.22,1075.58,34.7,0,4,0,No,18,669.96,0,Loyal Steady,27.5,Medium,Standard
CUST202155,37,Month-to-Month,Basic,Bank Transfer,0,23.28,849.78,18.6,2,3,1,No,18,419.04,3,At Risk,35.7,Medium,Standard
CUST202156,15,Month-to-Month,Standard,Credit Card,1,55.3,764.47,37.0,1,4,1,No,18,995.4,0,Loyal Steady,31.1,Medium,Standard
CUST202157,24,Two Year,Basic,Credit Card,0,18.76,424.47,52.4,0,4,1,No,52,975.52,0,Loyal Steady,6.6,Low,Standard
CUST202158,6,Month-to-Month,Standard,Digital Wallet,1,47.7,272.39,50.7,0,4,2,Yes,18,858.6,0,Loyal Steady,27.9,Medium,Standard
CUST202159,26,One Year,Standard,Credit Card,1,53.93,1334.43,42.5,1,3,1,No,34,1833.62,3,At Risk,15.6,Low,Standard
CUST202160,7,One Year,Basic,Bank Transfer,1,28.65,191.47,31.2,1,5,1,No,34,974.1,0,Loyal Steady,7.3,Low,Standard
CUST202161,10,One Year,Basic,Credit Card,1,35.03,347.71,37.1,3,2,0,No,34,1191.02,3,At Risk,41.3,Medium,Standard
CUST202162,41,One Year,Standard,Digital Wallet,0,48.04,1969.26,53.1,3,1,0,Yes,34,1633.36,3,At Risk,51.0,High,Standard
CUST202163,72,Month-to-Month,Premium,Credit Card,1,92.56,6173.97,108.4,0,4,1,No,18,1666.08,1,Champions,9.7,Low,Standard
CUST202164,7,Two Year,Standard,Mailed Check,1,60.97,409.85,43.7,0,4,2,No,52,3170.44,0,Loyal Steady,11.0,Low,Standard
CUST202165,26,Month-to-Month,Standard,Bank Transfer,1,60.69,1453.73,49.8,1,3,1,No,18,1092.42,3,At Risk,36.0,Medium,Standard
CUST202166,12,Two Year,Standard,Bank Transfer,1,56.17,653.21,55.0,0,2,1,No,52,2920.84,3,At Risk,20.4,Low,Standard
CUST202167,19,Month-to-Month,Standard,Bank Transfer,1,56.61,1052.1,49.8,3,2,2,Yes,18,1018.98,3,At Risk,63.0,Very High,Standard
CUST202168,28,Month-to-Month,Basic,Digital Wallet,0,27.79,747.31,31.7,2,4,2,Yes,18,500.22,0,Loyal Steady,27.4,Medium,Standard
CUST202169,4,Month-to-Month,Standard,Bank Transfer,0,51.58,201.59,68.7,0,2,1,Yes,18,928.44,3,At Risk,62.9,Very High,Standard
CUST202170,57,One Year,Premium,Bank Transfer,0,104.25,5752.87,87.1,2,3,1,No,34,3544.5,1,Champions,16.0,Low,Standard
CUST202171,22,Month-to-Month,Standard,Bank Transfer,1,57.38,1246.2,43.7,2,4,4,No,18,1032.84,0,Loyal Steady,23.4,Low,Standard
CUST202172,22,Month-to-Month,Standard,Bank Transfer,1,52.23,1092.87,54.9,3,4,1,No,18,940.14,0,Loyal Steady,40.9,Medium,Standard
CUST202173,32,Month-to-Month,Standard,Credit Card,0,60.08,1880.54,42.5,0,3,1,No,18,1081.44,3,At Risk,32.5,Medium,Standard
CUST202174,35,Month-to-Month,Standard,Mailed Check,0,58.98,1988.88,52.7,2,4,1,No,18,1061.64,0,Loyal Steady,40.7,Medium,Standard
CUST202175,6,Month-to-Month,Standard,Digital Wallet,1,48.74,281.22,50.6,2,2,2,No,18,877.32,3,At Risk,65.4,Very High,Standard
CUST202176,42,Two Year,Premium,Bank Transfer,1,90.71,3534.35,113.5,2,4,2,No,52,4716.92,1,Champions,8.2,Low,Standard
CUST202177,10,Month-to-Month,Standard,Digital Wallet,1,56.66,560.54,31.0,2,3,0,Yes,18,1019.88,3,At Risk,58.1,High,Standard
CUST202178,27,Month-to-Month,Standard,Bank Transfer,1,61.38,1654.23,41.8,3,3,2,No,18,1104.84,3,At Risk,45.2,High,Standard
CUST202179,20,One Year,Premium,Digital Wallet,1,99.02,1881.31,86.9,2,2,1,No,34,3366.68,1,Champions,39.1,Medium,Standard
CUST202180,39,Month-to-Month,Premium,Credit Card,0,92.11,3449.46,94.9,1,3,2,No,18,1657.98,1,Champions,38.1,Medium,Standard
CUST202181,30,One Year,Basic,Bank Transfer,1,26.15,728.52,14.3,2,4,1,No,34,889.1,0,Loyal Steady,8.8,Low,Standard
CUST202182,9,Month-to-Month,Premium,Digital Wallet,1,105.23,884.41,101.8,0,2,1,No,18,1894.14,1,Champions,59.6,High,Standard
CUST202183,26,Two Year,Standard,Bank Transfer,1,45.37,1168.17,61.7,0,2,2,No,52,2359.24,3,At Risk,13.6,Low,Standard
CUST202184,39,Month-to-Month,Premium,Mailed Check,1,106.74,3871.26,81.8,2,3,2,Yes,18,1921.32,1,Champions,45.1,High,Priority Save
CUST202185,19,Month-to-Month,Premium,Bank Transfer,1,87.05,1546.75,81.0,1,4,1,No,18,1566.9,1,Champions,35.1,Medium,Standard
CUST202186,32,Month-to-Month,Basic,Bank Transfer,0,26.62,851.8,8.3,0,4,1,No,18,479.16,0,Loyal Steady,17.3,Low,Standard
CUST202187,13,One Year,Premium,Mailed Check,1,94.29,1149.05,111.4,2,4,1,No,34,3205.86,1,Champions,28.2,Medium,Standard
CUST202188,40,Month-to-Month,Standard,Digital Wallet,0,39.61,1519.42,61.1,2,4,1,No,18,712.98,0,Loyal Steady,32.2,Medium,Standard
CUST202189,14,Month-to-Month,Basic,Digital Wallet,0,41.03,570.84,32.3,0,5,1,No,18,738.54,0,Loyal Steady,17.3,Low,Standard
CUST202190,22,Month-to-Month,Standard,Credit Card,1,56.21,1216.68,88.7,2,5,1,No,18,1011.78,0,Loyal Steady,24.5,Medium,Standard
CUST202191,9,One Year,Standard,Credit Card,1,66.49,578.49,57.7,0,3,1,No,34,2260.66,3,At Risk,17.4,Low,Standard
CUST202192,22,Month-to-Month,Standard,Digital Wallet,0,47.31,1021.2,50.8,0,4,2,No,18,851.58,0,Loyal Steady,25.6,Medium,Standard
CUST202193,31,Month-to-Month,Standard,Credit Card,1,50.84,1501.69,34.5,3,3,1,No,18,915.12,3,At Risk,47.3,High,Standard
CUST202194,11,Month-to-Month,Standard,Digital Wallet,1,54.36,565.41,66.6,0,3,1,Yes,18,978.48,3,At Risk,40.1,Medium,Standard
CUST202195,38,Month-to-Month,Standard,Bank Transfer,1,51.24,1852.36,54.9,0,3,1,No,18,922.32,3,At Risk,24.2,Low,Standard
CUST202196,72,One Year,Standard,Mailed Check,0,58.56,3924.98,55.2,0,4,0,No,34,1991.04,2,Low Engagement,5.4,Low,Standard
CUST202197,34,Two Year,Premium,Digital Wallet,1,101.56,3255.99,130.7,3,3,3,No,52,5281.12,1,Champions,17.6,Low,Standard
CUST202198,24,Two Year,Premium,Credit Card,1,90.71,2134.41,99.4,1,4,4,No,52,4716.92,1,Champions,6.9,Low,Standard
CUST202199,16,Two Year,Premium,Bank Transfer,1,88.69,1360.85,89.3,1,4,0,No,52,4611.88,1,Champions,15.0,Low,Standard
CUST202200,59,Month-to-Month,Standard,Bank Transfer,0,53.54,2992.18,54.2,3,3,0,No,18,963.72,2,Low Engagement,41.2,Medium,Standard
CUST202201,9,One Year,Standard,Credit Card,1,60.25,515.98,62.2,1,4,0,No,34,2048.5,0,Loyal Steady,17.0,Low,Standard
CUST202202,39,Month-to-Month,Standard,Credit Card,1,57.83,2194.81,56.6,0,3,3,Yes,18,1040.94,3,At Risk,18.1,Low,Standard
CUST202203,16,One Year,Standard,Digital Wallet,0,57.41,885.77,72.8,1,4,2,Yes,34,1951.94,0,Loyal Steady,14.8,Low,Standard
CUST202204,42,Two Year,Standard,Bank Transfer,1,49.17,1979.03,66.1,0,3,0,No,52,2556.84,2,Low Engagement,8.1,Low,Standard
CUST202205,46,Month-to-Month,Basic,Bank Transfer,1,27.06,1164.11,18.8,2,5,0,No,18,487.08,0,Loyal Steady,12.4,Low,Standard
CUST202206,44,Two Year,Standard,Bank Transfer,1,50.56,2055.54,62.4,2,3,0,No,52,2629.12,2,Low Engagement,12.9,Low,Standard
CUST202207,30,Month-to-Month,Basic,Bank Transfer,1,22.34,616.62,24.8,1,3,1,No,18,402.12,3,At Risk,27.3,Medium,Standard
CUST202208,17,Month-to-Month,Standard,Digital Wallet,0,59.55,958.92,90.4,3,3,0,No,18,1071.9,1,Champions,68.8,Very High,Standard
CUST202209,31,Month-to-Month,Standard,Credit Card,0,45.37,1351.96,38.4,1,4,1,No,18,816.66,0,Loyal Steady,29.1,Medium,Standard
CUST202210,27,One Year,Basic,Digital Wallet,1,24.41,645.48,16.3,2,3,1,No,34,829.94,3,At Risk,15.4,Low,Standard
CUST202211,72,One Year,Basic,Digital Wallet,0,19.76,1405.63,2.0,3,3,1,Yes,34,671.84,2,Low Engagement,9.3,Low,Standard
CUST202212,13,Month-to-Month,Standard,Credit Card,1,55.45,719.67,52.3,2,3,0,Yes,18,998.1,3,At Risk,55.9,High,Standard
CUST202213,46,Month-to-Month,Premium,Digital Wallet,1,89.64,4014.4,92.4,2,3,1,Yes,18,1613.52,1,Champions,38.9,Medium,Standard
CUST202214,51,One Year,Basic,Bank Transfer,1,15.0,754.67,11.1,3,3,1,No,34,510.0,2,Low Engagement,11.3,Low,Standard
CUST202215,25,Month-to-Month,Basic,Digital Wallet,1,21.95,511.07,36.0,2,3,0,Yes,18,395.1,3,At Risk,41.8,Medium,Standard
CUST202216,38,One Year,Premium,Bank Transfer,1,97.49,3548.29,88.2,0,4,1,No,34,3314.66,1,Champions,7.4,Low,Standard
CUST202217,60,Month-to-Month,Standard,Digital Wallet,0,51.8,2939.01,68.4,2,3,1,No,18,932.4,2,Low Engagement,31.6,Medium,Standard
CUST202218,10,Month-to-Month,Basic,Credit Card,0,28.4,264.22,22.5,1,2,1,Yes,18,511.2,3,At Risk,57.8,High,Standard
CUST202219,47,Month-to-Month,Basic,Bank Transfer,1,35.06,1597.18,18.1,2,2,0,Yes,18,631.08,2,Low Engagement,38.1,Medium,Standard
CUST202220,22,Month-to-Month,Standard,Credit Card,1,46.14,992.3,54.2,0,2,2,No,18,830.52,3,At Risk,40.6,Medium,Standard
CUST202221,25,Two Year,Premium,Digital Wallet,1,94.01,2164.54,88.1,2,3,0,Yes,52,4888.52,1,Champions,24.3,Low,Standard
CUST202222,71,Month-to-Month,Basic,Credit Card,0,28.58,1989.94,50.2,2,4,1,No,18,514.44,2,Low Engagement,12.7,Low,Standard
CUST202223,64,Month-to-Month,Premium,Digital Wallet,0,101.3,6055.99,106.4,2,3,1,No,18,1823.4,1,Champions,34.7,Medium,Standard
CUST202224,25,Month-to-Month,Standard,Digital Wallet,1,60.19,1500.88,69.5,1,4,1,Yes,18,1083.42,0,Loyal Steady,27.3,Medium,Standard
CUST202225,7,Month-to-Month,Standard,Credit Card,1,58.05,381.51,68.1,1,4,0,Yes,18,1044.9,0,Loyal Steady,40.3,Medium,Standard
CUST202226,14,Month-to-Month,Premium,Bank Transfer,1,91.07,1231.21,95.4,0,4,0,Yes,18,1639.26,1,Champions,35.3,Medium,Standard
CUST202227,34,Month-to-Month,Standard,Mailed Check,1,47.57,1564.46,56.5,0,3,1,Yes,18,856.26,3,At Risk,33.5,Medium,Standard
CUST202228,64,Month-to-Month,Basic,Bank Transfer,1,20.49,1270.07,37.7,2,3,1,No,18,368.82,2,Low Engagement,17.8,Low,Standard
CUST202229,14,Two Year,Standard,Credit Card,1,45.45,626.73,62.0,0,4,1,Yes,52,2363.4,0,Loyal Steady,8.5,Low,Standard
CUST202230,36,Month-to-Month,Basic,Digital Wallet,0,27.11,910.09,35.9,1,2,0,No,18,487.98,3,At Risk,46.9,High,Standard
CUST202231,70,One Year,Premium,Digital Wallet,1,97.87,6530.85,89.1,2,4,2,No,34,3327.58,1,Champions,5.3,Low,Standard
CUST202232,15,Month-to-Month,Standard,Digital Wallet,1,57.38,804.15,34.5,3,3,2,No,18,1032.84,3,At Risk,54.0,High,Standard
CUST202233,13,Two Year,Standard,Credit Card,1,58.78,731.28,57.6,1,4,3,No,52,3056.56,0,Loyal Steady,8.1,Low,Standard
CUST202234,13,Month-to-Month,Basic,Bank Transfer,0,26.23,322.78,37.5,3,1,2,Yes,18,472.14,3,At Risk,76.4,Very High,Standard
CUST202235,16,Month-to-Month,Premium,Credit Card,0,88.68,1314.63,108.9,2,3,0,Yes,18,1596.24,1,Champions,67.9,Very High,Standard
CUST202236,72,Month-to-Month,Standard,Digital Wallet,1,53.81,3585.58,78.9,1,4,1,No,18,968.58,2,Low Engagement,10.4,Low,Standard
CUST202237,47,Month-to-Month,Premium,Credit Card,0,100.51,4630.08,72.2,0,2,1,No,18,1809.18,1,Champions,41.2,Medium,Standard
CUST202238,27,Month-to-Month,Standard,Mailed Check,1,57.71,1459.51,46.6,2,2,2,No,18,1038.78,3,At Risk,59.3,High,Standard
CUST202239,13,Month-to-Month,Standard,Credit Card,0,54.07,649.91,15.1,1,4,2,Yes,18,973.26,0,Loyal Steady,34.4,Medium,Standard
CUST202240,18,Month-to-Month,Standard,Digital Wallet,1,56.19,1008.4,62.2,1,4,1,No,18,1011.42,0,Loyal Steady,31.0,Medium,Standard
CUST202241,18,Month-to-Month,Basic,Bank Transfer,1,28.72,481.28,8.3,2,4,2,No,18,516.96,0,Loyal Steady,25.2,Medium,Standard
CUST202242,31,One Year,Standard,Mailed Check,0,57.01,1637.3,46.1,2,5,1,No,34,1938.34,0,Loyal Steady,12.9,Low,Standard
CUST202243,24,Month-to-Month,Basic,Digital Wallet,0,16.66,373.99,23.5,3,3,2,No,18,299.88,3,At Risk,48.4,High,Standard
CUST202244,39,One Year,Premium,Bank Transfer,1,101.13,3890.73,85.1,1,4,2,No,34,3438.42,1,Champions,8.0,Low,Standard
CUST202245,38,Month-to-Month,Basic,Bank Transfer,1,20.98,784.45,31.7,1,2,1,Yes,18,377.64,3,At Risk,33.9,Medium,Standard
CUST202246,8,One Year,Standard,Credit Card,0,62.38,471.75,42.4,0,3,0,Yes,34,2120.92,3,At Risk,25.2,Medium,Standard
CUST202247,12,One Year,Standard,Digital Wallet,1,60.59,691.15,65.3,1,3,1,Yes,34,2060.06,3,At Risk,21.8,Low,Standard
CUST202248,2,One Year,Standard,Credit Card,0,48.48,91.33,58.6,2,3,1,No,34,1648.32,3,At Risk,38.5,Medium,Standard
CUST202249,8,Month-to-Month,Standard,Digital Wallet,1,57.0,438.42,62.6,0,3,1,Yes,18,1026.0,3,At Risk,41.7,Medium,Standard
CUST202250,46,Month-to-Month,Basic,Credit Card,1,32.44,1489.36,16.9,2,4,0,Yes,18,583.92,2,Low Engagement,18.9,Low,Standard
CUST202251,12,Month-to-Month,Basic,Digital Wallet,0,29.37,326.5,2.0,1,5,0,No,18,528.66,0,Loyal Steady,25.6,Medium,Standard
CUST202252,22,Month-to-Month,Basic,Digital Wallet,0,31.22,647.19,2.0,4,3,3,Yes,18,561.96,3,At Risk,51.3,High,Standard
CUST202253,37,Month-to-Month,Standard,Digital Wallet,0,54.88,1925.11,52.8,1,4,0,Yes,18,987.84,0,Loyal Steady,30.2,Medium,Standard
CUST202254,17,Two Year,Premium,Credit Card,1,89.41,1402.58,109.6,2,3,1,No,52,4649.32,1,Champions,24.9,Medium,Standard
CUST202255,29,Month-to-Month,Premium,Digital Wallet,0,107.27,3028.09,86.4,3,4,0,No,18,1930.86,1,Champions,54.4,High,Priority Save
CUST202256,33,One Year,Premium,Bank Transfer,0,99.97,3274.65,96.5,2,4,1,No,34,3398.98,1,Champions,17.8,Low,Standard
CUST202257,20,Month-to-Month,Basic,Credit Card,1,19.58,378.97,42.5,0,3,0,No,18,352.44,3,At Risk,30.7,Medium,Standard
CUST202258,56,Two Year,Basic,Mailed Check,1,17.82,930.59,14.5,1,4,0,No,52,926.64,2,Low Engagement,4.7,Low,Standard
CUST202259,15,Month-to-Month,Premium,Digital Wallet,0,103.16,1438.36,94.3,2,2,2,No,18,1856.88,1,Champions,71.8,Very High,Standard
CUST202260,20,Month-to-Month,Standard,Digital Wallet,0,53.84,1066.8,73.3,0,3,1,No,18,969.12,3,At Risk,41.7,Medium,Standard
CUST202261,20,Month-to-Month,Standard,Credit Card,1,51.04,959.77,45.3,2,3,3,No,18,918.72,3,At Risk,39.2,Medium,Standard
CUST202262,16,Month-to-Month,Premium,Credit Card,1,95.8,1505.06,107.6,0,3,3,Yes,18,1724.4,1,Champions,34.5,Medium,Standard
CUST202263,19,Month-to-Month,Standard,Bank Transfer,0,57.1,1059.04,56.2,3,5,1,No,18,1027.8,0,Loyal Steady,37.4,Medium,Standard
CUST202264,51,Two Year,Basic,Digital Wallet,1,15.0,716.8,2.0,1,3,2,No,52,780.0,2,Low Engagement,4.7,Low,Standard
CUST202265,67,One Year,Basic,Credit Card,1,15.0,1001.11,48.2,0,3,0,No,34,510.0,2,Low Engagement,4.2,Low,Standard
CUST202266,7,Month-to-Month,Premium,Digital Wallet,0,87.48,586.43,92.5,3,3,0,No,18,1574.64,1,Champions,78.5,Very High,Standard
CUST202267,37,One Year,Basic,Credit Card,1,23.03,812.9,29.8,3,4,0,No,34,783.02,0,Loyal Steady,11.6,Low,Standard
CUST202268,13,Month-to-Month,Standard,Digital Wallet,0,58.98,709.29,69.4,2,4,2,No,18,1061.64,0,Loyal Steady,43.5,Medium,Standard
CUST202269,44,Month-to-Month,Premium,Digital Wallet,0,106.74,4408.11,103.8,0,3,2,No,18,1921.32,1,Champions,29.2,Medium,Standard
CUST202270,10,Two Year,Standard,Credit Card,0,53.44,521.95,51.8,1,3,1,No,52,2778.88,3,At Risk,22.7,Low,Standard
CUST202271,31,Month-to-Month,Standard,Bank Transfer,1,47.43,1431.88,56.9,2,3,1,No,18,853.74,3,At Risk,40.8,Medium,Standard
CUST202272,72,One Year,Premium,Bank Transfer,1,89.75,5949.69,106.5,1,3,2,Yes,34,3051.5,1,Champions,6.1,Low,Standard
CUST202273,32,Month-to-Month,Standard,Digital Wallet,1,55.62,1673.61,95.4,4,4,1,Yes,18,1001.16,1,Champions,43.9,High,Standard
CUST202274,38,Month-to-Month,Basic,Bank Transfer,0,23.09,838.68,20.4,3,2,1,Yes,18,415.62,3,At Risk,54.6,High,Standard
CUST202275,70,Two Year,Basic,Bank Transfer,1,38.2,2515.22,4.9,6,2,2,Yes,52,1986.4,2,Low Engagement,16.3,Low,Standard
CUST202276,60,One Year,Premium,Credit Card,1,97.6,5429.84,96.1,0,5,1,No,34,3318.4,1,Champions,2.7,Low,Standard
CUST202277,23,Month-to-Month,Standard,Credit Card,0,48.4,1048.42,54.3,1,3,0,No,18,871.2,3,At Risk,49.9,High,Standard
CUST202278,21,One Year,Basic,Bank Transfer,1,30.3,626.13,43.0,1,4,0,No,34,1030.2,0,Loyal Steady,9.9,Low,Standard
CUST202279,64,Month-to-Month,Standard,Bank Transfer,1,45.38,2849.52,81.5,1,5,1,Yes,18,816.84,2,Low Engagement,7.8,Low,Standard
CUST202280,42,Month-to-Month,Basic,Digital Wallet,0,30.56,1249.87,21.0,3,4,0,Yes,18,550.08,2,Low Engagement,32.6,Medium,Standard
CUST202281,10,One Year,Basic,Digital Wallet,1,26.81,259.36,27.2,2,3,1,No,34,911.54,3,At Risk,22.0,Low,Standard
CUST202282,47,Month-to-Month,Standard,Digital Wallet,1,58.13,2730.79,80.5,2,3,0,No,18,1046.34,2,Low Engagement,36.3,Medium,Standard
CUST202283,16,One Year,Standard,Bank Transfer,1,45.84,682.67,44.4,0,4,1,No,34,1558.56,0,Loyal Steady,9.8,Low,Standard
CUST202284,72,Month-to-Month,Standard,Digital Wallet,1,56.98,3983.18,16.3,0,4,0,No,18,1025.64,2,Low Engagement,8.7,Low,Standard
CUST202285,7,Month-to-Month,Premium,Credit Card,0,97.26,666.14,105.5,1,4,2,Yes,18,1750.68,1,Champions,45.6,High,Standard
CUST202286,57,Two Year,Standard,Digital Wallet,1,57.55,3217.64,69.2,1,3,1,No,52,2992.6,2,Low Engagement,6.6,Low,Standard
CUST202287,13,Month-to-Month,Standard,Credit Card,0,51.13,648.89,66.1,1,3,1,Yes,18,920.34,3,At Risk,52.3,High,Standard
CUST202288,27,One Year,Standard,Bank Transfer,1,57.54,1441.18,41.5,0,3,1,No,34,1956.36,3,At Risk,11.7,Low,Standard
CUST202289,44,Two Year,Basic,Credit Card,1,28.24,1184.76,5.7,4,4,1,No,52,1468.48,2,Low Engagement,8.6,Low,Standard
CUST202290,11,One Year,Premium,Bank Transfer,0,85.97,936.43,106.0,0,3,0,No,34,2922.98,1,Champions,30.2,Medium,Standard
CUST202291,8,Two Year,Basic,Credit Card,1,18.52,139.43,16.8,4,4,2,Yes,52,963.04,0,Loyal Steady,17.1,Low,Standard
CUST202292,3,Month-to-Month,Standard,Digital Wallet,1,53.53,148.68,38.1,2,3,0,Yes,18,963.54,3,At Risk,62.7,High,Standard
CUST202293,34,Month-to-Month,Basic,Bank Transfer,1,27.78,889.3,23.0,2,3,0,Yes,18,500.04,3,At Risk,34.6,Medium,Standard
CUST202294,48,One Year,Premium,Digital Wallet,0,92.91,4157.65,87.1,2,3,1,No,34,3158.94,1,Champions,20.5,Low,Standard
CUST202295,33,Month-to-Month,Basic,Digital Wallet,1,29.25,906.41,18.1,1,4,1,No,18,526.5,0,Loyal Steady,17.7,Low,Standard
CUST202296,54,Two Year,Premium,Bank Transfer,1,94.35,4711.24,89.9,1,5,0,No,52,4906.2,1,Champions,3.8,Low,Standard
CUST202297,28,One Year,Standard,Credit Card,1,58.34,1612.25,33.5,0,4,0,No,34,1983.56,0,Loyal Steady,8.4,Low,Standard
CUST202298,40,One Year,Premium,Credit Card,1,84.59,3181.0,102.3,0,3,0,Yes,34,2876.06,1,Champions,13.5,Low,Standard
CUST202299,1,One Year,Premium,Mailed Check,1,95.25,89.28,59.2,2,4,0,Yes,34,3238.5,1,Champions,37.1,Medium,Standard
CUST202300,27,Month-to-Month,Standard,Bank Transfer,1,64.87,1611.52,46.2,2,5,0,No,18,1167.66,0,Loyal Steady,23.8,Low,Standard
CUST202301,28,Month-to-Month,Basic,Credit Card,1,18.48,481.52,43.2,1,2,0,Yes,18,332.64,3,At Risk,44.5,High,Standard
CUST202302,22,Month-to-Month,Premium,Digital Wallet,1,94.84,1992.74,101.5,2,3,2,No,18,1707.12,1,Champions,49.8,High,Standard
CUST202303,72,Month-to-Month,Premium,Bank Transfer,1,96.32,6470.54,109.3,3,4,0,No,18,1733.76,1,Champions,23.1,Low,Standard
CUST202304,72,Month-to-Month,Standard,Mailed Check,0,52.68,3637.04,23.6,1,4,0,Yes,18,948.24,2,Low Engagement,18.8,Low,Standard
CUST202305,47,One Year,Standard,Credit Card,1,48.35,2229.9,47.6,2,5,0,No,34,1643.9,0,Loyal Steady,6.0,Low,Standard
CUST202306,72,Month-to-Month,Basic,Credit Card,0,37.49,2597.61,51.6,1,4,0,No,18,674.82,2,Low Engagement,11.0,Low,Standard
CUST202307,9,Two Year,Standard,Bank Transfer,1,56.43,498.01,55.1,1,4,0,No,52,2934.36,0,Loyal Steady,13.8,Low,Standard
CUST202308,37,Month-to-Month,Basic,Credit Card,1,25.6,935.92,2.0,3,3,1,No,18,460.8,3,At Risk,35.4,Medium,Standard
CUST202309,29,Month-to-Month,Basic,Mailed Check,1,31.71,855.9,18.3,1,2,0,Yes,18,570.78,3,At Risk,50.8,High,Standard
CUST202310,28,Two Year,Standard,Bank Transfer,0,55.08,1522.88,61.4,3,1,0,Yes,52,2864.16,3,At Risk,51.9,High,Priority Save
CUST202311,35,One Year,Premium,Mailed Check,0,89.02,3083.73,85.4,2,3,5,No,34,3026.68,1,Champions,19.9,Low,Standard
CUST202312,36,Month-to-Month,Basic,Bank Transfer,0,17.03,592.77,28.7,0,4,1,No,18,306.54,0,Loyal Steady,16.5,Low,Standard
CUST202313,18,One Year,Standard,Digital Wallet,0,63.06,1047.38,46.5,0,4,1,No,34,2144.04,0,Loyal Steady,12.3,Low,Standard
CUST202314,39,Month-to-Month,Standard,Mailed Check,0,57.58,2174.12,83.9,3,3,0,No,18,1036.44,1,Champions,62.8,High,Standard
CUST202315,20,Month-to-Month,Standard,Mailed Check,1,48.25,935.58,61.5,1,3,2,No,18,868.5,3,At Risk,45.0,High,Standard
CUST202316,62,Two Year,Basic,Mailed Check,0,25.15,1442.38,22.9,3,3,1,No,52,1307.8,2,Low Engagement,12.4,Low,Standard
CUST202317,25,Two Year,Premium,Credit Card,1,87.22,2041.24,106.1,5,4,0,No,52,4535.44,1,Champions,31.6,Medium,Standard
CUST202318,17,One Year,Premium,Credit Card,1,96.9,1619.82,92.8,2,2,3,Yes,34,3294.6,1,Champions,32.5,Medium,Standard
CUST202319,22,Month-to-Month,Standard,Credit Card,1,63.73,1307.86,56.7,3,3,0,No,18,1147.14,3,At Risk,57.1,High,Standard
CUST202320,5,Month-to-Month,Premium,Bank Transfer,1,93.47,452.57,80.0,0,4,1,No,18,1682.46,1,Champions,36.2,Medium,Standard
CUST202321,13,Month-to-Month,Premium,Digital Wallet,1,97.66,1246.65,103.8,0,4,3,No,18,1757.88,1,Champions,26.2,Medium,Standard
CUST202322,22,Month-to-Month,Standard,Bank Transfer,1,57.42,1181.66,71.0,1,4,3,No,18,1033.56,0,Loyal Steady,21.8,Low,Standard
CUST202323,17,Two Year,Standard,Credit Card,0,48.12,777.43,61.6,3,3,1,No,52,2502.24,3,At Risk,31.1,Medium,Standard
CUST202324,11,Month-to-Month,Standard,Digital Wallet,1,58.1,633.59,34.0,2,3,1,Yes,18,1045.8,3,At Risk,53.3,High,Standard
CUST202325,39,Month-to-Month,Standard,Digital Wallet,0,61.02,2207.33,46.0,1,2,0,No,18,1098.36,3,At Risk,52.4,High,Standard
CUST202326,11,One Year,Standard,Bank Transfer,1,59.76,652.95,45.8,1,3,0,No,34,2031.84,3,At Risk,23.9,Low,Standard
CUST202327,13,Month-to-Month,Premium,Mailed Check,0,91.5,1175.29,100.9,2,5,1,Yes,18,1647.0,1,Champions,49.3,High,Standard
CUST202328,19,One Year,Standard,Credit Card,1,59.97,1076.47,56.5,2,3,1,No,34,2038.98,3,At Risk,22.9,Low,Standard
CUST202329,27,Month-to-Month,Standard,Digital Wallet,0,54.16,1393.0,59.1,3,3,2,No,18,974.88,3,At Risk,54.4,High,Standard
CUST202330,18,Month-to-Month,Basic,Credit Card,0,27.88,480.88,17.3,3,3,1,Yes,18,501.84,3,At Risk,54.6,High,Standard
CUST202331,20,Month-to-Month,Basic,Bank Transfer,0,32.89,617.19,14.6,3,3,1,Yes,18,592.02,3,At Risk,52.8,High,Standard
CUST202332,26,Month-to-Month,Standard,Credit Card,1,52.85,1270.43,63.6,1,4,2,No,18,951.3,0,Loyal Steady,23.1,Low,Standard
CUST202333,24,Month-to-Month,Standard,Credit Card,1,47.37,1045.99,55.3,1,5,1,No,18,852.66,0,Loyal Steady,18.4,Low,Standard
CUST202334,23,Two Year,Basic,Digital Wallet,1,19.53,444.66,26.1,1,3,3,No,52,1015.56,3,At Risk,7.9,Low,Standard
CUST202335,38,One Year,Standard,Digital Wallet,1,60.21,2131.89,35.9,0,4,2,No,34,2047.14,0,Loyal Steady,5.0,Low,Standard
CUST202336,19,One Year,Premium,Bank Transfer,0,87.05,1623.02,102.4,1,3,0,Yes,34,2959.7,1,Champions,31.9,Medium,Standard
CUST202337,10,Month-to-Month,Basic,Mailed Check,0,20.11,191.72,14.4,0,4,2,Yes,18,361.98,0,Loyal Steady,30.8,Medium,Standard
CUST202338,54,One Year,Basic,Bank Transfer,0,19.78,1049.27,20.6,2,3,3,No,34,672.52,2,Low Engagement,7.8,Low,Standard
CUST202339,41,Month-to-Month,Premium,Bank Transfer,0,84.97,3354.52,83.5,1,4,0,Yes,18,1529.46,1,Champions,32.9,Medium,Standard
CUST202340,65,Month-to-Month,Standard,Digital Wallet,1,59.47,3809.59,59.7,2,4,0,No,18,1070.46,2,Low Engagement,17.5,Low,Standard
CUST202341,20,One Year,Standard,Mailed Check,0,54.16,1055.96,48.5,3,4,3,No,34,1841.44,0,Loyal Steady,23.9,Low,Standard
CUST202342,47,One Year,Standard,Digital Wallet,1,56.76,2565.88,72.2,0,4,1,No,34,1929.84,2,Low Engagement,5.0,Low,Standard
CUST202343,4,Two Year,Standard,Digital Wallet,1,51.08,200.75,64.1,1,3,0,No,52,2656.16,3,At Risk,24.4,Low,Standard
CUST202344,48,Two Year,Standard,Digital Wallet,1,55.16,2488.39,57.2,0,4,0,No,52,2868.32,2,Low Engagement,4.5,Low,Standard
CUST202345,42,Month-to-Month,Basic,Credit Card,1,32.37,1268.91,2.0,2,4,1,No,18,582.66,2,Low Engagement,17.7,Low,Standard
CUST202346,16,Month-to-Month,Standard,Bank Transfer,1,47.48,732.75,62.1,1,2,1,Yes,18,854.64,3,At Risk,55.7,High,Standard
CUST202347,11,Month-to-Month,Standard,Credit Card,1,45.55,481.18,48.0,3,4,1,Yes,18,819.9,0,Loyal Steady,48.1,High,Standard
CUST202348,35,Month-to-Month,Standard,Bank Transfer,1,58.77,1909.84,48.6,1,3,0,No,18,1057.86,3,At Risk,34.7,Medium,Standard
CUST202349,25,Month-to-Month,Standard,Credit Card,1,51.68,1245.38,61.2,1,3,2,Yes,18,930.24,3,At Risk,33.7,Medium,Standard
CUST202350,7,Month-to-Month,Standard,Bank Transfer,1,55.68,384.81,68.5,0,3,0,No,18,1002.24,3,At Risk,45.5,High,Standard
CUST202351,72,Month-to-Month,Basic,Bank Transfer,1,19.57,1373.64,30.1,0,4,1,No,18,352.26,2,Low Engagement,5.6,Low,Standard
CUST202352,39,One Year,Basic,Bank Transfer,1,27.49,998.38,26.6,1,3,0,No,34,934.66,3,At Risk,10.2,Low,Standard
CUST202353,68,Two Year,Standard,Digital Wallet,0,63.2,4253.39,71.4,0,3,1,No,52,3286.4,2,Low Engagement,5.0,Low,Standard
CUST202354,43,Two Year,Standard,Digital Wallet,1,48.14,1924.26,58.2,0,3,1,No,52,2503.28,2,Low Engagement,7.0,Low,Standard
CUST202355,15,Month-to-Month,Standard,Digital Wallet,0,58.39,867.79,45.1,0,4,2,No,18,1051.02,0,Loyal Steady,28.5,Medium,Standard
CUST202356,19,Month-to-Month,Premium,Bank Transfer,0,99.9,1881.28,102.0,1,4,0,Yes,18,1798.2,1,Champions,45.9,High,Standard
CUST202357,72,Month-to-Month,Standard,Bank Transfer,0,62.64,4256.94,53.8,3,2,0,Yes,18,1127.52,2,Low Engagement,45.0,High,Standard
CUST202358,19,Month-to-Month,Basic,Credit Card,1,19.57,356.3,16.9,0,4,0,No,18,352.26,0,Loyal Steady,21.0,Low,Standard
CUST202359,15,Two Year,Standard,Bank Transfer,0,45.85,642.16,25.1,2,2,1,No,52,2384.2,3,At Risk,35.9,Medium,Standard
CUST202360,72,Month-to-Month,Standard,Bank Transfer,1,59.06,4062.69,61.3,1,5,1,No,18,1063.08,2,Low Engagement,6.1,Low,Standard
CUST202361,6,One Year,Standard,Bank Transfer,0,45.96,270.75,54.4,1,2,1,No,34,1562.64,3,At Risk,41.0,Medium,Standard
CUST202362,27,Month-to-Month,Basic,Bank Transfer,0,24.07,615.82,44.1,0,4,0,No,18,433.26,0,Loyal Steady,22.7,Low,Standard
CUST202363,16,Month-to-Month,Basic,Digital Wallet,1,24.79,377.39,25.2,2,3,0,No,18,446.22,3,At Risk,47.0,High,Standard
CUST202364,33,Two Year,Standard,Digital Wallet,1,49.82,1622.41,46.1,1,3,1,No,52,2590.64,3,At Risk,11.3,Low,Standard
CUST202365,13,Month-to-Month,Basic,Credit Card,1,32.98,428.73,18.7,2,2,2,Yes,18,593.64,3,At Risk,51.4,High,Standard
CUST202366,71,Month-to-Month,Basic,Credit Card,1,31.64,2075.67,8.8,1,4,0,No,18,569.52,2,Low Engagement,8.4,Low,Standard
CUST202367,25,One Year,Standard,Mailed Check,1,58.48,1370.59,44.9,2,4,2,No,34,1988.32,0,Loyal Steady,15.3,Low,Standard
CUST202368,29,Month-to-Month,Premium,Credit Card,1,101.76,2864.15,96.0,0,4,0,No,18,1831.68,1,Champions,26.8,Medium,Standard
CUST202369,7,Month-to-Month,Standard,Digital Wallet,1,55.12,365.49,50.2,1,2,2,No,18,992.16,3,At Risk,57.6,High,Standard
CUST202370,35,Month-to-Month,Standard,Bank Transfer,1,55.56,1885.22,57.0,1,3,1,No,18,1000.08,3,At Risk,31.4,Medium,Standard
CUST202371,11,Month-to-Month,Premium,Bank Transfer,1,97.52,1028.82,92.1,0,3,2,Yes,18,1755.36,1,Champions,40.7,Medium,Standard
CUST202372,39,Month-to-Month,Standard,Bank Transfer,0,57.27,2167.3,57.8,0,1,0,Yes,18,1030.86,3,At Risk,57.1,High,Standard
CUST202373,34,Month-to-Month,Standard,Digital Wallet,1,51.95,1707.14,52.1,0,2,0,No,18,935.1,3,At Risk,41.9,Medium,Standard
CUST202374,7,Two Year,Standard,Bank Transfer,0,52.56,366.76,49.1,2,3,0,Yes,52,2733.12,3,At Risk,33.2,Medium,Standard
CUST202375,66,Month-to-Month,Premium,Digital Wallet,0,106.51,6516.71,73.6,1,2,2,No,18,1917.18,1,Champions,33.5,Medium,Standard
CUST202376,25,Month-to-Month,Premium,Credit Card,1,100.18,2406.7,132.9,2,2,0,Yes,18,1803.24,1,Champions,67.6,Very High,Standard
CUST202377,12,One Year,Premium,Credit Card,1,85.03,975.45,70.0,3,2,0,No,34,2891.02,1,Champions,54.7,High,Priority Save
CUST202378,28,Two Year,Standard,Digital Wallet,0,58.79,1625.54,59.9,1,2,2,No,52,3057.08,3,At Risk,21.3,Low,Standard
CUST202379,27,One Year,Standard,Digital Wallet,1,59.84,1487.65,56.4,3,5,3,Yes,34,2034.56,0,Loyal Steady,8.1,Low,Standard
CUST202380,40,Two Year,Standard,Bank Transfer,0,63.07,2432.8,62.5,2,3,4,No,52,3279.64,3,At Risk,9.8,Low,Standard
CUST202381,12,Month-to-Month,Premium,Bank Transfer,1,95.32,1129.02,100.5,1,5,0,No,18,1715.76,1,Champions,31.7,Medium,Standard
CUST202382,24,Month-to-Month,Premium,Credit Card,0,88.56,1973.44,77.0,1,3,0,No,18,1594.08,1,Champions,55.4,High,Standard
CUST202383,68,One Year,Basic,Bank Transfer,1,16.5,1079.1,14.5,3,3,0,No,34,561.0,2,Low Engagement,8.9,Low,Standard
CUST202384,33,Two Year,Basic,Mailed Check,1,27.07,863.83,10.7,0,4,2,No,52,1407.64,0,Loyal Steady,4.4,Low,Standard
CUST202385,19,Month-to-Month,Standard,Bank Transfer,1,54.02,959.85,66.2,1,3,2,No,18,972.36,3,At Risk,37.1,Medium,Standard
CUST202386,29,One Year,Premium,Bank Transfer,0,99.35,2722.26,122.8,0,2,0,No,34,3377.9,1,Champions,30.9,Medium,Standard
CUST202387,14,Month-to-Month,Premium,Credit Card,1,94.46,1318.3,91.6,1,5,2,No,18,1700.28,1,Champions,23.9,Low,Standard
CUST202388,9,Month-to-Month,Basic,Bank Transfer,0,29.72,267.19,20.9,3,3,2,Yes,18,534.96,3,At Risk,55.9,High,Standard
CUST202389,30,One Year,Basic,Digital Wallet,1,23.84,677.26,36.7,2,2,1,No,34,810.56,3,At Risk,22.2,Low,Standard
CUST202390,35,One Year,Premium,Bank Transfer,1,96.74,3168.85,108.8,1,3,1,No,34,3289.16,1,Champions,16.3,Low,Standard
CUST202391,36,Month-to-Month,Standard,Credit Card,0,53.01,1891.57,60.2,1,2,3,Yes,18,954.18,3,At Risk,41.7,Medium,Standard
CUST202392,9,Month-to-Month,Standard,Bank Transfer,1,52.98,449.45,52.4,1,2,1,No,18,953.64,3,At Risk,59.5,High,Standard
CUST202393,59,Two Year,Basic,Digital Wallet,1,21.23,1198.62,29.5,1,4,0,No,52,1103.96,2,Low Engagement,3.3,Low,Standard
CUST202394,46,One Year,Premium,Credit Card,1,86.82,3963.27,96.2,2,4,2,Yes,34,2951.88,1,Champions,9.3,Low,Standard
CUST202395,52,One Year,Premium,Credit Card,1,96.67,4961.82,96.9,2,4,1,No,34,3286.78,1,Champions,9.2,Low,Standard
CUST202396,59,Month-to-Month,Standard,Digital Wallet,1,56.08,3207.19,54.7,2,2,0,No,18,1009.44,2,Low Engagement,40.4,Medium,Standard
CUST202397,68,Month-to-Month,Premium,Bank Transfer,1,97.48,6421.32,92.0,1,3,0,No,18,1754.64,1,Champions,23.1,Low,Standard
CUST202398,13,Month-to-Month,Standard,Credit Card,1,42.97,556.85,37.2,1,3,1,No,18,773.46,3,At Risk,44.7,High,Standard
CUST202399,72,Month-to-Month,Standard,Digital Wallet,1,56.98,3814.6,34.7,2,4,1,No,18,1025.64,2,Low Engagement,12.8,Low,Standard
CUST202400,19,Month-to-Month,Premium,Bank Transfer,1,89.11,1654.27,95.8,1,4,1,Yes,18,1603.98,1,Champions,35.4,Medium,Standard
CUST202401,13,One Year,Standard,Credit Card,1,48.73,609.61,67.0,2,2,0,No,34,1656.82,3,At Risk,41.2,Medium,Standard
CUST202402,24,Month-to-Month,Standard,Digital Wallet,0,49.45,1100.78,44.2,1,5,0,No,18,890.1,0,Loyal Steady,26.7,Medium,Standard
CUST202403,33,Month-to-Month,Basic,Bank Transfer,1,24.24,785.9,30.5,1,5,2,No,18,436.32,0,Loyal Steady,9.7,Low,Standard
CUST202404,17,Month-to-Month,Basic,Digital Wallet,0,15.0,239.27,40.5,0,4,1,No,18,270.0,0,Loyal Steady,25.5,Medium,Standard
CUST202405,46,Month-to-Month,Standard,Credit Card,1,59.22,2527.35,33.7,0,4,0,No,18,1065.96,2,Low Engagement,15.2,Low,Standard
CUST202406,51,Two Year,Basic,Credit Card,1,23.34,1175.5,33.6,0,3,1,No,52,1213.68,2,Low Engagement,4.1,Low,Standard
CUST202407,3,Two Year,Standard,Bank Transfer,1,54.73,160.04,40.1,1,4,0,Yes,52,2845.96,0,Loyal Steady,15.5,Low,Standard
CUST202408,26,Two Year,Standard,Bank Transfer,1,55.62,1356.04,42.8,3,3,2,No,52,2892.24,3,At Risk,17.8,Low,Standard
CUST202409,54,Month-to-Month,Standard,Mailed Check,0,54.78,2933.93,45.7,3,5,1,Yes,18,986.04,2,Low Engagement,25.5,Medium,Standard
CUST202410,29,One Year,Basic,Bank Transfer,1,27.12,731.35,33.1,2,3,0,No,34,922.08,3,At Risk,16.5,Low,Standard
CUST202411,58,One Year,Basic,Bank Transfer,0,22.13,1262.7,45.7,3,2,2,No,34,752.42,2,Low Engagement,17.0,Low,Standard
CUST202412,46,Month-to-Month,Basic,Digital Wallet,1,23.54,1063.99,33.1,3,3,0,No,18,423.72,2,Low Engagement,35.9,Medium,Standard
CUST202413,42,Month-to-Month,Standard,Bank Transfer,1,45.35,1755.24,61.2,2,4,0,No,18,816.3,0,Loyal Steady,27.3,Medium,Standard
CUST202414,35,Two Year,Premium,Credit Card,1,82.42,2751.68,83.8,0,2,0,No,52,4285.84,1,Champions,18.4,Low,Standard
CUST202415,4,One Year,Basic,Digital Wallet,0,27.84,104.55,2.6,2,3,1,No,34,946.56,3,At Risk,29.8,Medium,Standard
CUST202416,27,One Year,Standard,Digital Wallet,1,54.93,1439.42,58.3,3,3,0,No,34,1867.62,3,At Risk,28.8,Medium,Standard
CUST202417,20,Month-to-Month,Premium,Credit Card,1,95.12,1896.26,107.6,3,4,0,Yes,18,1712.16,1,Champions,53.2,High,Standard
CUST202418,28,Month-to-Month,Premium,Credit Card,1,93.65,2493.6,120.5,3,2,0,Yes,18,1685.7,1,Champions,72.2,Very High,Standard
CUST202419,21,One Year,Basic,Digital Wallet,1,20.42,422.6,57.1,1,4,0,No,34,694.28,0,Loyal Steady,10.7,Low,Standard
CUST202420,15,One Year,Premium,Digital Wallet,1,98.87,1427.26,84.0,1,3,2,No,34,3361.58,1,Champions,21.7,Low,Standard
CUST202421,9,Month-to-Month,Basic,Credit Card,0,24.55,218.77,43.6,0,3,0,No,18,441.9,3,At Risk,43.6,Medium,Standard
CUST202422,36,Month-to-Month,Premium,Digital Wallet,1,86.72,3074.94,104.9,1,4,2,No,18,1560.96,1,Champions,24.3,Low,Standard
CUST202423,72,Month-to-Month,Standard,Credit Card,1,58.07,4032.42,56.5,0,3,0,No,18,1045.26,2,Low Engagement,13.6,Low,Standard
CUST202424,11,One Year,Standard,Digital Wallet,1,65.32,677.51,61.6,2,3,2,No,34,2220.88,3,At Risk,24.1,Low,Standard
CUST202425,21,Month-to-Month,Basic,Bank Transfer,1,20.84,410.89,57.9,1,2,1,Yes,18,375.12,3,At Risk,44.9,High,Standard
CUST202426,54,One Year,Basic,Bank Transfer,0,27.93,1467.32,2.0,1,2,1,No,34,949.62,2,Low Engagement,12.3,Low,Standard
CUST202427,63,Month-to-Month,Basic,Bank Transfer,1,27.26,1675.14,2.0,0,4,1,No,18,490.68,2,Low Engagement,6.6,Low,Standard
CUST202428,17,One Year,Standard,Mailed Check,0,53.03,842.79,46.5,1,2,1,Yes,34,1803.02,3,At Risk,42.0,Medium,Standard
CUST202429,31,Month-to-Month,Standard,Bank Transfer,0,60.9,1746.76,44.2,3,2,1,Yes,18,1096.2,3,At Risk,66.1,Very High,Standard
CUST202430,35,Two Year,Standard,Credit Card,1,50.57,1663.09,61.4,1,4,0,Yes,52,2629.64,0,Loyal Steady,7.8,Low,Standard
CUST202431,45,Month-to-Month,Premium,Credit Card,1,102.73,4550.85,95.1,2,5,1,No,18,1849.14,1,Champions,18.2,Low,Standard
CUST202432,39,Month-to-Month,Standard,Credit Card,1,43.81,1636.24,24.5,0,4,0,No,18,788.58,0,Loyal Steady,18.0,Low,Standard
CUST202433,42,One Year,Basic,Credit Card,1,27.24,1091.35,2.0,2,4,1,No,34,926.16,2,Low Engagement,6.6,Low,Standard
CUST202434,64,Month-to-Month,Premium,Bank Transfer,1,100.28,6209.61,88.8,1,3,2,No,18,1805.04,1,Champions,19.1,Low,Standard
CUST202435,50,Month-to-Month,Standard,Digital Wallet,1,54.11,2547.36,55.6,2,4,0,No,18,973.98,2,Low Engagement,23.8,Low,Standard
CUST202436,29,Month-to-Month,Basic,Digital Wallet,1,26.23,720.33,47.5,1,3,2,No,18,472.14,3,At Risk,25.8,Medium,Standard
CUST202437,17,Month-to-Month,Standard,Digital Wallet,1,46.61,756.59,43.1,0,4,3,No,18,838.98,0,Loyal Steady,19.7,Low,Standard
CUST202438,39,Month-to-Month,Standard,Credit Card,1,61.2,2206.13,58.9,2,3,2,Yes,18,1101.6,3,At Risk,31.8,Medium,Standard
CUST202439,65,Month-to-Month,Basic,Credit Card,1,28.04,1688.44,5.9,1,3,1,No,18,504.72,2,Low Engagement,13.0,Low,Standard
CUST202440,24,Month-to-Month,Basic,Credit Card,0,30.29,682.37,56.0,1,4,0,No,18,545.22,0,Loyal Steady,30.0,Medium,Standard
CUST202441,22,Month-to-Month,Premium,Bank Transfer,1,100.16,2163.45,78.6,1,3,3,Yes,18,1802.88,1,Champions,36.5,Medium,Standard
CUST202442,37,Month-to-Month,Standard,Credit Card,1,44.67,1637.01,48.0,2,4,0,No,18,804.06,0,Loyal Steady,29.8,Medium,Standard
CUST202443,28,Month-to-Month,Standard,Credit Card,1,55.32,1520.47,51.4,1,3,0,No,18,995.76,3,At Risk,39.2,Medium,Standard
CUST202444,39,Month-to-Month,Basic,Bank Transfer,0,18.69,711.61,22.8,2,4,3,Yes,18,336.42,0,Loyal Steady,18.8,Low,Standard
CUST202445,34,One Year,Standard,Bank Transfer,1,62.86,2068.63,62.4,1,4,2,No,34,2137.24,0,Loyal Steady,7.1,Low,Standard
CUST202446,28,Two Year,Standard,Credit Card,0,61.52,1721.16,46.8,2,3,0,No,52,3199.04,3,At Risk,22.3,Low,Standard
CUST202447,23,One Year,Standard,Bank Transfer,0,56.97,1222.74,66.3,0,2,1,No,34,1936.98,3,At Risk,25.0,Medium,Standard
CUST202448,21,Month-to-Month,Premium,Digital Wallet,1,73.02,1426.53,98.0,0,3,2,Yes,18,1314.36,1,Champions,37.2,Medium,Standard
CUST202449,28,Month-to-Month,Basic,Digital Wallet,1,32.48,844.35,13.6,2,4,2,Yes,18,584.64,0,Loyal Steady,21.5,Low,Standard
CUST202450,14,One Year,Standard,Bank Transfer,1,60.56,796.58,47.3,3,4,2,No,34,2059.04,0,Loyal Steady,18.4,Low,Standard
CUST202451,35,One Year,Standard,Digital Wallet,0,43.01,1432.12,50.1,0,4,0,No,34,1462.34,0,Loyal Steady,10.1,Low,Standard
CUST202452,15,Month-to-Month,Basic,Bank Transfer,0,15.0,209.02,26.5,0,4,3,No,18,270.0,0,Loyal Steady,19.5,Low,Standard
CUST202453,5,Month-to-Month,Premium,Digital Wallet,1,109.35,528.07,107.4,1,4,2,No,18,1968.3,1,Champions,40.2,Medium,Standard
CUST202454,5,Month-to-Month,Standard,Bank Transfer,0,43.26,203.64,65.8,1,3,1,No,18,778.68,3,At Risk,57.6,High,Standard
CUST202455,34,Month-to-Month,Standard,Digital Wallet,1,52.75,1680.95,20.4,2,3,0,No,18,949.5,3,At Risk,42.8,Medium,Standard
CUST202456,27,Month-to-Month,Basic,Credit Card,1,15.0,393.46,45.8,2,3,3,No,18,270.0,3,At Risk,29.0,Medium,Standard
CUST202457,8,Month-to-Month,Basic,Credit Card,1,27.24,213.15,13.7,1,3,1,No,18,490.32,3,At Risk,39.3,Medium,Standard
CUST202458,13,Month-to-Month,Standard,Digital Wallet,1,60.45,770.93,43.1,3,4,0,Yes,18,1088.1,0,Loyal Steady,51.1,High,Standard
CUST202459,40,One Year,Standard,Credit Card,0,48.25,1830.22,58.5,1,1,0,Yes,34,1640.5,3,At Risk,36.6,Medium,Standard
CUST202460,15,Month-to-Month,Standard,Bank Transfer,1,60.98,847.04,29.5,0,1,3,No,18,1097.64,3,At Risk,51.6,High,Standard
CUST202461,32,One Year,Basic,Bank Transfer,0,15.25,483.27,45.3,1,3,0,No,34,518.5,3,At Risk,15.9,Low,Standard
CUST202462,27,Two Year,Premium,Digital Wallet,0,83.81,2189.39,98.5,1,5,2,No,52,4358.12,1,Champions,7.6,Low,Standard
CUST202463,14,Month-to-Month,Premium,Digital Wallet,0,93.31,1275.44,75.7,1,3,2,Yes,18,1679.58,1,Champions,54.1,High,Standard
CUST202464,15,Two Year,Premium,Mailed Check,1,102.49,1528.16,108.9,1,3,2,No,52,5329.48,1,Champions,23.0,Low,Standard
CUST202465,20,Month-to-Month,Premium,Credit Card,1,94.25,1829.06,69.7,2,5,1,No,18,1696.5,1,Champions,29.4,Medium,Standard
CUST202466,72,Month-to-Month,Basic,Digital Wallet,1,22.54,1493.67,23.5,4,3,2,No,18,405.72,2,Low Engagement,21.5,Low,Standard
CUST202467,72,Month-to-Month,Premium,Credit Card,1,96.04,6713.47,102.9,1,3,0,No,18,1728.72,1,Champions,21.7,Low,Standard
CUST202468,45,Month-to-Month,Standard,Credit Card,1,62.45,2601.22,49.7,1,4,0,No,18,1124.1,2,Low Engagement,19.9,Low,Standard
CUST202469,6,Month-to-Month,Standard,Bank Transfer,1,58.9,335.68,69.8,3,2,0,No,18,1060.2,3,At Risk,77.2,Very High,Standard
CUST202470,46,One Year,Standard,Credit Card,1,50.06,2123.56,56.5,0,4,1,No,34,1702.04,2,Low Engagement,4.9,Low,Standard
CUST202471,58,Two Year,Standard,Digital Wallet,0,64.63,3564.65,26.3,0,5,2,No,52,3360.76,2,Low Engagement,1.9,Low,Standard
CUST202472,26,Month-to-Month,Premium,Mailed Check,1,90.03,2328.28,86.5,1,2,0,No,18,1620.54,1,Champions,67.4,Very High,Standard
CUST202473,21,Month-to-Month,Basic,Credit Card,1,31.71,635.81,46.9,3,3,2,No,18,570.78,3,At Risk,42.0,Medium,Standard
CUST202474,9,Two Year,Basic,Credit Card,1,25.24,213.87,26.3,0,3,1,No,52,1312.48,3,At Risk,10.9,Low,Standard
CUST202475,15,Month-to-Month,Basic,Bank Transfer,0,20.85,307.55,33.2,1,3,1,Yes,18,375.3,3,At Risk,42.7,Medium,Standard
CUST202476,14,Month-to-Month,Premium,Digital Wallet,0,101.05,1304.88,92.2,1,4,0,No,18,1818.9,1,Champions,49.9,High,Standard
CUST202477,49,One Year,Basic,Digital Wallet,0,24.11,1112.97,16.0,2,3,2,No,34,819.74,2,Low Engagement,10.5,Low,Standard
CUST202478,23,One Year,Standard,Bank Transfer,1,53.41,1164.67,56.0,1,4,3,No,34,1815.94,0,Loyal Steady,8.0,Low,Standard
CUST202479,4,Month-to-Month,Standard,Digital Wallet,1,61.88,241.36,71.2,0,4,0,No,18,1113.84,0,Loyal Steady,36.1,Medium,Standard
CUST202480,21,Month-to-Month,Basic,Bank Transfer,0,22.39,461.73,18.9,1,3,0,Yes,18,403.02,3,At Risk,42.5,Medium,Standard
CUST202481,15,Month-to-Month,Basic,Digital Wallet,0,26.6,397.59,28.6,1,4,1,No,18,478.8,0,Loyal Steady,31.6,Medium,Standard
CUST202482,32,One Year,Standard,Credit Card,1,66.54,2080.0,59.7,1,4,0,No,34,2262.36,0,Loyal Steady,10.1,Low,Standard
CUST202483,42,One Year,Basic,Bank Transfer,1,23.04,895.59,5.8,2,3,1,No,34,783.36,2,Low Engagement,10.5,Low,Standard
CUST202484,11,Two Year,Basic,Mailed Check,0,34.43,373.56,23.7,2,4,0,No,52,1790.36,0,Loyal Steady,21.3,Low,Standard
CUST202485,25,Month-to-Month,Basic,Credit Card,1,28.14,667.93,31.6,2,2,3,No,18,506.52,3,At Risk,40.4,Medium,Standard
CUST202486,72,Month-to-Month,Standard,Credit Card,0,51.69,3585.64,80.5,2,3,1,No,18,930.42,2,Low Engagement,24.9,Medium,Standard
CUST202487,21,Two Year,Standard,Bank Transfer,1,57.46,1154.88,95.8,2,3,2,No,52,2987.92,1,Champions,16.3,Low,Standard
CUST202488,27,Month-to-Month,Basic,Credit Card,0,22.17,583.89,15.6,0,4,1,No,18,399.06,0,Loyal Steady,19.6,Low,Standard
CUST202489,9,Month-to-Month,Basic,Bank Transfer,1,22.19,187.16,39.5,1,3,1,No,18,399.42,3,At Risk,39.5,Medium,Standard
CUST202490,72,Month-to-Month,Basic,Bank Transfer,0,28.27,1928.3,39.3,1,2,0,No,18,508.86,2,Low Engagement,25.3,Medium,Standard
CUST202491,16,Month-to-Month,Standard,Bank Transfer,0,45.11,701.17,78.7,2,3,2,No,18,811.98,3,At Risk,54.1,High,Standard
CUST202492,46,One Year,Standard,Digital Wallet,0,48.46,2215.27,61.1,1,3,0,No,34,1647.64,2,Low Engagement,15.9,Low,Standard
CUST202493,14,Two Year,Premium,Digital Wallet,0,99.74,1347.38,136.0,1,3,1,No,52,5186.48,1,Champions,27.2,Medium,Standard
CUST202494,9,Month-to-Month,Standard,Mailed Check,1,51.49,431.03,60.6,1,4,1,Yes,18,926.82,0,Loyal Steady,43.3,Medium,Standard
CUST202495,27,Month-to-Month,Standard,Credit Card,1,68.08,1702.62,52.1,0,3,1,No,18,1225.44,3,At Risk,28.9,Medium,Standard
CUST202496,57,Two Year,Standard,Credit Card,1,31.91,1724.11,24.5,1,4,0,No,52,1659.32,2,Low Engagement,4.6,Low,Standard
CUST202497,13,Month-to-Month,Standard,Credit Card,0,53.39,653.94,46.0,1,2,3,Yes,18,961.02,3,At Risk,55.8,High,Standard
CUST202498,11,Month-to-Month,Basic,Bank Transfer,1,15.0,151.95,13.4,3,3,1,No,18,270.0,3,At Risk,52.3,High,Standard
CUST202499,11,Month-to-Month,Basic,Credit Card,1,17.04,182.09,28.6,2,2,2,No,18,306.72,3,At Risk,53.9,High,Standard
CUST202500,15,Two Year,Standard,Digital Wallet,0,64.56,903.7,53.1,2,2,0,No,52,3357.12,3,At Risk,40.8,Medium,Standard
CUST202501,19,Month-to-Month,Basic,Credit Card,1,27.63,507.89,44.8,2,5,2,No,18,497.34,0,Loyal Steady,17.3,Low,Standard
CUST202502,11,Two Year,Standard,Credit Card,0,55.61,564.42,69.9,4,2,2,No,52,2891.72,3,At Risk,49.4,High,Priority Save
CUST202503,8,One Year,Standard,Bank Transfer,0,55.42,424.87,66.4,0,3,1,No,34,1884.28,3,At Risk,22.9,Low,Standard
CUST202504,32,Month-to-Month,Standard,Digital Wallet,0,49.82,1480.41,37.9,0,3,1,Yes,18,896.76,3,At Risk,33.8,Medium,Standard
CUST202505,30,One Year,Basic,Digital Wallet,1,23.67,683.9,19.3,2,3,1,No,34,804.78,3,At Risk,14.5,Low,Standard
CUST202506,32,Month-to-Month,Standard,Credit Card,0,57.88,1770.65,80.7,0,5,0,No,18,1041.84,0,Loyal Steady,17.9,Low,Standard
CUST202507,4,Month-to-Month,Standard,Digital Wallet,1,47.61,180.95,68.1,0,5,0,No,18,856.98,0,Loyal Steady,26.0,Medium,Standard
CUST202508,66,Two Year,Premium,Mailed Check,0,93.3,5940.4,98.3,2,3,1,No,52,4851.6,1,Champions,14.8,Low,Standard
CUST202509,10,One Year,Premium,Digital Wallet,1,85.0,849.66,72.3,2,3,0,No,34,2890.0,1,Champions,37.5,Medium,Standard
CUST202510,58,Month-to-Month,Premium,Credit Card,1,77.23,4169.47,104.5,3,3,2,Yes,18,1390.14,1,Champions,34.7,Medium,Standard
CUST202511,39,One Year,Basic,Bank Transfer,0,21.3,801.95,35.3,3,4,1,No,34,724.2,0,Loyal Steady,12.4,Low,Standard
CUST202512,10,One Year,Standard,Bank Transfer,0,47.13,452.71,39.5,1,5,0,No,34,1602.42,0,Loyal Steady,13.8,Low,Standard
CUST202513,13,One Year,Basic,Credit Card,1,17.22,211.9,2.0,1,3,4,No,34,585.48,3,At Risk,10.1,Low,Standard
CUST202514,41,Month-to-Month,Standard,Credit Card,1,53.72,2173.73,66.0,1,2,1,No,18,966.96,3,At Risk,39.9,Medium,Standard
CUST202515,12,One Year,Premium,Credit Card,0,95.61,1068.12,80.7,2,3,2,No,34,3250.74,1,Champions,34.0,Medium,Standard
CUST202516,11,Month-to-Month,Basic,Digital Wallet,0,28.01,295.7,40.9,1,5,1,No,18,504.18,0,Loyal Steady,23.9,Low,Standard
CUST202517,30,Month-to-Month,Standard,Bank Transfer,1,64.36,1804.06,56.8,1,4,1,No,18,1158.48,0,Loyal Steady,23.5,Low,Standard
CUST202518,23,Two Year,Standard,Digital Wallet,0,44.78,999.34,70.2,0,4,3,No,52,2328.56,0,Loyal Steady,6.9,Low,Standard
CUST202519,20,Two Year,Premium,Credit Card,1,101.35,1936.19,101.2,2,3,1,No,52,5270.2,1,Champions,22.8,Low,Standard
CUST202520,16,Month-to-Month,Basic,Bank Transfer,0,26.05,403.69,3.4,2,4,1,No,18,468.9,0,Loyal Steady,35.9,Medium,Standard
CUST202521,10,Month-to-Month,Premium,Bank Transfer,1,95.14,900.14,125.0,2,5,0,Yes,18,1712.52,1,Champions,40.2,Medium,Standard
CUST202522,29,Month-to-Month,Basic,Digital Wallet,1,30.79,885.12,27.0,2,4,2,No,18,554.22,0,Loyal Steady,21.4,Low,Standard
CUST202523,30,Month-to-Month,Premium,Bank Transfer,0,100.32,2981.73,82.0,3,4,2,Yes,18,1805.76,1,Champions,44.5,High,Standard
CUST202524,12,Month-to-Month,Basic,Digital Wallet,1,34.68,413.81,2.0,1,4,0,No,18,624.24,0,Loyal Steady,29.6,Medium,Standard
CUST202525,17,Month-to-Month,Basic,Digital Wallet,0,15.1,255.04,40.4,1,3,0,Yes,18,271.8,3,At Risk,47.2,High,Standard
CUST202526,48,Month-to-Month,Standard,Digital Wallet,0,51.85,2383.75,74.4,1,4,0,No,18,933.3,2,Low Engagement,25.2,Medium,Standard
CUST202527,24,Month-to-Month,Basic,Credit Card,1,28.92,646.75,47.2,1,4,2,No,18,520.56,0,Loyal Steady,18.6,Low,Standard
CUST202528,31,One Year,Basic,Credit Card,1,24.36,751.74,24.7,5,3,0,Yes,34,828.24,3,At Risk,31.1,Medium,Standard
CUST202529,32,Month-to-Month,Standard,Bank Transfer,1,50.71,1558.38,57.5,0,4,0,No,18,912.78,0,Loyal Steady,21.0,Low,Standard
CUST202530,32,Two Year,Premium,Bank Transfer,1,97.07,3002.09,78.7,0,3,0,No,52,5047.64,1,Champions,12.3,Low,Standard
CUST202531,29,Month-to-Month,Standard,Bank Transfer,0,63.2,1818.5,21.7,1,3,2,Yes,18,1137.6,3,At Risk,36.2,Medium,Standard
CUST202532,8,Two Year,Basic,Digital Wallet,1,30.02,234.71,13.4,0,3,2,No,52,1561.04,3,At Risk,9.7,Low,Standard
CUST202533,11,One Year,Standard,Bank Transfer,0,47.65,483.64,45.0,1,3,0,No,34,1620.1,3,At Risk,30.1,Medium,Standard
CUST202534,17,Two Year,Standard,Digital Wallet,0,53.98,850.97,67.3,0,4,2,No,52,2806.96,0,Loyal Steady,9.0,Low,Standard
CUST202535,24,Month-to-Month,Standard,Digital Wallet,0,58.49,1387.07,62.4,2,2,1,No,18,1052.82,3,At Risk,65.2,Very High,Standard
CUST202536,23,Month-to-Month,Standard,Bank Transfer,1,60.45,1338.24,52.1,2,2,3,No,18,1088.1,3,At Risk,49.2,High,Standard
CUST202537,38,One Year,Standard,Credit Card,1,57.66,2035.01,39.9,2,3,3,No,34,1960.44,3,At Risk,11.4,Low,Standard
CUST202538,43,Month-to-Month,Premium,Digital Wallet,0,92.24,3665.69,101.5,3,3,1,No,18,1660.32,1,Champions,55.2,High,Standard
CUST202539,33,Month-to-Month,Premium,Digital Wallet,1,87.72,2765.17,98.5,2,4,1,No,18,1578.96,1,Champions,35.1,Medium,Standard
CUST202540,16,Month-to-Month,Premium,Credit Card,0,98.42,1531.1,100.2,2,2,2,Yes,18,1771.56,1,Champions,70.8,Very High,Standard
CUST202541,33,Month-to-Month,Basic,Bank Transfer,1,18.43,607.31,75.5,2,3,2,Yes,18,331.74,3,At Risk,29.7,Medium,Standard
CUST202542,18,One Year,Standard,Credit Card,1,42.01,745.22,56.6,3,4,0,No,34,1428.34,0,Loyal Steady,23.2,Low,Standard
CUST202543,38,Month-to-Month,Standard,Credit Card,1,53.96,1963.63,61.8,3,3,0,No,18,971.28,3,At Risk,47.7,High,Standard
CUST202544,1,Month-to-Month,Standard,Digital Wallet,1,47.98,44.23,66.4,1,1,5,Yes,18,863.64,3,At Risk,62.2,High,Standard
CUST202545,40,One Year,Premium,Bank Transfer,1,91.27,3435.07,94.3,6,4,2,Yes,34,3103.18,1,Champions,27.3,Medium,Standard
CUST202546,26,Two Year,Premium,Digital Wallet,1,100.2,2412.06,80.5,4,3,0,Yes,52,5210.4,1,Champions,35.4,Medium,Standard
CUST202547,19,Month-to-Month,Basic,Bank Transfer,0,23.21,425.01,34.0,1,3,1,Yes,18,417.78,3,At Risk,40.1,Medium,Standard
CUST202548,29,Month-to-Month,Standard,Bank Transfer,1,53.08,1419.88,58.3,2,4,2,Yes,18,955.44,0,Loyal Steady,26.8,Medium,Standard
CUST202549,41,Month-to-Month,Basic,Mailed Check,1,16.56,677.85,18.5,0,5,1,No,18,298.08,0,Loyal Steady,9.9,Low,Standard
CUST202550,36,Two Year,Standard,Bank Transfer,1,61.15,2132.8,64.0,3,3,0,Yes,52,3179.8,3,At Risk,19.2,Low,Standard
CUST202551,72,Month-to-Month,Basic,Bank Transfer,0,15.99,1112.1,33.9,1,4,0,No,18,287.82,2,Low Engagement,11.2,Low,Standard
CUST202552,19,One Year,Premium,Bank Transfer,1,95.63,1745.02,97.2,2,4,0,No,34,3251.42,1,Champions,21.7,Low,Standard
CUST202553,30,Month-to-Month,Standard,Digital Wallet,1,61.02,1796.47,54.1,2,3,0,Yes,18,1098.36,3,At Risk,45.9,High,Standard
CUST202554,60,Two Year,Basic,Credit Card,1,29.94,1665.29,35.6,0,4,1,No,52,1556.88,2,Low Engagement,2.0,Low,Standard
CUST202555,12,Month-to-Month,Standard,Credit Card,1,57.37,686.46,30.2,1,3,0,Yes,18,1032.66,3,At Risk,48.5,High,Standard
CUST202556,42,One Year,Standard,Credit Card,1,59.24,2483.54,47.0,2,3,0,No,34,2014.16,2,Low Engagement,16.2,Low,Standard
CUST202557,17,Month-to-Month,Premium,Digital Wallet,1,95.77,1586.0,79.8,3,3,0,No,18,1723.86,1,Champions,67.2,Very High,Standard
CUST202558,4,Two Year,Standard,Bank Transfer,0,49.44,197.39,48.5,1,4,0,No,52,2570.88,0,Loyal Steady,19.6,Low,Standard
CUST202559,35,Month-to-Month,Standard,Credit Card,1,54.85,1838.37,68.9,2,3,0,Yes,18,987.3,3,At Risk,42.5,Medium,Standard
CUST202560,14,One Year,Standard,Bank Transfer,0,46.8,618.52,56.7,2,2,2,Yes,34,1591.2,3,At Risk,39.1,Medium,Standard
CUST202561,28,One Year,Standard,Bank Transfer,1,65.77,1765.05,53.6,1,4,2,No,34,2236.18,0,Loyal Steady,8.1,Low,Standard
CUST202562,19,Month-to-Month,Basic,Credit Card,1,30.84,554.05,46.1,1,4,1,No,18,555.12,0,Loyal Steady,23.3,Low,Standard
CUST202563,17,Month-to-Month,Basic,Credit Card,0,20.19,334.6,25.3,2,3,2,Yes,18,363.42,3,At Risk,44.4,High,Standard
CUST202564,10,Month-to-Month,Standard,Mailed Check,1,63.05,600.32,70.0,1,3,3,No,18,1134.9,3,At Risk,46.5,High,Standard
CUST202565,3,One Year,Basic,Credit Card,1,30.6,85.68,39.4,2,2,2,No,34,1040.4,3,At Risk,31.3,Medium,Standard
CUST202566,21,Month-to-Month,Premium,Digital Wallet,1,95.15,1910.38,83.3,0,5,1,No,18,1712.7,1,Champions,19.3,Low,Standard
CUST202567,61,Month-to-Month,Standard,Bank Transfer,1,64.15,3862.31,28.3,0,4,1,No,18,1154.7,2,Low Engagement,9.2,Low,Standard
CUST202568,28,Month-to-Month,Premium,Credit Card,0,96.18,2620.27,87.7,3,3,1,No,18,1731.24,1,Champions,62.8,High,Standard
CUST202569,10,Month-to-Month,Basic,Credit Card,0,31.03,305.15,2.0,3,4,0,Yes,18,558.54,0,Loyal Steady,50.6,High,Standard
CUST202570,18,Month-to-Month,Standard,Mailed Check,0,57.44,974.07,70.5,1,2,1,Yes,18,1033.92,3,At Risk,68.9,Very High,Standard
CUST202571,20,Month-to-Month,Basic,Bank Transfer,0,20.35,398.8,39.8,2,4,0,No,18,366.3,0,Loyal Steady,38.7,Medium,Standard
CUST202572,65,One Year,Basic,Credit Card,0,15.92,982.93,58.1,0,4,2,No,34,541.28,2,Low Engagement,2.6,Low,Standard
CUST202573,33,One Year,Basic,Credit Card,0,29.04,906.23,25.0,2,3,1,No,34,987.36,3,At Risk,16.6,Low,Standard
CUST202574,60,Two Year,Standard,Credit Card,0,53.8,3080.09,46.6,2,2,1,No,52,2797.6,2,Low Engagement,15.3,Low,Standard
CUST202575,10,One Year,Premium,Digital Wallet,1,95.85,929.13,116.6,2,2,4,Yes,34,3258.9,1,Champions,34.4,Medium,Standard
CUST202576,32,Two Year,Premium,Credit Card,1,95.29,2924.44,100.5,2,3,1,No,52,4955.08,1,Champions,18.1,Low,Standard
CUST202577,15,Month-to-Month,Standard,Digital Wallet,0,61.11,899.01,57.9,1,1,0,Yes,18,1099.98,3,At Risk,77.3,Very High,Standard
CUST202578,61,Month-to-Month,Basic,Credit Card,1,25.89,1574.9,13.7,1,5,4,No,18,466.02,2,Low Engagement,3.6,Low,Standard
CUST202579,31,Month-to-Month,Premium,Credit Card,0,92.46,2814.96,112.1,3,4,2,No,18,1664.28,1,Champions,45.4,High,Standard
CUST202580,6,Month-to-Month,Standard,Bank Transfer,1,56.06,318.51,74.0,2,4,0,No,18,1009.08,0,Loyal Steady,48.2,High,Standard
CUST202581,17,Month-to-Month,Basic,Digital Wallet,0,24.74,394.54,26.3,1,3,1,No,18,445.32,3,At Risk,42.2,Medium,Standard
CUST202582,10,One Year,Standard,Digital Wallet,1,52.38,519.31,74.8,0,5,3,No,34,1780.92,0,Loyal Steady,5.6,Low,Standard
CUST202583,13,Month-to-Month,Standard,Credit Card,0,52.77,633.76,37.7,2,2,1,No,18,949.86,3,At Risk,70.1,Very High,Standard
CUST202584,39,Month-to-Month,Standard,Credit Card,0,57.15,2121.66,45.0,1,5,0,Yes,18,1028.7,0,Loyal Steady,19.0,Low,Standard
CUST202585,11,Month-to-Month,Standard,Credit Card,1,61.2,665.08,58.2,2,4,1,Yes,18,1101.6,0,Loyal Steady,40.4,Medium,Standard
CUST202586,44,Two Year,Basic,Credit Card,1,29.76,1286.96,27.6,1,5,1,No,52,1547.52,0,Loyal Steady,2.4,Low,Standard
CUST202587,59,Month-to-Month,Standard,Bank Transfer,1,51.07,2850.06,56.8,1,2,2,Yes,18,919.26,2,Low Engagement,26.0,Medium,Standard
CUST202588,37,Two Year,Premium,Credit Card,1,92.42,3345.06,94.8,0,4,2,No,52,4805.84,1,Champions,5.3,Low,Standard
CUST202589,11,Two Year,Basic,Digital Wallet,1,17.81,195.08,8.9,1,3,2,No,52,926.12,3,At Risk,12.0,Low,Standard
CUST202590,19,One Year,Standard,Mailed Check,1,60.4,1073.29,41.7,2,4,2,No,34,2053.6,0,Loyal Steady,17.2,Low,Standard
CUST202591,18,Two Year,Basic,Credit Card,1,24.37,410.0,25.6,0,4,1,No,52,1267.24,0,Loyal Steady,5.5,Low,Standard
CUST202592,8,Two Year,Standard,Mailed Check,1,60.55,472.25,47.9,3,3,0,Yes,52,3148.6,3,At Risk,40.2,Medium,Standard
CUST202593,54,One Year,Standard,Credit Card,1,53.17,2813.02,48.6,1,3,1,No,34,1807.78,2,Low Engagement,8.4,Low,Standard
CUST202594,38,One Year,Premium,Credit Card,0,94.76,3555.69,99.0,1,3,0,No,34,3221.84,1,Champions,22.1,Low,Standard
CUST202595,7,Month-to-Month,Standard,Mailed Check,0,56.24,364.79,54.1,0,3,3,Yes,18,1012.32,3,At Risk,48.3,High,Standard
CUST202596,19,Month-to-Month,Standard,Credit Card,1,49.38,868.66,43.8,1,4,0,No,18,888.84,0,Loyal Steady,33.0,Medium,Standard
CUST202597,72,Month-to-Month,Premium,Digital Wallet,1,90.77,6365.21,72.0,2,3,1,No,18,1633.86,2,Low Engagement,24.2,Low,Standard
CUST202598,21,Month-to-Month,Premium,Digital Wallet,1,94.53,1972.65,110.7,4,2,0,Yes,18,1701.54,1,Champions,81.0,Very High,Standard
CUST202599,25,Month-to-Month,Premium,Digital Wallet,1,95.52,2368.51,97.9,2,4,1,Yes,18,1719.36,1,Champions,39.5,Medium,Standard
CUST202600,6,Month-to-Month,Standard,Digital Wallet,1,56.3,326.75,61.2,1,4,3,No,18,1013.4,0,Loyal Steady,30.3,Medium,Standard
CUST202601,34,One Year,Standard,Bank Transfer,0,48.92,1594.3,55.3,2,3,1,Yes,34,1663.28,3,At Risk,21.5,Low,Standard
CUST202602,32,Month-to-Month,Standard,Bank Transfer,1,48.14,1465.87,45.6,0,5,0,No,18,866.52,0,Loyal Steady,13.8,Low,Standard
CUST202603,16,One Year,Premium,Credit Card,0,98.84,1510.17,70.5,2,2,0,No,34,3360.56,1,Champions,51.4,High,Priority Save
CUST202604,22,Month-to-Month,Premium,Credit Card,1,89.22,1810.86,103.3,2,3,0,Yes,18,1605.96,1,Champions,57.4,High,Standard
CUST202605,15,Month-to-Month,Standard,Bank Transfer,0,55.72,806.14,45.0,2,2,1,No,18,1002.96,3,At Risk,68.9,Very High,Standard
CUST202606,26,One Year,Premium,Mailed Check,1,91.12,2242.74,98.4,2,3,0,No,34,3098.08,1,Champions,35.3,Medium,Standard
CUST202607,19,Month-to-Month,Basic,Credit Card,0,27.19,509.43,18.2,3,4,1,No,18,489.42,0,Loyal Steady,41.5,Medium,Standard
CUST202608,27,Month-to-Month,Standard,Credit Card,1,56.74,1463.3,67.7,2,3,3,No,18,1021.32,3,At Risk,35.3,Medium,Standard
CUST202609,7,Month-to-Month,Basic,Mailed Check,0,30.77,214.53,40.7,2,1,2,Yes,18,553.86,3,At Risk,79.8,Very High,Standard
CUST202610,4,One Year,Standard,Credit Card,1,65.25,255.47,69.1,0,4,1,No,34,2218.5,0,Loyal Steady,12.8,Low,Standard
CUST202611,44,Month-to-Month,Standard,Bank Transfer,0,48.46,1979.92,73.3,1,4,2,Yes,18,872.28,2,Low Engagement,20.4,Low,Standard
CUST202612,23,Month-to-Month,Basic,Credit Card,0,33.24,742.56,41.5,1,3,5,No,18,598.32,3,At Risk,23.5,Low,Standard
CUST202613,27,One Year,Basic,Credit Card,0,22.24,574.1,31.6,1,3,1,No,34,756.16,3,At Risk,15.1,Low,Standard
CUST202614,33,Month-to-Month,Standard,Digital Wallet,1,55.9,1787.81,57.8,0,5,2,No,18,1006.2,0,Loyal Steady,10.4,Low,Standard
CUST202615,59,One Year,Standard,Credit Card,0,55.94,3261.24,44.7,0,4,2,No,34,1901.96,2,Low Engagement,3.9,Low,Standard
CUST202616,42,Month-to-Month,Standard,Digital Wallet,1,52.06,2062.65,72.4,0,5,0,No,18,937.08,0,Loyal Steady,11.7,Low,Standard
CUST202617,30,One Year,Standard,Digital Wallet,1,63.81,1891.44,48.4,4,3,1,No,34,2169.54,3,At Risk,29.1,Medium,Standard
CUST202618,69,Month-to-Month,Standard,Bank Transfer,1,49.77,3415.49,76.5,1,5,1,No,18,895.86,2,Low Engagement,6.8,Low,Standard
CUST202619,33,Two Year,Basic,Credit Card,1,16.24,522.02,2.0,1,2,1,No,52,844.48,3,At Risk,12.7,Low,Standard
CUST202620,32,Two Year,Basic,Credit Card,1,28.31,879.79,18.4,1,3,1,No,52,1472.12,3,At Risk,8.2,Low,Standard
CUST202621,15,One Year,Premium,Bank Transfer,0,94.51,1394.06,95.6,3,4,1,No,34,3213.34,1,Champions,31.6,Medium,Standard
CUST202622,18,Month-to-Month,Premium,Credit Card,0,91.87,1612.0,102.9,1,1,1,Yes,18,1653.66,1,Champions,77.4,Very High,Standard
CUST202623,45,One Year,Standard,Bank Transfer,1,66.18,2872.85,63.2,4,3,1,Yes,34,2250.12,2,Low Engagement,21.3,Low,Standard
CUST202624,43,Two Year,Standard,Bank Transfer,1,51.7,2189.66,56.8,0,4,0,No,52,2688.4,2,Low Engagement,4.8,Low,Standard
CUST202625,26,One Year,Standard,Credit Card,0,51.94,1247.41,32.6,3,5,0,No,34,1765.96,0,Loyal Steady,15.9,Low,Standard
CUST202626,24,One Year,Basic,Credit Card,1,17.06,400.43,35.1,1,3,2,No,34,580.04,3,At Risk,11.0,Low,Standard
CUST202627,52,Month-to-Month,Standard,Bank Transfer,1,56.77,2727.44,78.8,0,5,1,No,18,1021.86,0,Loyal Steady,7.6,Low,Standard
CUST202628,32,Month-to-Month,Standard,Digital Wallet,1,60.63,1809.44,80.0,1,3,0,Yes,18,1091.34,1,Champions,38.3,Medium,Standard
CUST202629,15,One Year,Standard,Credit Card,0,57.75,842.14,68.8,2,4,2,No,34,1963.5,0,Loyal Steady,18.6,Low,Standard
CUST202630,18,Month-to-Month,Premium,Mailed Check,1,108.62,1908.46,66.5,1,4,0,Yes,18,1955.16,1,Champions,46.4,High,Priority Save
CUST202631,55,Month-to-Month,Premium,Digital Wallet,1,89.77,4912.38,114.7,3,3,2,No,18,1615.86,1,Champions,37.0,Medium,Standard
CUST202632,14,Month-to-Month,Basic,Digital Wallet,1,27.93,370.86,32.5,3,4,1,Yes,18,502.74,0,Loyal Steady,39.0,Medium,Standard
CUST202633,13,Month-to-Month,Basic,Bank Transfer,0,23.12,290.42,20.6,2,3,1,No,18,416.16,3,At Risk,50.7,High,Standard
CUST202634,21,Two Year,Standard,Bank Transfer,1,52.73,1051.64,50.2,4,3,0,No,52,2741.96,3,At Risk,31.9,Medium,Standard
CUST202635,29,Month-to-Month,Basic,Bank Transfer,1,22.32,629.48,17.7,0,4,2,No,18,401.76,0,Loyal Steady,12.7,Low,Standard
CUST202636,12,Two Year,Standard,Credit Card,0,55.0,640.14,51.4,4,3,2,Yes,52,2860.0,3,At Risk,36.1,Medium,Standard
CUST202637,14,Month-to-Month,Basic,Credit Card,1,21.14,289.78,17.5,0,3,1,Yes,18,380.52,3,At Risk,29.7,Medium,Standard
CUST202638,13,Month-to-Month,Standard,Credit Card,1,55.75,683.36,50.4,0,3,2,Yes,18,1003.5,3,At Risk,33.6,Medium,Standard
CUST202639,39,One Year,Premium,Credit Card,0,93.48,3404.78,123.5,1,3,1,No,34,3178.32,1,Champions,19.5,Low,Standard
CUST202640,45,One Year,Standard,Credit Card,0,58.46,2572.88,70.0,4,3,0,No,34,1987.64,2,Low Engagement,30.6,Medium,Standard
CUST202641,30,One Year,Standard,Credit Card,1,50.34,1399.15,63.6,3,4,1,No,34,1711.56,0,Loyal Steady,15.7,Low,Standard
CUST202642,25,One Year,Premium,Digital Wallet,0,95.95,2395.29,93.7,0,4,0,No,34,3262.3,1,Champions,15.6,Low,Standard
CUST202643,47,One Year,Basic,Digital Wallet,1,27.23,1266.49,38.9,3,3,0,Yes,34,925.82,2,Low Engagement,15.0,Low,Standard
CUST202644,52,Month-to-Month,Standard,Mailed Check,1,47.98,2335.6,85.3,2,2,1,No,18,863.64,2,Low Engagement,49.4,High,Standard
CUST202645,67,Month-to-Month,Premium,Credit Card,1,102.43,6344.03,83.9,1,2,3,No,18,1843.74,1,Champions,23.4,Low,Standard
CUST202646,18,Month-to-Month,Basic,Digital Wallet,1,22.55,385.67,13.1,2,4,0,Yes,18,405.9,0,Loyal Steady,33.5,Medium,Standard
CUST202647,24,Month-to-Month,Premium,Credit Card,0,94.82,2123.09,101.6,3,5,0,Yes,18,1706.76,1,Champions,45.2,High,Standard
CUST202648,72,One Year,Basic,Bank Transfer,1,24.43,1695.21,11.3,1,4,1,Yes,34,830.62,2,Low Engagement,2.4,Low,Standard
CUST202649,72,Month-to-Month,Premium,Mailed Check,1,87.9,6285.38,74.8,2,3,0,No,18,1582.2,2,Low Engagement,33.9,Medium,Standard
CUST202650,50,One Year,Basic,Bank Transfer,1,35.38,1757.83,14.1,2,1,1,No,34,1202.92,3,At Risk,20.4,Low,Standard
CUST202651,20,One Year,Standard,Mailed Check,0,45.97,878.31,58.4,2,3,0,Yes,34,1562.98,3,At Risk,39.8,Medium,Standard
CUST202652,72,One Year,Basic,Credit Card,1,21.49,1458.71,31.7,0,4,2,No,34,730.66,2,Low Engagement,1.6,Low,Standard
CUST202653,32,Month-to-Month,Standard,Digital Wallet,0,52.02,1572.92,51.8,2,3,1,Yes,18,936.36,3,At Risk,48.1,High,Standard
CUST202654,27,Two Year,Premium,Bank Transfer,0,102.75,2738.15,103.6,1,3,5,No,52,5343.0,1,Champions,11.1,Low,Standard
CUST202655,52,One Year,Premium,Digital Wallet,1,95.05,4609.33,91.0,2,2,1,No,34,3231.7,1,Champions,22.4,Low,Standard
CUST202656,11,One Year,Premium,Bank Transfer,1,95.06,1039.66,83.9,1,4,1,No,34,3232.04,1,Champions,17.4,Low,Standard
CUST202657,18,Two Year,Standard,Digital Wallet,0,58.67,987.3,86.4,0,4,0,No,52,3050.84,0,Loyal Steady,12.1,Low,Standard
CUST202658,15,Month-to-Month,Standard,Credit Card,0,59.74,828.75,55.9,3,4,0,Yes,18,1075.32,0,Loyal Steady,56.4,High,Standard
CUST202659,35,Month-to-Month,Basic,Digital Wallet,1,26.21,860.32,31.8,2,3,0,No,18,471.78,3,At Risk,35.4,Medium,Standard
CUST202660,13,Month-to-Month,Standard,Bank Transfer,0,60.21,752.83,35.4,2,3,1,No,18,1083.78,3,At Risk,58.0,High,Standard
CUST202661,4,Month-to-Month,Standard,Digital Wallet,1,56.94,210.65,64.3,0,5,1,No,18,1024.92,0,Loyal Steady,22.4,Low,Standard
CUST202662,17,Month-to-Month,Standard,Credit Card,0,51.41,866.3,25.5,2,4,2,No,18,925.38,0,Loyal Steady,39.2,Medium,Standard
CUST202663,14,One Year,Basic,Digital Wallet,1,20.9,286.13,39.6,1,5,1,No,34,710.6,0,Loyal Steady,6.7,Low,Standard
CUST202664,30,One Year,Basic,Bank Transfer,1,25.17,713.7,59.8,1,4,1,No,34,855.78,0,Loyal Steady,7.1,Low,Standard
CUST202665,57,Month-to-Month,Standard,Credit Card,0,48.06,2710.32,42.8,1,4,0,No,18,865.08,2,Low Engagement,20.0,Low,Standard
CUST202666,66,One Year,Standard,Bank Transfer,1,54.4,3465.55,47.9,0,5,2,No,34,1849.6,2,Low Engagement,1.5,Low,Standard
CUST202667,72,Month-to-Month,Premium,Digital Wallet,1,95.63,6767.86,108.5,3,3,1,No,18,1721.34,1,Champions,30.7,Medium,Standard
CUST202668,8,Month-to-Month,Standard,Bank Transfer,1,58.56,461.77,38.2,0,4,0,No,18,1054.08,0,Loyal Steady,32.0,Medium,Standard
CUST202669,23,Month-to-Month,Standard,Bank Transfer,0,57.64,1265.25,40.6,3,4,3,Yes,18,1037.52,0,Loyal Steady,38.5,Medium,Standard
CUST202670,49,Two Year,Standard,Digital Wallet,0,56.04,2563.88,50.9,2,3,1,No,52,2914.08,2,Low Engagement,13.1,Low,Standard
CUST202671,39,Month-to-Month,Standard,Credit Card,1,69.03,2560.79,60.4,0,4,1,No,18,1242.54,0,Loyal Steady,15.5,Low,Standard
CUST202672,72,Two Year,Standard,Credit Card,0,43.52,2948.36,77.1,2,3,2,No,52,2263.04,2,Low Engagement,6.7,Low,Standard
CUST202673,27,One Year,Premium,Credit Card,0,98.19,2556.62,85.1,1,4,0,No,34,3338.46,1,Champions,18.2,Low,Standard
CUST202674,34,One Year,Basic,Digital Wallet,1,15.0,492.13,33.8,2,1,2,No,34,510.0,3,At Risk,26.8,Medium,Standard
CUST202675,37,Month-to-Month,Standard,Credit Card,1,51.26,1752.14,54.2,0,3,0,Yes,18,922.68,3,At Risk,28.0,Medium,Standard
CUST202676,33,Two Year,Premium,Bank Transfer,0,96.41,3139.96,85.5,1,3,2,No,52,5013.32,1,Champions,15.0,Low,Standard
CUST202677,20,One Year,Premium,Bank Transfer,1,115.37,2252.43,115.8,4,4,1,Yes,34,3922.58,1,Champions,28.6,Medium,Standard
CUST202678,34,Month-to-Month,Premium,Bank Transfer,1,90.65,3042.32,73.5,0,5,1,No,18,1631.7,1,Champions,14.1,Low,Standard
CUST202679,29,One Year,Standard,Credit Card,0,51.96,1506.36,53.1,2,3,1,Yes,34,1766.64,3,At Risk,23.7,Low,Standard
CUST202680,13,Month-to-Month,Premium,Credit Card,1,92.38,1181.97,110.5,2,2,2,Yes,18,1662.84,1,Champions,66.8,Very High,Standard
CUST202681,23,Two Year,Premium,Bank Transfer,0,104.21,2368.13,82.6,0,5,1,No,52,5418.92,1,Champions,6.7,Low,Standard
CUST202682,6,One Year,Basic,Bank Transfer,1,23.82,139.78,41.4,0,4,0,No,34,809.88,0,Loyal Steady,10.8,Low,Standard
CUST202683,24,Two Year,Premium,Digital Wallet,1,106.57,2382.62,92.6,0,3,0,No,52,5541.64,1,Champions,15.2,Low,Standard
CUST202684,62,Two Year,Basic,Credit Card,1,28.4,1652.94,26.3,0,3,4,No,52,1476.8,2,Low Engagement,1.9,Low,Standard
CUST202685,30,One Year,Standard,Bank Transfer,1,54.1,1507.62,46.8,2,4,0,No,34,1839.4,0,Loyal Steady,13.7,Low,Standard
CUST202686,43,One Year,Basic,Mailed Check,1,24.9,992.77,15.7,2,4,2,No,34,846.6,2,Low Engagement,7.7,Low,Standard
CUST202687,24,Month-to-Month,Premium,Bank Transfer,1,99.95,2244.62,97.5,0,4,0,No,18,1799.1,1,Champions,29.4,Medium,Standard
CUST202688,36,One Year,Premium,Digital Wallet,0,84.1,2968.18,112.7,2,4,0,No,34,2859.4,1,Champions,20.8,Low,Standard
CUST202689,13,One Year,Basic,Digital Wallet,1,23.54,291.43,35.8,3,3,4,No,34,800.36,3,At Risk,17.7,Low,Standard
CUST202690,22,Two Year,Standard,Credit Card,1,51.8,1086.42,52.7,1,2,2,No,52,2693.6,3,At Risk,18.6,Low,Standard
CUST202691,10,One Year,Standard,Credit Card,1,57.87,558.0,55.1,0,4,0,Yes,34,1967.58,0,Loyal Steady,13.0,Low,Standard
CUST202692,31,One Year,Basic,Mailed Check,0,29.51,853.46,30.5,1,3,1,No,34,1003.34,3,At Risk,18.1,Low,Standard
CUST202693,26,One Year,Standard,Bank Transfer,1,62.49,1544.18,68.1,2,4,1,No,34,2124.66,0,Loyal Steady,13.0,Low,Standard
CUST202694,9,One Year,Standard,Credit Card,0,56.27,499.31,48.5,2,4,1,No,34,1913.18,0,Loyal Steady,23.5,Low,Standard
CUST202695,34,Month-to-Month,Basic,Credit Card,0,23.56,767.54,45.8,1,4,0,Yes,18,424.08,0,Loyal Steady,25.0,Medium,Standard
CUST202696,27,Two Year,Standard,Credit Card,1,57.11,1433.83,55.3,2,3,0,No,52,2969.72,3,At Risk,18.4,Low,Standard
CUST202697,20,Month-to-Month,Standard,Mailed Check,0,57.18,1056.21,36.0,3,3,0,Yes,18,1029.24,3,At Risk,72.2,Very High,Standard
CUST202698,6,Month-to-Month,Premium,Credit Card,1,95.89,572.99,98.4,3,5,0,Yes,18,1726.02,1,Champions,49.2,High,Standard
CUST202699,63,Month-to-Month,Standard,Digital Wallet,1,50.61,3148.72,35.0,2,2,1,No,18,910.98,2,Low Engagement,33.9,Medium,Standard
CUST202700,8,Month-to-Month,Standard,Digital Wallet,0,62.73,468.6,71.8,1,2,0,Yes,18,1129.14,3,At Risk,71.3,Very High,Standard
CUST202701,72,Month-to-Month,Standard,Mailed Check,1,55.02,3667.38,49.3,0,4,2,No,18,990.36,2,Low Engagement,8.7,Low,Standard
CUST202702,24,One Year,Premium,Digital Wallet,1,83.99,2005.97,112.6,1,3,1,No,34,2855.66,1,Champions,21.8,Low,Standard
CUST202703,12,Month-to-Month,Basic,Bank Transfer,1,19.92,222.44,15.2,2,4,3,No,18,358.56,0,Loyal Steady,25.5,Medium,Standard
CUST202704,17,One Year,Standard,Credit Card,0,65.46,1102.34,73.3,1,2,2,No,34,2225.64,3,At Risk,30.5,Medium,Standard
CUST202705,10,Two Year,Basic,Mailed Check,1,21.15,203.37,13.3,4,3,3,Yes,52,1099.8,3,At Risk,27.5,Medium,Standard
CUST202706,39,One Year,Premium,Credit Card,1,103.24,3978.55,107.7,0,3,1,No,34,3510.16,1,Champions,11.5,Low,Standard
CUST202707,15,One Year,Basic,Digital Wallet,1,27.25,379.18,53.3,2,2,2,No,34,926.5,3,At Risk,26.4,Medium,Standard
CUST202708,66,Month-to-Month,Premium,Digital Wallet,0,87.88,5657.46,113.8,0,4,2,No,18,1581.84,1,Champions,13.0,Low,Standard
CUST202709,48,Two Year,Standard,Mailed Check,1,53.06,2425.13,13.9,1,3,1,No,52,2759.12,2,Low Engagement,10.1,Low,Standard
CUST202710,2,Month-to-Month,Basic,Credit Card,1,30.01,57.66,28.0,0,2,3,No,18,540.18,3,At Risk,40.3,Medium,Standard
CUST202711,35,One Year,Basic,Credit Card,0,24.57,836.85,41.5,2,2,4,Yes,34,835.38,3,At Risk,16.4,Low,Standard
CUST202712,23,One Year,Standard,Credit Card,1,58.44,1288.85,74.8,1,5,0,No,34,1986.96,0,Loyal Steady,8.1,Low,Standard
CUST202713,21,Month-to-Month,Premium,Credit Card,1,98.8,1987.27,106.2,1,5,1,No,18,1778.4,1,Champions,23.9,Low,Standard
CUST202714,16,Month-to-Month,Basic,Credit Card,0,20.24,323.48,19.9,1,1,2,No,18,364.32,3,At Risk,62.5,High,Standard
CUST202715,72,Month-to-Month,Standard,Digital Wallet,1,48.82,3321.23,35.5,4,4,0,No,18,878.76,2,Low Engagement,24.1,Low,Standard
CUST202716,60,Month-to-Month,Basic,Digital Wallet,1,20.64,1205.62,13.2,1,3,0,No,18,371.52,2,Low Engagement,17.7,Low,Standard
CUST202717,8,Month-to-Month,Premium,Bank Transfer,0,95.37,718.72,68.7,2,2,2,No,18,1716.66,1,Champions,74.1,Very High,Standard
CUST202718,35,Month-to-Month,Standard,Digital Wallet,1,59.1,1925.37,57.6,1,5,2,No,18,1063.8,0,Loyal Steady,12.8,Low,Standard
CUST202719,17,Month-to-Month,Standard,Credit Card,0,60.59,985.42,29.1,4,2,4,Yes,18,1090.62,3,At Risk,69.1,Very High,Standard
CUST202720,36,Month-to-Month,Premium,Bank Transfer,0,82.75,2799.28,101.0,0,4,1,No,18,1489.5,1,Champions,26.5,Medium,Standard
CUST202721,37,Two Year,Standard,Credit Card,1,59.12,2158.78,63.4,3,4,2,No,52,3074.24,0,Loyal Steady,9.2,Low,Standard
CUST202722,20,Month-to-Month,Basic,Credit Card,0,27.3,536.69,34.8,1,3,0,No,18,491.4,3,At Risk,43.5,Medium,Standard
CUST202723,8,Two Year,Standard,Digital Wallet,0,51.28,408.36,57.9,3,3,0,No,52,2666.56,3,At Risk,40.8,Medium,Standard
CUST202724,20,Month-to-Month,Premium,Digital Wallet,1,101.46,2022.61,110.3,4,2,0,No,18,1826.28,1,Champions,81.1,Very High,Standard
CUST202725,53,Month-to-Month,Basic,Credit Card,1,24.56,1227.92,24.7,1,3,1,Yes,18,442.08,2,Low Engagement,17.3,Low,Standard
CUST202726,45,Two Year,Standard,Credit Card,1,63.51,2728.17,64.2,0,3,0,No,52,3302.52,2,Low Engagement,7.3,Low,Standard
CUST202727,15,One Year,Basic,Digital Wallet,0,25.09,359.67,16.9,1,4,0,No,34,853.06,0,Loyal Steady,14.9,Low,Standard
CUST202728,18,Month-to-Month,Standard,Digital Wallet,0,55.91,1002.92,46.7,0,4,2,Yes,18,1006.38,0,Loyal Steady,27.1,Medium,Standard
CUST202729,15,Two Year,Basic,Credit Card,0,35.86,505.48,32.0,1,5,1,No,52,1864.72,0,Loyal Steady,6.3,Low,Standard
CUST202730,31,Month-to-Month,Premium,Bank Transfer,0,88.59,2692.84,96.1,2,4,1,Yes,18,1594.62,1,Champions,41.9,Medium,Standard
CUST202731,72,One Year,Premium,Credit Card,0,93.09,6577.56,88.6,1,3,1,No,34,3165.06,1,Champions,9.1,Low,Standard
CUST202732,21,One Year,Premium,Credit Card,1,105.14,2081.96,97.2,1,4,1,No,34,3574.76,1,Champions,14.1,Low,Standard
CUST202733,15,One Year,Standard,Digital Wallet,1,60.99,865.05,42.1,1,4,1,No,34,2073.66,0,Loyal Steady,13.1,Low,Standard
CUST202734,72,One Year,Standard,Credit Card,1,46.82,3273.22,59.3,4,1,1,Yes,34,1591.88,2,Low Engagement,28.1,Medium,Standard
CUST202735,45,Two Year,Premium,Mailed Check,1,97.38,4197.54,100.2,0,4,1,No,52,5063.76,1,Champions,6.9,Low,Standard
CUST202736,9,One Year,Premium,Credit Card,0,99.11,829.22,97.6,2,3,2,No,34,3369.74,1,Champions,36.0,Medium,Standard
CUST202737,40,Month-to-Month,Basic,Mailed Check,0,27.0,1057.66,28.9,2,4,2,No,18,486.0,0,Loyal Steady,27.2,Medium,Standard
CUST202738,48,One Year,Standard,Credit Card,1,48.21,2272.75,46.5,3,4,0,No,34,1639.14,2,Low Engagement,12.1,Low,Standard
CUST202739,21,Month-to-Month,Standard,Bank Transfer,1,64.53,1268.21,42.4,1,3,0,No,18,1161.54,3,At Risk,42.6,Medium,Standard
CUST202740,21,Month-to-Month,Basic,Digital Wallet,1,15.36,304.29,9.4,1,3,1,Yes,18,276.48,3,At Risk,33.1,Medium,Standard
CUST202741,44,Month-to-Month,Standard,Digital Wallet,1,47.86,2051.48,49.7,1,4,0,Yes,18,861.48,2,Low Engagement,21.5,Low,Standard
CUST202742,14,One Year,Premium,Credit Card,1,84.53,1138.68,82.7,1,4,1,No,34,2874.02,1,Champions,16.8,Low,Standard
CUST202743,18,Month-to-Month,Basic,Mailed Check,0,20.57,341.55,29.2,1,3,0,Yes,18,370.26,3,At Risk,53.4,High,Standard
CUST202744,10,Month-to-Month,Basic,Credit Card,1,30.79,306.69,22.7,2,2,1,No,18,554.22,3,At Risk,57.7,High,Standard
CUST202745,29,Month-to-Month,Premium,Bank Transfer,1,96.57,2787.96,67.2,2,4,0,No,18,1738.26,1,Champions,39.0,Medium,Standard
CUST202746,10,One Year,Premium,Digital Wallet,1,95.28,952.21,103.8,2,4,2,No,34,3239.52,1,Champions,20.8,Low,Standard
CUST202747,65,One Year,Basic,Bank Transfer,0,27.84,1665.96,2.0,0,3,0,No,34,946.56,2,Low Engagement,5.4,Low,Standard
CUST202748,35,Two Year,Premium,Credit Card,0,101.95,3556.13,106.6,0,3,2,No,52,5301.4,1,Champions,11.3,Low,Standard
CUST202749,18,Month-to-Month,Basic,Bank Transfer,0,30.58,519.77,20.6,4,3,2,No,18,550.44,3,At Risk,57.4,High,Standard
CUST202750,16,Month-to-Month,Premium,Digital Wallet,0,86.43,1352.09,77.7,2,3,2,Yes,18,1555.74,1,Champions,60.4,High,Standard
CUST202751,72,Month-to-Month,Standard,Credit Card,0,55.65,3838.72,44.1,2,4,3,No,18,1001.7,2,Low Engagement,12.0,Low,Standard
CUST202752,14,Two Year,Standard,Bank Transfer,1,52.96,730.69,62.5,1,3,1,No,52,2753.92,3,At Risk,16.7,Low,Standard
CUST202753,44,Two Year,Basic,Credit Card,0,28.93,1205.25,20.8,0,4,1,No,52,1504.36,2,Low Engagement,3.8,Low,Standard
CUST202754,43,Month-to-Month,Basic,Credit Card,1,29.54,1182.28,51.1,0,3,4,No,18,531.72,2,Low Engagement,11.1,Low,Standard
CUST202755,35,Two Year,Standard,Credit Card,1,48.4,1673.0,55.8,1,4,0,No,52,2516.8,0,Loyal Steady,7.8,Low,Standard
CUST202756,10,Month-to-Month,Standard,Mailed Check,0,48.0,466.98,35.5,1,5,0,No,18,864.0,0,Loyal Steady,41.0,Medium,Standard
CUST202757,25,Two Year,Premium,Credit Card,1,106.25,2542.17,101.5,2,3,1,No,52,5525.0,1,Champions,20.5,Low,Standard
CUST202758,39,One Year,Premium,Credit Card,1,78.74,2910.63,100.0,1,3,3,No,34,2677.16,1,Champions,11.6,Low,Standard
CUST202759,62,Two Year,Standard,Credit Card,1,64.17,3673.75,81.4,0,3,3,No,52,3336.84,2,Low Engagement,3.1,Low,Standard
CUST202760,46,One Year,Basic,Credit Card,0,29.8,1359.6,2.0,2,1,1,No,34,1013.2,3,At Risk,27.6,Medium,Standard
CUST202761,5,Month-to-Month,Standard,Digital Wallet,1,64.44,300.18,51.9,0,3,0,No,18,1159.92,3,At Risk,46.9,High,Standard
CUST202762,18,Two Year,Premium,Bank Transfer,1,81.63,1389.39,76.9,5,1,1,Yes,52,4244.76,3,At Risk,67.3,Very High,Priority Save
CUST202763,11,Month-to-Month,Standard,Credit Card,1,40.53,436.86,59.8,0,4,2,Yes,18,729.54,0,Loyal Steady,25.1,Medium,Standard
CUST202764,28,One Year,Basic,Bank Transfer,1,22.91,612.59,4.7,0,3,2,No,34,778.94,3,At Risk,7.3,Low,Standard
CUST202765,15,Month-to-Month,Basic,Digital Wallet,0,21.01,312.53,16.7,2,4,1,No,18,378.18,0,Loyal Steady,38.2,Medium,Standard
CUST202766,28,Month-to-Month,Basic,Credit Card,0,30.95,804.15,32.1,2,3,0,Yes,18,557.1,3,At Risk,45.4,High,Standard
CUST202767,20,Month-to-Month,Basic,Digital Wallet,1,24.72,473.14,38.4,1,3,0,No,18,444.96,3,At Risk,37.8,Medium,Standard
CUST202768,18,Two Year,Basic,Credit Card,1,23.19,394.81,18.1,4,3,1,Yes,52,1205.88,3,At Risk,23.6,Low,Standard
CUST202769,72,Month-to-Month,Premium,Bank Transfer,1,84.77,6092.32,72.3,1,5,1,No,18,1525.86,2,Low Engagement,7.8,Low,Standard
CUST202770,19,Month-to-Month,Basic,Mailed Check,1,27.85,493.99,10.5,4,4,2,No,18,501.3,0,Loyal Steady,45.5,High,Standard
CUST202771,26,Two Year,Basic,Mailed Check,1,26.9,686.67,5.6,0,4,1,No,52,1398.8,0,Loyal Steady,6.1,Low,Standard
CUST202772,46,Month-to-Month,Premium,Mailed Check,1,94.58,4005.95,93.1,1,4,2,No,18,1702.44,1,Champions,24.5,Medium,Standard
CUST202773,72,Month-to-Month,Basic,Credit Card,0,28.03,1984.09,19.3,1,3,2,No,18,504.54,2,Low Engagement,12.6,Low,Standard
CUST202774,35,Month-to-Month,Standard,Digital Wallet,1,52.33,1698.3,49.5,1,3,1,Yes,18,941.94,3,At Risk,32.4,Medium,Standard
CUST202775,63,One Year,Standard,Digital Wallet,0,52.18,3228.43,43.1,1,5,1,No,34,1774.12,2,Low Engagement,3.5,Low,Standard
CUST202776,7,Two Year,Basic,Digital Wallet,0,26.52,173.77,17.6,0,4,2,No,52,1379.04,0,Loyal Steady,8.2,Low,Standard
CUST202777,3,Month-to-Month,Basic,Digital Wallet,1,17.33,51.52,33.8,2,3,0,Yes,18,311.94,3,At Risk,55.9,High,Standard
CUST202778,14,Month-to-Month,Premium,Digital Wallet,0,99.19,1313.31,89.3,2,4,1,No,18,1785.42,1,Champions,53.0,High,Standard
CUST202779,20,Two Year,Standard,Mailed Check,0,47.7,928.84,62.5,3,4,0,No,52,2480.4,0,Loyal Steady,29.5,Medium,Standard
CUST202780,42,One Year,Premium,Credit Card,1,101.78,4066.86,100.8,0,3,2,No,34,3460.52,1,Champions,9.2,Low,Standard
CUST202781,38,Two Year,Standard,Credit Card,0,50.13,1753.99,71.4,0,4,2,No,52,2606.76,0,Loyal Steady,5.4,Low,Standard
CUST202782,16,Month-to-Month,Standard,Bank Transfer,1,40.44,643.48,61.2,4,3,1,No,18,727.92,3,At Risk,64.9,Very High,Standard
CUST202783,24,Month-to-Month,Premium,Digital Wallet,1,100.79,2412.67,77.3,3,3,1,No,18,1814.22,1,Champions,58.8,High,Standard
CUST202784,43,Two Year,Premium,Digital Wallet,0,91.3,3883.06,74.4,2,4,0,No,52,4747.6,1,Champions,13.9,Low,Standard
CUST202785,16,Month-to-Month,Basic,Bank Transfer,0,20.08,308.38,18.5,0,4,1,No,18,361.44,0,Loyal Steady,24.4,Low,Standard
CUST202786,25,Month-to-Month,Premium,Credit Card,1,89.76,2202.3,91.0,1,3,2,Yes,18,1615.68,1,Champions,39.7,Medium,Standard
CUST202787,49,Month-to-Month,Standard,Credit Card,0,48.94,2338.71,36.3,0,3,0,No,18,880.92,2,Low Engagement,27.3,Medium,Standard
CUST202788,21,Month-to-Month,Basic,Bank Transfer,1,23.61,487.22,23.6,3,4,1,No,18,424.98,0,Loyal Steady,33.7,Medium,Standard
CUST202789,35,Month-to-Month,Standard,Digital Wallet,1,61.01,1969.82,57.1,0,4,1,Yes,18,1098.18,0,Loyal Steady,17.6,Low,Standard
CUST202790,45,Month-to-Month,Standard,Mailed Check,0,57.37,2517.77,71.7,1,4,2,Yes,18,1032.66,2,Low Engagement,25.7,Medium,Standard
CUST202791,10,Month-to-Month,Standard,Credit Card,1,50.63,480.82,52.6,0,2,0,No,18,911.34,3,At Risk,56.1,High,Standard
CUST202792,18,Month-to-Month,Standard,Bank Transfer,0,68.89,1193.66,33.2,2,4,0,Yes,18,1240.02,0,Loyal Steady,45.9,High,Standard
CUST202793,17,One Year,Premium,Bank Transfer,1,97.9,1535.59,72.6,1,4,3,No,34,3328.6,1,Champions,11.3,Low,Standard
CUST202794,37,Month-to-Month,Premium,Digital Wallet,1,93.44,3397.15,80.3,1,4,0,No,18,1681.92,1,Champions,29.4,Medium,Standard
CUST202795,14,Month-to-Month,Basic,Bank Transfer,1,19.12,251.72,66.0,1,3,2,Yes,18,344.16,3,At Risk,33.6,Medium,Standard
CUST202796,36,One Year,Standard,Digital Wallet,1,65.56,2350.15,51.2,1,4,0,No,34,2229.04,0,Loyal Steady,9.5,Low,Standard
CUST202797,65,One Year,Basic,Digital Wallet,0,20.58,1255.33,25.3,0,5,3,No,34,699.72,2,Low Engagement,1.4,Low,Standard
CUST202798,58,Month-to-Month,Standard,Credit Card,1,59.86,3282.3,40.3,0,5,0,No,18,1077.48,2,Low Engagement,7.4,Low,Standard
CUST202799,27,Month-to-Month,Premium,Digital Wallet,1,92.64,2420.18,108.5,0,5,0,No,18,1667.52,1,Champions,20.1,Low,Standard
CUST202800,31,Two Year,Premium,Credit Card,1,90.2,2792.36,81.2,1,5,2,No,52,4690.4,1,Champions,4.9,Low,Standard
CUST202801,20,Two Year,Premium,Digital Wallet,1,88.51,1641.4,80.3,1,3,1,No,52,4602.52,1,Champions,18.8,Low,Standard
CUST202802,14,Month-to-Month,Basic,Credit Card,1,28.58,385.25,29.7,1,3,1,No,18,514.44,3,At Risk,36.1,Medium,Standard
CUST202803,56,Month-to-Month,Standard,Bank Transfer,1,64.03,3411.61,48.6,2,3,0,Yes,18,1152.54,2,Low Engagement,29.2,Medium,Standard
CUST202804,69,Month-to-Month,Standard,Credit Card,0,61.94,4218.28,88.8,1,2,0,No,18,1114.92,2,Low Engagement,34.1,Medium,Standard
CUST202805,51,Month-to-Month,Standard,Credit Card,1,62.32,2995.79,48.7,3,3,0,Yes,18,1121.76,2,Low Engagement,38.7,Medium,Standard
CUST202806,41,Month-to-Month,Standard,Credit Card,1,54.4,2064.3,76.2,2,4,0,Yes,18,979.2,0,Loyal Steady,27.9,Medium,Standard
CUST202807,72,Month-to-Month,Standard,Bank Transfer,0,61.6,4159.69,38.9,1,3,1,No,18,1108.8,2,Low Engagement,18.7,Low,Standard
CUST202808,9,Month-to-Month,Basic,Bank Transfer,1,30.32,263.11,23.0,1,3,2,No,18,545.76,3,At Risk,34.7,Medium,Standard
CUST202809,42,Month-to-Month,Standard,Credit Card,0,61.08,2563.32,49.3,2,2,1,Yes,18,1099.44,3,At Risk,52.7,High,Standard
CUST202810,20,Month-to-Month,Basic,Mailed Check,1,16.89,315.76,36.1,0,3,0,Yes,18,304.02,3,At Risk,38.3,Medium,Standard
CUST202811,51,Month-to-Month,Basic,Credit Card,0,16.25,792.34,37.1,3,3,2,No,18,292.5,2,Low Engagement,31.6,Medium,Standard
CUST202812,15,One Year,Standard,Bank Transfer,0,59.07,870.16,42.0,1,2,2,No,34,2008.38,3,At Risk,30.9,Medium,Standard
CUST202813,52,Two Year,Basic,Credit Card,1,15.0,729.0,45.7,1,2,1,No,52,780.0,2,Low Engagement,8.6,Low,Standard
CUST202814,12,Two Year,Standard,Credit Card,1,52.35,616.78,60.3,1,3,2,No,52,2722.2,3,At Risk,15.2,Low,Standard
CUST202815,24,Month-to-Month,Standard,Bank Transfer,1,57.59,1340.33,36.1,3,4,0,No,18,1036.62,0,Loyal Steady,42.9,Medium,Standard
CUST202816,72,Two Year,Standard,Bank Transfer,1,58.86,3951.72,60.0,2,3,1,No,52,3060.72,2,Low Engagement,5.7,Low,Standard
CUST202817,21,One Year,Standard,Credit Card,1,61.93,1212.87,54.1,0,4,1,No,34,2105.62,0,Loyal Steady,8.6,Low,Standard
CUST202818,15,Month-to-Month,Premium,Bank Transfer,0,101.11,1442.58,105.3,1,5,0,Yes,18,1819.98,1,Champions,36.3,Medium,Standard
CUST202819,8,Month-to-Month,Premium,Digital Wallet,0,95.21,732.08,99.2,2,3,1,Yes,18,1713.78,1,Champions,69.0,Very High,Standard
CUST202820,12,One Year,Basic,Digital Wallet,1,26.57,303.84,13.7,1,3,1,No,34,903.38,3,At Risk,16.5,Low,Standard
CUST202821,36,One Year,Premium,Credit Card,1,103.67,3682.07,110.4,2,5,1,No,34,3524.78,1,Champions,8.4,Low,Standard
CUST202822,11,One Year,Premium,Mailed Check,0,87.07,953.26,64.6,2,3,1,Yes,34,2960.38,1,Champions,46.7,High,Priority Save
CUST202823,71,Month-to-Month,Standard,Credit Card,0,46.03,3077.9,43.9,3,3,2,No,18,828.54,2,Low Engagement,27.2,Medium,Standard
CUST202824,20,One Year,Standard,Bank Transfer,1,53.74,1044.34,58.3,3,1,1,No,34,1827.16,3,At Risk,51.7,High,Standard
CUST202825,28,One Year,Premium,Bank Transfer,1,105.04,2748.65,84.6,1,3,1,Yes,34,3571.36,1,Champions,18.2,Low,Standard
CUST202826,40,One Year,Standard,Digital Wallet,1,64.42,2463.27,54.7,1,4,0,Yes,34,2190.28,0,Loyal Steady,8.7,Low,Standard
CUST202827,14,Month-to-Month,Premium,Digital Wallet,0,102.7,1378.29,90.3,2,4,1,No,18,1848.6,1,Champions,52.9,High,Standard
CUST202828,7,Month-to-Month,Premium,Bank Transfer,1,97.82,663.02,82.2,2,2,0,Yes,18,1760.76,1,Champions,75.7,Very High,Standard
CUST202829,1,Month-to-Month,Basic,Mailed Check,1,27.16,26.14,35.0,0,4,3,No,18,488.88,0,Loyal Steady,26.4,Medium,Standard
CUST202830,12,Month-to-Month,Standard,Credit Card,0,44.61,525.69,44.6,3,3,2,Yes,18,802.98,3,At Risk,62.8,High,Standard
CUST202831,43,Month-to-Month,Basic,Bank Transfer,1,27.73,1173.0,5.9,2,5,2,No,18,499.14,0,Loyal Steady,9.7,Low,Standard
CUST202832,21,Month-to-Month,Standard,Bank Transfer,0,54.41,1110.37,72.6,1,3,1,Yes,18,979.38,3,At Risk,47.1,High,Standard
CUST202833,28,One Year,Basic,Credit Card,1,25.22,677.79,15.5,4,3,3,No,34,857.48,3,At Risk,17.8,Low,Standard
CUST202834,41,Month-to-Month,Premium,Digital Wallet,0,100.17,3918.27,110.1,1,3,1,Yes,18,1803.06,1,Champions,41.8,Medium,Standard
CUST202835,36,Two Year,Standard,Mailed Check,0,66.55,2344.46,59.7,2,4,2,No,52,3460.6,0,Loyal Steady,12.5,Low,Standard
CUST202836,26,Month-to-Month,Basic,Credit Card,1,31.9,771.72,21.6,2,2,0,Yes,18,574.2,3,At Risk,51.7,High,Standard
CUST202837,14,Month-to-Month,Basic,Digital Wallet,1,32.96,441.99,28.0,2,2,2,No,18,593.28,3,At Risk,52.1,High,Standard
CUST202838,34,Month-to-Month,Basic,Bank Transfer,0,28.64,915.6,34.1,0,4,1,No,18,515.52,0,Loyal Steady,16.9,Low,Standard
CUST202839,24,Two Year,Basic,Mailed Check,0,32.37,746.29,20.2,4,2,0,No,52,1683.24,3,At Risk,48.8,High,Standard
CUST202840,7,Month-to-Month,Premium,Credit Card,0,94.56,659.45,65.9,3,4,1,No,18,1702.08,1,Champions,63.0,Very High,Standard
CUST202841,49,One Year,Basic,Bank Transfer,1,27.06,1237.48,18.3,2,4,3,No,34,920.04,2,Low Engagement,4.1,Low,Standard
CUST202842,22,Month-to-Month,Standard,Mailed Check,1,56.97,1202.81,36.0,2,5,1,No,18,1025.46,0,Loyal Steady,29.9,Medium,Standard
CUST202843,32,One Year,Premium,Bank Transfer,1,112.51,3328.65,98.2,2,2,3,No,34,3825.34,1,Champions,24.1,Low,Standard
CUST202844,19,Month-to-Month,Standard,Credit Card,1,42.14,764.23,60.1,0,4,1,No,18,758.52,0,Loyal Steady,24.4,Medium,Standard
CUST202845,72,Two Year,Basic,Digital Wallet,1,22.8,1554.06,8.1,4,3,0,No,52,1185.6,2,Low Engagement,8.7,Low,Standard
CUST202846,40,Month-to-Month,Standard,Credit Card,1,52.12,1961.95,72.8,2,3,1,No,18,938.16,3,At Risk,35.8,Medium,Standard
CUST202847,19,Two Year,Standard,Mailed Check,0,52.86,925.21,48.3,1,3,2,No,52,2748.72,3,At Risk,21.6,Low,Standard
CUST202848,19,One Year,Standard,Bank Transfer,1,57.23,1066.43,55.5,1,4,0,No,34,1945.82,0,Loyal Steady,13.6,Low,Standard
CUST202849,15,One Year,Premium,Bank Transfer,1,99.01,1451.76,89.3,1,4,0,No,34,3366.34,1,Champions,18.4,Low,Standard
CUST202850,15,Month-to-Month,Basic,Credit Card,0,18.84,269.12,15.7,1,3,0,No,18,339.12,3,At Risk,46.6,High,Standard
CUST202851,13,One Year,Standard,Digital Wallet,1,48.94,592.07,73.8,4,2,1,Yes,34,1663.96,3,At Risk,52.7,High,Standard
CUST202852,70,One Year,Basic,Bank Transfer,1,29.23,1919.22,23.8,1,5,0,No,34,993.82,2,Low Engagement,1.8,Low,Standard
CUST202853,39,One Year,Standard,Credit Card,0,60.06,2172.66,24.7,0,4,4,No,34,2042.04,0,Loyal Steady,4.5,Low,Standard
CUST202854,26,One Year,Basic,Credit Card,1,37.77,913.56,12.0,2,2,0,No,34,1284.18,3,At Risk,25.2,Medium,Standard
CUST202855,64,Two Year,Standard,Credit Card,1,60.87,3715.95,48.3,1,3,1,Yes,52,3165.24,2,Low Engagement,5.2,Low,Standard
CUST202856,15,One Year,Premium,Bank Transfer,1,94.9,1367.24,104.8,0,3,1,No,34,3226.6,1,Champions,19.5,Low,Standard
CUST202857,45,One Year,Premium,Bank Transfer,0,86.46,3845.31,93.1,0,4,1,No,34,2939.64,1,Champions,8.4,Low,Standard
CUST202858,28,Month-to-Month,Standard,Mailed Check,1,57.12,1545.45,49.8,1,3,2,No,18,1028.16,3,At Risk,39.2,Medium,Standard
CUST202859,33,Month-to-Month,Standard,Digital Wallet,1,53.46,1637.25,53.1,1,4,1,No,18,962.28,0,Loyal Steady,23.4,Low,Standard
CUST202860,22,One Year,Standard,Credit Card,1,51.47,1054.17,59.9,1,4,2,No,34,1749.98,0,Loyal Steady,9.7,Low,Standard
CUST202861,18,Two Year,Basic,Credit Card,0,26.96,482.54,16.7,2,3,2,No,52,1401.92,3,At Risk,16.2,Low,Standard
CUST202862,11,One Year,Basic,Bank Transfer,1,22.61,243.6,29.9,0,3,2,No,34,768.74,3,At Risk,11.1,Low,Standard
CUST202863,36,Month-to-Month,Basic,Digital Wallet,0,19.09,677.23,17.7,1,2,2,No,18,343.62,3,At Risk,38.7,Medium,Standard
CUST202864,32,Month-to-Month,Standard,Bank Transfer,1,51.5,1524.88,65.4,1,4,3,Yes,18,927.0,0,Loyal Steady,17.9,Low,Standard
CUST202865,31,One Year,Premium,Bank Transfer,1,100.83,2898.22,81.4,1,3,0,No,34,3428.22,1,Champions,19.7,Low,Standard
CUST202866,12,One Year,Premium,Digital Wallet,1,98.23,1126.64,70.1,3,2,3,Yes,34,3339.82,1,Champions,42.6,Medium,Standard
CUST202867,31,Two Year,Standard,Bank Transfer,0,69.0,2072.6,57.3,0,5,3,No,52,3588.0,0,Loyal Steady,3.1,Low,Standard
CUST202868,25,Two Year,Basic,Credit Card,1,26.02,609.11,18.7,2,4,1,No,52,1353.04,0,Loyal Steady,8.0,Low,Standard
CUST202869,65,Two Year,Standard,Credit Card,1,71.28,4386.8,80.9,0,2,1,No,52,3706.56,2,Low Engagement,6.3,Low,Standard
CUST202870,12,One Year,Standard,Bank Transfer,0,53.24,620.72,59.7,1,4,2,No,34,1810.16,0,Loyal Steady,15.4,Low,Standard
CUST202871,44,One Year,Basic,Credit Card,1,25.93,1080.57,26.8,0,3,1,No,34,881.62,2,Low Engagement,6.0,Low,Standard
CUST202872,40,Two Year,Premium,Bank Transfer,1,93.11,3653.7,122.8,1,3,5,No,52,4841.72,1,Champions,6.6,Low,Standard
CUST202873,24,Month-to-Month,Standard,Digital Wallet,1,55.68,1328.4,64.0,2,4,3,No,18,1002.24,0,Loyal Steady,27.0,Medium,Standard
CUST202874,7,Month-to-Month,Premium,Mailed Check,1,91.33,596.15,83.9,2,4,2,No,18,1643.94,1,Champions,53.8,High,Standard
CUST202875,14,Month-to-Month,Standard,Digital Wallet,0,65.36,904.68,54.2,6,2,2,Yes,18,1176.48,3,At Risk,86.5,Very High,Standard
CUST202876,41,One Year,Standard,Digital Wallet,0,56.54,2199.99,54.0,0,3,2,Yes,34,1922.36,2,Low Engagement,10.0,Low,Standard
CUST202877,34,Two Year,Premium,Credit Card,1,94.76,3179.17,113.0,0,3,1,No,52,4927.52,1,Champions,10.6,Low,Standard
CUST202878,12,Month-to-Month,Basic,Digital Wallet,1,19.48,223.78,33.9,0,4,0,Yes,18,350.64,0,Loyal Steady,25.3,Medium,Standard
CUST202879,28,Month-to-Month,Basic,Digital Wallet,1,27.82,729.59,23.3,3,4,2,No,18,500.76,0,Loyal Steady,27.2,Medium,Standard
CUST202880,72,Month-to-Month,Standard,Credit Card,1,56.23,3816.74,44.1,1,4,2,No,18,1012.14,2,Low Engagement,8.3,Low,Standard
CUST202881,24,One Year,Basic,Bank Transfer,1,21.44,488.68,11.8,1,3,1,Yes,34,728.96,3,At Risk,12.3,Low,Standard
CUST202882,36,Month-to-Month,Premium,Bank Transfer,1,92.39,3202.95,97.0,2,3,0,Yes,18,1663.02,1,Champions,48.0,High,Standard
CUST202883,10,Month-to-Month,Standard,Digital Wallet,0,57.99,566.47,34.4,0,3,1,Yes,18,1043.82,3,At Risk,46.6,High,Standard
CUST202884,22,Month-to-Month,Basic,Credit Card,1,21.45,460.54,42.1,2,4,1,No,18,386.1,0,Loyal Steady,27.7,Medium,Standard
CUST202885,55,Month-to-Month,Standard,Credit Card,1,46.27,2457.82,55.4,2,5,2,No,18,832.86,2,Low Engagement,10.4,Low,Standard
CUST202886,16,Month-to-Month,Premium,Digital Wallet,1,91.52,1458.24,110.1,3,3,0,Yes,18,1647.36,1,Champions,68.7,Very High,Standard
CUST202887,27,One Year,Basic,Digital Wallet,0,27.98,755.44,16.9,1,4,0,No,34,951.32,0,Loyal Steady,11.4,Low,Standard
CUST202888,26,One Year,Standard,Credit Card,0,50.1,1295.88,75.0,2,3,1,No,34,1703.4,3,At Risk,25.7,Medium,Standard
CUST202889,11,Month-to-Month,Premium,Bank Transfer,0,87.15,924.21,95.0,1,4,2,Yes,18,1568.7,1,Champions,43.2,Medium,Standard
CUST202890,30,Month-to-Month,Basic,Bank Transfer,1,24.43,681.02,7.2,2,4,2,No,18,439.74,0,Loyal Steady,20.0,Low,Standard
CUST202891,18,Month-to-Month,Premium,Credit Card,1,89.28,1491.47,112.4,2,3,2,Yes,18,1607.04,1,Champions,51.9,High,Standard
CUST202892,36,Two Year,Standard,Digital Wallet,1,53.99,1837.5,60.7,2,3,1,No,52,2807.48,3,At Risk,13.8,Low,Standard
CUST202893,22,Month-to-Month,Basic,Credit Card,1,31.7,667.33,33.8,0,4,1,No,18,570.6,0,Loyal Steady,17.2,Low,Standard
CUST202894,19,One Year,Standard,Credit Card,0,57.6,1071.7,51.8,2,4,1,No,34,1958.4,0,Loyal Steady,19.3,Low,Standard
CUST202895,72,Two Year,Basic,Bank Transfer,0,15.0,1047.97,35.1,1,2,1,No,52,780.0,2,Low Engagement,6.9,Low,Standard
CUST202896,28,Month-to-Month,Basic,Credit Card,1,25.39,654.46,53.0,1,3,1,Yes,18,457.02,3,At Risk,29.0,Medium,Standard
CUST202897,17,Month-to-Month,Premium,Mailed Check,1,89.28,1513.11,106.2,1,5,0,Yes,18,1607.04,1,Champions,37.0,Medium,Standard
CUST202898,72,One Year,Standard,Mailed Check,1,57.99,3938.0,54.5,1,3,2,No,34,1971.66,2,Low Engagement,6.4,Low,Standard
CUST202899,35,Month-to-Month,Basic,Bank Transfer,1,29.3,949.93,6.8,1,4,4,No,18,527.4,0,Loyal Steady,10.5,Low,Standard
CUST202900,19,Month-to-Month,Premium,Credit Card,1,101.89,1843.62,84.9,0,4,2,No,18,1834.02,1,Champions,25.1,Medium,Standard
CUST202901,14,One Year,Standard,Credit Card,0,59.14,785.62,74.4,0,2,1,No,34,2010.76,3,At Risk,29.8,Medium,Standard
CUST202902,7,Two Year,Premium,Digital Wallet,0,95.46,636.94,97.9,1,3,0,No,52,4963.92,1,Champions,33.8,Medium,Standard
CUST202903,32,One Year,Standard,Mailed Check,0,59.08,1851.31,64.3,2,1,0,No,34,2008.72,3,At Risk,56.6,High,Priority Save
CUST202904,34,Month-to-Month,Standard,Credit Card,1,46.04,1554.94,66.4,0,1,3,No,18,828.72,3,At Risk,41.7,Medium,Standard
CUST202905,11,One Year,Standard,Credit Card,1,49.37,500.9,94.6,2,4,1,No,34,1678.58,0,Loyal Steady,19.0,Low,Standard
CUST202906,69,Two Year,Premium,Mailed Check,0,107.71,7059.94,101.8,0,4,1,No,52,5600.92,1,Champions,5.0,Low,Standard
CUST202907,20,Month-to-Month,Standard,Credit Card,1,62.22,1154.39,76.6,0,4,2,No,18,1119.96,0,Loyal Steady,20.6,Low,Standard
CUST202908,22,One Year,Basic,Mailed Check,1,15.11,313.98,21.3,0,4,1,No,34,513.74,0,Loyal Steady,8.8,Low,Standard
CUST202909,41,Month-to-Month,Basic,Digital Wallet,1,20.41,792.22,36.0,3,4,1,Yes,18,367.38,0,Loyal Steady,24.7,Medium,Standard
CUST202910,30,One Year,Standard,Credit Card,1,44.92,1264.95,60.1,0,3,0,No,34,1527.28,3,At Risk,13.3,Low,Standard
CUST202911,18,Month-to-Month,Premium,Credit Card,0,104.37,1731.85,74.1,2,3,2,No,18,1878.66,1,Champions,57.1,High,Standard
CUST202912,7,Month-to-Month,Premium,Digital Wallet,1,102.73,691.7,85.5,2,5,0,No,18,1849.14,1,Champions,41.6,Medium,Standard
CUST202913,26,Month-to-Month,Standard,Digital Wallet,1,53.91,1316.18,35.4,1,3,2,No,18,970.38,3,At Risk,33.3,Medium,Standard
CUST202914,19,Two Year,Premium,Mailed Check,0,101.8,1813.71,92.3,0,4,1,No,52,5293.6,1,Champions,15.9,Low,Standard
CUST202915,23,Month-to-Month,Standard,Credit Card,1,52.04,1117.92,63.8,3,3,1,No,18,936.72,3,At Risk,53.2,High,Standard
CUST202916,11,Month-to-Month,Standard,Bank Transfer,1,59.29,634.23,84.8,1,1,0,Yes,18,1067.22,3,At Risk,73.6,Very High,Standard
CUST202917,41,One Year,Basic,Digital Wallet,0,21.02,831.11,43.1,0,3,3,No,34,714.68,2,Low Engagement,6.6,Low,Standard
CUST202918,61,Month-to-Month,Standard,Credit Card,1,46.45,2658.79,73.8,5,3,3,Yes,18,836.1,2,Low Engagement,36.2,Medium,Standard
CUST202919,22,Month-to-Month,Basic,Digital Wallet,1,23.0,480.95,18.1,1,3,2,Yes,18,414.0,3,At Risk,28.8,Medium,Standard
CUST202920,71,One Year,Basic,Digital Wallet,0,15.26,1054.95,11.6,1,2,0,No,34,518.84,2,Low Engagement,10.5,Low,Standard
CUST202921,53,Month-to-Month,Standard,Digital Wallet,1,48.58,2430.29,63.7,3,4,1,No,18,874.44,2,Low Engagement,25.1,Medium,Standard
CUST202922,72,One Year,Basic,Credit Card,0,15.0,1049.59,17.5,1,2,2,No,34,510.0,2,Low Engagement,7.3,Low,Standard
CUST202923,5,One Year,Premium,Mailed Check,1,92.73,432.79,110.7,2,3,0,No,34,3152.82,1,Champions,48.5,High,Priority Save
CUST202924,11,Month-to-Month,Standard,Bank Transfer,0,54.86,578.9,70.1,2,5,4,No,18,987.48,0,Loyal Steady,25.3,Medium,Standard
CUST202925,72,Month-to-Month,Standard,Digital Wallet,0,56.76,4016.18,46.5,0,4,1,No,18,1021.68,2,Low Engagement,10.0,Low,Standard
CUST202926,13,One Year,Basic,Bank Transfer,0,23.37,300.68,27.8,2,4,0,Yes,34,794.58,0,Loyal Steady,19.3,Low,Standard
CUST202927,42,Month-to-Month,Standard,Bank Transfer,0,51.18,2142.51,59.2,1,3,0,No,18,921.24,2,Low Engagement,37.9,Medium,Standard
CUST202928,22,Month-to-Month,Premium,Bank Transfer,0,98.96,2165.66,85.5,1,3,1,No,18,1781.28,1,Champions,52.0,High,Standard
CUST202929,20,Month-to-Month,Basic,Bank Transfer,0,31.38,592.72,34.5,2,2,2,Yes,18,564.84,3,At Risk,54.6,High,Standard
CUST202930,31,Month-to-Month,Premium,Credit Card,1,88.92,2713.8,97.1,1,5,1,No,18,1600.56,1,Champions,19.7,Low,Standard
CUST202931,18,Two Year,Basic,Credit Card,1,27.53,493.46,33.1,2,4,0,No,52,1431.56,0,Loyal Steady,11.0,Low,Standard
CUST202932,19,Month-to-Month,Premium,Bank Transfer,1,90.17,1578.09,75.2,0,4,2,Yes,18,1623.06,1,Champions,25.2,Medium,Standard
CUST202933,31,Two Year,Standard,Credit Card,0,50.2,1470.26,57.4,3,3,2,No,52,2610.4,3,At Risk,20.9,Low,Standard
CUST202934,64,Month-to-Month,Standard,Digital Wallet,0,61.18,3736.84,57.1,0,5,4,No,18,1101.24,2,Low Engagement,4.8,Low,Standard
CUST202935,35,One Year,Standard,Credit Card,1,49.49,1690.1,66.4,1,4,0,No,34,1682.66,0,Loyal Steady,9.8,Low,Standard
CUST202936,13,One Year,Standard,Credit Card,1,55.45,664.91,42.4,2,4,1,Yes,34,1885.3,0,Loyal Steady,17.2,Low,Standard
CUST202937,47,Month-to-Month,Basic,Credit Card,1,27.74,1253.37,37.3,0,4,0,No,18,499.32,2,Low Engagement,11.6,Low,Standard
CUST202938,30,Month-to-Month,Standard,Credit Card,1,55.73,1661.01,48.4,0,3,1,No,18,1003.14,3,At Risk,27.9,Medium,Standard
CUST202939,31,Month-to-Month,Standard,Mailed Check,0,58.71,1696.91,62.2,0,4,0,No,18,1056.78,0,Loyal Steady,33.7,Medium,Standard
CUST202940,37,One Year,Standard,Credit Card,1,55.7,1922.22,28.7,3,3,0,No,34,1893.8,3,At Risk,22.5,Low,Standard
CUST202941,21,Two Year,Standard,Credit Card,1,55.09,1103.51,58.9,0,4,3,No,52,2864.68,0,Loyal Steady,5.1,Low,Standard
CUST202942,54,Month-to-Month,Standard,Credit Card,0,51.3,2681.17,40.7,1,4,1,No,18,923.4,2,Low Engagement,18.5,Low,Standard
CUST202943,31,Month-to-Month,Premium,Digital Wallet,1,88.86,2693.89,77.5,2,2,0,No,18,1599.48,1,Champions,64.2,Very High,Standard
CUST202944,31,Month-to-Month,Standard,Credit Card,1,52.81,1618.95,46.9,2,4,1,No,18,950.58,0,Loyal Steady,29.1,Medium,Standard
CUST202945,29,Two Year,Basic,Bank Transfer,0,25.21,711.69,29.2,2,4,0,No,52,1310.92,0,Loyal Steady,11.1,Low,Standard
CUST202946,57,Month-to-Month,Premium,Digital Wallet,1,90.9,4798.93,69.9,2,4,1,No,18,1636.2,1,Champions,22.0,Low,Standard
CUST202947,10,Month-to-Month,Standard,Mailed Check,1,52.39,486.98,54.9,0,4,1,Yes,18,943.02,0,Loyal Steady,35.6,Medium,Standard
CUST202948,45,Two Year,Basic,Credit Card,1,19.35,855.24,24.9,2,5,3,No,52,1006.2,0,Loyal Steady,2.3,Low,Standard
CUST202949,7,Month-to-Month,Basic,Credit Card,0,20.51,139.21,3.9,2,5,0,No,18,369.18,0,Loyal Steady,33.9,Medium,Standard
CUST202950,21,Two Year,Standard,Credit Card,1,49.25,981.08,62.4,2,4,2,No,52,2561.0,0,Loyal Steady,10.4,Low,Standard
CUST202951,29,One Year,Basic,Digital Wallet,1,30.11,807.36,41.0,0,4,2,No,34,1023.74,0,Loyal Steady,4.8,Low,Standard
CUST202952,12,Two Year,Premium,Digital Wallet,0,93.86,1112.86,105.4,0,4,1,No,52,4880.72,1,Champions,14.8,Low,Standard
CUST202953,10,Month-to-Month,Basic,Digital Wallet,1,17.4,162.31,70.9,2,3,2,No,18,313.2,3,At Risk,44.2,High,Standard
CUST202954,29,Two Year,Standard,Credit Card,1,51.35,1433.33,67.7,2,5,2,No,52,2670.2,0,Loyal Steady,5.4,Low,Standard
CUST202955,16,Month-to-Month,Standard,Credit Card,1,56.55,867.58,42.4,0,3,0,No,18,1017.9,3,At Risk,39.3,Medium,Standard
CUST202956,15,One Year,Basic,Bank Transfer,0,25.01,359.03,2.0,1,2,0,No,34,850.34,3,At Risk,31.0,Medium,Standard
CUST202957,52,Month-to-Month,Basic,Digital Wallet,1,20.54,989.38,32.8,2,3,1,No,18,369.72,2,Low Engagement,23.4,Low,Standard
CUST202958,12,Month-to-Month,Basic,Digital Wallet,1,23.41,268.24,30.7,2,3,0,Yes,18,421.38,3,At Risk,49.7,High,Standard
CUST202959,71,One Year,Standard,Bank Transfer,1,52.19,3638.0,31.6,4,5,2,No,34,1774.46,2,Low Engagement,4.1,Low,Standard
CUST202960,5,One Year,Basic,Bank Transfer,1,35.36,172.95,21.9,1,4,1,No,34,1202.24,0,Loyal Steady,11.8,Low,Standard
CUST202961,15,Month-to-Month,Premium,Credit Card,0,84.77,1237.01,99.5,1,4,0,Yes,18,1525.86,1,Champions,49.4,High,Standard
CUST202962,53,Month-to-Month,Premium,Credit Card,1,97.19,5132.83,98.7,5,4,1,Yes,18,1749.42,1,Champions,42.3,Medium,Standard
CUST202963,28,One Year,Standard,Credit Card,1,44.64,1249.24,48.3,3,3,0,No,34,1517.76,3,At Risk,27.6,Medium,Standard
CUST202964,20,Month-to-Month,Premium,Mailed Check,1,99.76,1905.22,111.0,2,3,0,Yes,18,1795.68,1,Champions,66.2,Very High,Standard
CUST202965,41,Month-to-Month,Standard,Mailed Check,1,51.78,2014.87,64.6,1,3,1,No,18,932.04,2,Low Engagement,36.0,Medium,Standard
CUST202966,21,Month-to-Month,Basic,Bank Transfer,1,27.66,541.47,36.5,2,2,1,No,18,497.88,3,At Risk,51.2,High,Standard
CUST202967,33,One Year,Standard,Mailed Check,0,56.21,1794.64,56.9,0,3,1,No,34,1911.14,3,At Risk,17.9,Low,Standard
CUST202968,20,Month-to-Month,Premium,Bank Transfer,1,82.88,1526.88,99.1,0,5,0,No,18,1491.84,1,Champions,22.5,Low,Standard
CUST202969,72,Month-to-Month,Standard,Bank Transfer,0,61.66,4334.49,41.2,1,3,3,No,18,1109.88,2,Low Engagement,14.2,Low,Standard
CUST202970,31,One Year,Standard,Digital Wallet,0,55.47,1671.1,53.4,1,5,2,No,34,1885.98,0,Loyal Steady,6.6,Low,Standard
CUST202971,28,One Year,Basic,Credit Card,1,18.01,490.16,16.2,1,4,3,No,34,612.34,0,Loyal Steady,5.3,Low,Standard
CUST202972,70,Month-to-Month,Standard,Mailed Check,0,50.56,3335.06,39.5,1,4,1,No,18,910.08,2,Low Engagement,17.4,Low,Standard
CUST202973,21,Month-to-Month,Premium,Bank Transfer,0,95.5,1977.44,106.8,1,4,0,Yes,18,1719.0,1,Champions,45.0,High,Standard
CUST202974,18,Month-to-Month,Standard,Digital Wallet,0,61.31,1087.78,51.1,1,4,2,No,18,1103.58,0,Loyal Steady,33.1,Medium,Standard
CUST202975,31,Month-to-Month,Premium,Digital Wallet,0,101.57,2955.73,106.9,1,3,1,Yes,18,1828.26,1,Champions,47.9,High,Standard
CUST202976,10,One Year,Premium,Digital Wallet,0,96.5,920.62,88.5,2,3,0,Yes,34,3281.0,1,Champions,44.3,High,Priority Save
CUST202977,25,Month-to-Month,Basic,Bank Transfer,1,15.0,355.29,31.2,0,3,0,Yes,18,270.0,3,At Risk,27.9,Medium,Standard
CUST202978,17,Two Year,Premium,Credit Card,0,87.54,1474.93,74.9,0,2,0,Yes,52,4552.08,1,Champions,31.7,Medium,Standard
CUST202979,18,One Year,Premium,Bank Transfer,1,101.56,1685.72,111.1,0,4,2,No,34,3453.04,1,Champions,10.2,Low,Standard
CUST202980,27,Month-to-Month,Standard,Bank Transfer,0,49.21,1323.03,71.4,1,4,1,Yes,18,885.78,0,Loyal Steady,31.8,Medium,Standard
CUST202981,30,One Year,Standard,Bank Transfer,1,55.12,1549.82,68.3,3,2,2,No,34,1874.08,3,At Risk,29.9,Medium,Standard
CUST202982,28,Month-to-Month,Premium,Credit Card,1,96.0,2488.15,90.4,4,3,2,No,18,1728.0,1,Champions,59.0,High,Standard
CUST202983,63,Two Year,Premium,Bank Transfer,0,101.52,5917.52,115.0,3,1,1,No,52,5279.04,1,Champions,32.8,Medium,Standard
CUST202984,71,Month-to-Month,Premium,Bank Transfer,1,93.15,6452.94,77.7,2,4,1,No,18,1676.7,1,Champions,15.9,Low,Standard
CUST202985,26,Month-to-Month,Premium,Credit Card,1,93.75,2244.36,128.1,0,3,0,No,18,1687.5,1,Champions,40.9,Medium,Standard
CUST202986,7,Two Year,Premium,Credit Card,1,96.92,653.59,103.5,0,2,2,No,52,5039.84,1,Champions,24.6,Medium,Standard
CUST202987,18,Month-to-Month,Basic,Mailed Check,0,26.03,465.54,17.2,1,2,0,No,18,468.54,3,At Risk,64.9,Very High,Standard
CUST202988,6,Two Year,Standard,Bank Transfer,1,56.29,326.26,58.3,2,4,0,No,52,2927.08,0,Loyal Steady,18.8,Low,Standard
CUST202989,63,Month-to-Month,Basic,Credit Card,1,23.89,1413.59,25.3,4,4,2,No,18,430.02,2,Low Engagement,16.6,Low,Standard
CUST202990,3,Month-to-Month,Premium,Bank Transfer,1,104.34,295.17,45.3,2,2,0,Yes,18,1878.12,3,At Risk,76.4,Very High,Standard
CUST202991,49,Month-to-Month,Basic,Bank Transfer,1,18.82,910.55,17.3,2,5,0,No,18,338.76,0,Loyal Steady,11.8,Low,Standard
CUST202992,22,Two Year,Premium,Bank Transfer,1,100.97,2118.99,87.6,0,4,0,No,52,5250.44,1,Champions,9.9,Low,Standard
CUST202993,19,Month-to-Month,Standard,Credit Card,0,54.08,975.92,26.5,1,3,1,No,18,973.44,3,At Risk,47.2,High,Standard
CUST202994,3,Month-to-Month,Basic,Mailed Check,0,23.16,64.04,47.8,1,2,2,Yes,18,416.88,3,At Risk,66.9,Very High,Standard
CUST202995,18,One Year,Premium,Credit Card,1,89.13,1529.54,81.9,1,4,2,No,34,3030.42,1,Champions,13.2,Low,Standard
CUST202996,7,Month-to-Month,Standard,Digital Wallet,1,56.88,379.17,61.3,0,3,0,Yes,18,1023.84,3,At Risk,46.4,High,Standard
CUST202997,38,Month-to-Month,Standard,Credit Card,0,57.12,2045.29,28.0,1,5,1,No,18,1028.16,0,Loyal Steady,16.7,Low,Standard
CUST202998,34,Two Year,Standard,Credit Card,1,56.54,1897.35,27.2,1,1,0,No,52,2940.08,3,At Risk,27.2,Medium,Standard
CUST202999,13,Month-to-Month,Standard,Credit Card,1,54.33,661.34,78.0,0,4,0,No,18,977.94,0,Loyal Steady,30.6,Medium,Standard
CUST203000,44,One Year,Premium,Mailed Check,1,97.24,4067.12,93.8,2,3,2,No,34,3306.16,1,Champions,19.5,Low,Standard
CUST203001,59,One Year,Standard,Bank Transfer,1,41.39,2310.51,75.4,0,4,1,No,34,1407.26,2,Low Engagement,3.7,Low,Standard
CUST203002,70,Two Year,Standard,Bank Transfer,1,46.38,3074.26,66.2,3,3,3,Yes,52,2411.76,2,Low Engagement,5.9,Low,Standard
CUST203003,22,Month-to-Month,Basic,Bank Transfer,1,22.81,486.47,43.0,1,1,4,No,18,410.58,3,At Risk,43.8,High,Standard
CUST203004,43,Month-to-Month,Premium,Digital Wallet,1,98.2,4167.84,77.6,1,4,0,No,18,1767.6,1,Champions,26.1,Medium,Standard
CUST203005,49,Month-to-Month,Standard,Credit Card,1,51.76,2524.65,62.4,2,3,1,No,18,931.68,2,Low Engagement,30.4,Medium,Standard
CUST203006,62,Month-to-Month,Standard,Bank Transfer,1,60.02,3561.5,50.5,2,3,0,Yes,18,1080.36,2,Low Engagement,26.3,Medium,Standard
CUST203007,52,Two Year,Premium,Mailed Check,0,100.79,5007.41,101.4,0,2,0,No,52,5241.08,1,Champions,21.1,Low,Standard
CUST203008,37,Two Year,Premium,Digital Wallet,0,98.85,3651.33,109.4,2,4,1,No,52,5140.2,1,Champions,14.1,Low,Standard
CUST203009,23,Month-to-Month,Basic,Credit Card,1,27.7,600.09,15.0,1,2,1,No,18,498.6,3,At Risk,42.2,Medium,Standard
CUST203010,24,One Year,Standard,Digital Wallet,0,44.01,989.02,72.2,1,2,0,No,34,1496.34,3,At Risk,35.9,Medium,Standard
CUST203011,14,Month-to-Month,Premium,Digital Wallet,1,90.17,1190.06,126.1,4,3,1,Yes,18,1623.06,1,Champions,72.8,Very High,Standard
CUST203012,30,One Year,Standard,Bank Transfer,0,53.96,1498.19,25.0,3,4,0,No,34,1834.64,0,Loyal Steady,21.7,Low,Standard
CUST203013,62,Month-to-Month,Standard,Bank Transfer,1,60.04,3508.73,57.1,3,2,2,No,18,1080.72,2,Low Engagement,36.4,Medium,Standard
CUST203014,36,Month-to-Month,Basic,Digital Wallet,1,24.39,810.13,18.3,1,3,0,No,18,439.02,3,At Risk,28.3,Medium,Standard
CUST203015,42,Month-to-Month,Standard,Credit Card,1,62.77,2592.58,80.8,1,4,0,No,18,1129.86,1,Champions,21.8,Low,Standard
CUST203016,62,Month-to-Month,Standard,Credit Card,0,61.72,3719.8,60.3,1,3,1,No,18,1110.96,2,Low Engagement,23.4,Low,Standard
CUST203017,30,Month-to-Month,Standard,Digital Wallet,0,57.8,1632.28,49.9,0,3,1,No,18,1040.4,3,At Risk,34.9,Medium,Standard
CUST203018,7,Two Year,Standard,Digital Wallet,1,55.33,378.11,60.7,0,4,4,No,52,2877.16,0,Loyal Steady,6.4,Low,Standard
CUST203019,19,Month-to-Month,Standard,Bank Transfer,0,52.67,944.24,52.1,3,3,5,Yes,18,948.06,3,At Risk,45.7,High,Standard
CUST203020,28,One Year,Standard,Credit Card,0,66.36,1775.26,68.9,1,4,1,No,34,2256.24,0,Loyal Steady,12.4,Low,Standard
CUST203021,69,Month-to-Month,Standard,Digital Wallet,1,59.18,3803.1,63.9,0,5,1,No,18,1065.24,2,Low Engagement,5.2,Low,Standard
CUST203022,19,Month-to-Month,Premium,Credit Card,1,86.35,1558.23,83.2,3,3,1,Yes,18,1554.3,1,Champions,61.8,High,Standard
CUST203023,42,Two Year,Standard,Credit Card,1,57.42,2374.47,52.8,1,4,2,No,52,2985.84,0,Loyal Steady,4.7,Low,Standard
CUST203024,56,Two Year,Standard,Bank Transfer,1,50.14,2763.29,47.8,1,4,1,No,52,2607.28,2,Low Engagement,3.9,Low,Standard
CUST203025,3,One Year,Basic,Credit Card,1,32.05,93.56,43.1,1,2,1,No,34,1089.7,3,At Risk,28.7,Medium,Standard
CUST203026,25,Month-to-Month,Standard,Digital Wallet,0,67.48,1604.1,71.9,1,4,2,No,18,1214.64,0,Loyal Steady,29.5,Medium,Standard
CUST203027,44,Month-to-Month,Basic,Bank Transfer,1,29.83,1242.67,35.9,1,3,2,No,18,536.94,2,Low Engagement,18.2,Low,Standard
CUST203028,68,One Year,Basic,Bank Transfer,1,26.76,1708.0,26.0,0,4,1,No,34,909.84,2,Low Engagement,2.0,Low,Standard
CUST203029,8,Month-to-Month,Standard,Credit Card,1,52.23,400.13,77.2,1,4,2,No,18,940.14,0,Loyal Steady,32.5,Medium,Standard
CUST203030,30,One Year,Premium,Digital Wallet,1,88.67,2637.93,67.1,3,2,5,Yes,34,3014.78,1,Champions,25.5,Medium,Standard
CUST203031,43,One Year,Premium,Digital Wallet,1,99.4,4005.05,86.5,1,3,1,No,34,3379.6,1,Champions,13.9,Low,Standard
CUST203032,44,Two Year,Premium,Bank Transfer,1,94.64,3861.54,105.6,4,2,0,Yes,52,4921.28,1,Champions,36.3,Medium,Standard
CUST203033,46,Month-to-Month,Standard,Bank Transfer,1,56.38,2460.86,33.3,1,4,6,No,18,1014.84,2,Low Engagement,8.1,Low,Standard
CUST203034,45,Month-to-Month,Premium,Mailed Check,0,95.88,3983.23,56.8,3,3,0,Yes,18,1725.84,1,Champions,63.7,Very High,Standard
CUST203035,31,Month-to-Month,Standard,Bank Transfer,1,56.07,1678.36,58.9,1,3,1,No,18,1009.26,3,At Risk,33.6,Medium,Standard
CUST203036,32,One Year,Basic,Credit Card,1,24.06,714.37,30.7,1,3,4,No,34,818.04,3,At Risk,6.6,Low,Standard
CUST203037,19,Month-to-Month,Standard,Bank Transfer,1,54.38,986.3,64.8,3,3,0,Yes,18,978.84,3,At Risk,59.5,High,Standard
CUST203038,35,One Year,Basic,Credit Card,1,21.87,742.51,30.5,1,4,1,No,34,743.58,0,Loyal Steady,6.2,Low,Standard
CUST203039,55,One Year,Premium,Credit Card,1,98.25,5246.65,104.2,1,3,1,No,34,3340.5,1,Champions,10.5,Low,Standard
CUST203040,19,Month-to-Month,Standard,Credit Card,0,53.88,973.38,56.1,2,4,1,Yes,18,969.84,0,Loyal Steady,42.8,Medium,Standard
CUST203041,25,One Year,Premium,Credit Card,1,94.53,2348.75,77.9,1,3,2,Yes,34,3214.02,1,Champions,17.2,Low,Standard
CUST203042,13,Month-to-Month,Basic,Credit Card,1,24.01,304.84,16.0,0,4,0,No,18,432.18,0,Loyal Steady,23.5,Low,Standard
CUST203043,13,One Year,Premium,Bank Transfer,1,105.04,1354.17,69.7,1,4,1,No,34,3571.36,1,Champions,16.2,Low,Standard
CUST203044,15,Month-to-Month,Standard,Bank Transfer,1,58.9,871.07,57.4,2,5,2,No,18,1060.2,0,Loyal Steady,23.8,Low,Standard
CUST203045,9,Two Year,Premium,Digital Wallet,0,99.03,849.22,88.2,1,4,1,No,52,5149.56,1,Champions,19.5,Low,Standard
CUST203046,39,Month-to-Month,Standard,Credit Card,0,70.3,2702.4,58.6,2,2,1,Yes,18,1265.4,3,At Risk,54.4,High,Standard
CUST203047,68,Month-to-Month,Standard,Credit Card,1,52.79,3570.43,69.5,1,5,0,Yes,18,950.22,2,Low Engagement,8.1,Low,Standard
CUST203048,13,Month-to-Month,Standard,Credit Card,0,51.71,643.35,73.9,0,4,2,No,18,930.78,0,Loyal Steady,29.7,Medium,Standard
CUST203049,26,Month-to-Month,Basic,Credit Card,1,25.95,649.08,27.7,1,4,0,Yes,18,467.1,0,Loyal Steady,22.9,Low,Standard
CUST203050,72,Month-to-Month,Standard,Digital Wallet,0,50.11,3507.92,48.6,2,3,2,No,18,901.98,2,Low Engagement,22.1,Low,Standard
CUST203051,6,Two Year,Premium,Bank Transfer,1,98.47,586.61,101.9,2,2,2,Yes,52,5120.44,1,Champions,37.2,Medium,Standard
CUST203052,16,One Year,Standard,Bank Transfer,1,47.19,702.52,57.6,0,3,1,No,34,1604.46,3,At Risk,15.5,Low,Standard
CUST203053,11,Month-to-Month,Standard,Digital Wallet,1,54.46,585.06,57.7,2,2,2,Yes,18,980.28,3,At Risk,62.4,High,Standard
CUST203054,64,One Year,Basic,Credit Card,1,21.1,1263.45,25.6,1,3,1,No,34,717.4,2,Low Engagement,4.9,Low,Standard
CUST203055,15,Two Year,Standard,Credit Card,0,51.91,768.81,40.7,5,2,2,No,52,2699.32,3,At Risk,53.5,High,Priority Save
CUST203056,72,One Year,Basic,Bank Transfer,1,15.0,1033.32,5.1,3,3,0,No,34,510.0,2,Low Engagement,8.1,Low,Standard
CUST203057,24,Month-to-Month,Standard,Credit Card,1,49.57,1117.56,50.9,2,3,0,No,18,892.26,3,At Risk,49.2,High,Standard
CUST203058,15,One Year,Standard,Credit Card,1,59.82,883.84,38.1,0,5,0,No,34,2033.88,0,Loyal Steady,7.2,Low,Standard
CUST203059,61,One Year,Premium,Mailed Check,0,101.39,6180.27,93.5,1,1,1,No,34,3447.26,1,Champions,33.5,Medium,Standard
CUST203060,22,One Year,Premium,Credit Card,0,89.96,1898.3,96.8,2,4,2,Yes,34,3058.64,1,Champions,20.0,Low,Standard
CUST203061,59,Month-to-Month,Standard,Mailed Check,1,43.03,2472.61,39.9,2,4,0,Yes,18,774.54,2,Low Engagement,25.2,Medium,Standard
CUST203062,72,Month-to-Month,Premium,Digital Wallet,1,94.36,6350.05,99.8,5,2,0,Yes,18,1698.48,1,Champions,60.6,High,Standard
CUST203063,30,Month-to-Month,Standard,Credit Card,1,62.39,1780.2,44.6,1,3,0,No,18,1123.02,3,At Risk,37.5,Medium,Standard
CUST203064,18,Month-to-Month,Premium,Credit Card,1,87.01,1517.64,102.6,0,4,1,Yes,18,1566.18,1,Champions,30.0,Medium,Standard
CUST203065,16,Two Year,Basic,Credit Card,1,29.96,471.71,19.5,3,4,1,No,52,1557.92,0,Loyal Steady,12.7,Low,Standard
CUST203066,72,Month-to-Month,Standard,Bank Transfer,0,53.08,3743.77,40.9,2,3,1,No,18,955.44,2,Low Engagement,23.9,Low,Standard
CUST203067,13,Two Year,Standard,Mailed Check,1,58.05,720.58,50.0,2,4,0,Yes,52,3018.6,0,Loyal Steady,21.2,Low,Standard
CUST203068,11,Month-to-Month,Standard,Bank Transfer,1,53.41,585.18,73.7,1,3,2,Yes,18,961.38,3,At Risk,42.2,Medium,Standard
CUST203069,43,Month-to-Month,Basic,Digital Wallet,1,19.05,790.01,31.9,1,4,3,No,18,342.9,2,Low Engagement,11.1,Low,Standard
CUST203070,72,Month-to-Month,Standard,Bank Transfer,0,51.83,3636.67,44.3,0,4,0,No,18,932.94,2,Low Engagement,11.2,Low,Standard
CUST203071,59,Two Year,Premium,Digital Wallet,1,95.41,5619.26,92.8,2,4,1,No,52,4961.32,1,Champions,6.5,Low,Standard
CUST203072,24,Two Year,Premium,Credit Card,0,80.28,1880.2,101.3,2,3,0,Yes,52,4174.56,1,Champions,30.6,Medium,Standard
CUST203073,33,Month-to-Month,Basic,Bank Transfer,0,33.49,1056.14,47.4,0,4,1,No,18,602.82,0,Loyal Steady,17.4,Low,Standard
CUST203074,9,Month-to-Month,Standard,Credit Card,1,54.05,473.57,54.4,2,4,2,No,18,972.9,0,Loyal Steady,37.9,Medium,Standard
CUST203075,9,Month-to-Month,Basic,Digital Wallet,1,22.39,190.54,19.6,1,4,2,No,18,403.02,0,Loyal Steady,25.5,Medium,Standard
CUST203076,46,Month-to-Month,Standard,Credit Card,1,59.03,2538.61,64.7,1,3,1,No,18,1062.54,2,Low Engagement,25.8,Medium,Standard
CUST203077,72,Two Year,Standard,Credit Card,0,52.73,3613.83,36.6,1,5,1,No,52,2741.96,2,Low Engagement,2.1,Low,Standard
CUST203078,8,One Year,Basic,Digital Wallet,1,21.49,171.37,35.5,3,2,2,No,34,730.66,3,At Risk,36.2,Medium,Standard
CUST203079,19,Month-to-Month,Premium,Credit Card,1,95.65,1812.35,79.3,0,4,0,Yes,18,1721.7,1,Champions,32.0,Medium,Standard
CUST203080,10,One Year,Basic,Digital Wallet,1,28.01,261.93,8.8,2,4,2,No,34,952.34,0,Loyal Steady,12.3,Low,Standard
CUST203081,32,One Year,Basic,Mailed Check,0,15.0,467.37,13.6,1,4,2,No,34,510.0,0,Loyal Steady,10.0,Low,Standard
CUST203082,36,Two Year,Standard,Bank Transfer,1,54.97,1959.47,40.9,0,3,1,No,52,2858.44,3,At Risk,7.7,Low,Standard
CUST203083,22,Two Year,Standard,Bank Transfer,0,47.36,961.65,61.6,2,3,1,Yes,52,2462.72,3,At Risk,22.8,Low,Standard
CUST203084,25,Month-to-Month,Basic,Bank Transfer,1,23.61,579.99,36.8,1,5,1,No,18,424.98,0,Loyal Steady,13.6,Low,Standard
CUST203085,34,One Year,Standard,Digital Wallet,1,46.33,1473.33,38.0,2,4,0,No,34,1575.22,0,Loyal Steady,13.2,Low,Standard
CUST203086,16,Two Year,Basic,Credit Card,1,30.31,470.68,26.2,1,5,0,No,52,1576.12,0,Loyal Steady,5.5,Low,Standard
CUST203087,30,Month-to-Month,Standard,Mailed Check,0,55.76,1614.65,42.9,3,5,1,Yes,18,1003.68,0,Loyal Steady,38.6,Medium,Standard
CUST203088,16,One Year,Premium,Digital Wallet,0,103.03,1617.65,87.1,2,3,1,No,34,3503.02,1,Champions,36.2,Medium,Standard
CUST203089,4,Month-to-Month,Premium,Digital Wallet,1,94.5,350.62,112.7,1,4,3,Yes,18,1701.0,1,Champions,37.8,Medium,Standard
CUST203090,72,Month-to-Month,Premium,Digital Wallet,1,88.67,6127.54,78.5,1,3,1,No,18,1596.06,2,Low Engagement,19.5,Low,Standard
CUST203091,72,Month-to-Month,Standard,Bank Transfer,1,55.52,3816.45,45.8,2,3,0,No,18,999.36,2,Low Engagement,21.8,Low,Standard
CUST203092,21,Month-to-Month,Premium,Digital Wallet,1,88.17,1766.54,86.3,2,3,1,Yes,18,1587.06,1,Champions,54.5,High,Standard
CUST203093,34,Month-to-Month,Basic,Digital Wallet,0,20.0,640.45,15.3,2,4,1,No,18,360.0,0,Loyal Steady,27.6,Medium,Standard
CUST203094,7,Month-to-Month,Premium,Credit Card,0,100.32,694.86,78.6,2,4,3,Yes,18,1805.76,1,Champions,47.7,High,Standard
CUST203095,22,One Year,Standard,Credit Card,0,61.27,1242.43,55.6,1,4,1,Yes,34,2083.18,0,Loyal Steady,14.1,Low,Standard
CUST203096,22,One Year,Standard,Digital Wallet,1,44.42,969.84,31.5,0,3,1,No,34,1510.28,3,At Risk,13.8,Low,Standard
CUST203097,44,One Year,Premium,Digital Wallet,0,94.86,3925.55,98.8,2,3,1,Yes,34,3225.24,1,Champions,22.4,Low,Standard
CUST203098,32,One Year,Standard,Digital Wallet,1,46.96,1488.57,58.2,1,4,0,No,34,1596.64,0,Loyal Steady,10.9,Low,Standard
CUST203099,34,One Year,Standard,Digital Wallet,0,68.02,2259.31,75.5,3,4,2,No,34,2312.68,1,Champions,16.2,Low,Standard
CUST203100,15,Month-to-Month,Standard,Credit Card,0,56.88,812.66,71.9,1,4,2,Yes,18,1023.84,0,Loyal Steady,34.6,Medium,Standard
CUST203101,16,One Year,Basic,Mailed Check,1,20.74,317.39,26.4,1,2,2,Yes,34,705.16,3,At Risk,25.6,Medium,Standard
CUST203102,25,One Year,Basic,Digital Wallet,1,43.52,1039.87,20.7,6,3,2,Yes,34,1479.68,3,At Risk,33.3,Medium,Standard
CUST203103,37,Two Year,Standard,Mailed Check,0,67.83,2465.75,81.8,0,5,1,No,52,3527.16,0,Loyal Steady,5.4,Low,Standard
CUST203104,35,Month-to-Month,Basic,Mailed Check,1,18.51,605.63,21.9,2,3,0,No,18,333.18,3,At Risk,42.6,Medium,Standard
CUST203105,7,Two Year,Basic,Credit Card,1,26.84,183.5,55.0,3,4,3,No,52,1395.68,0,Loyal Steady,12.0,Low,Standard
CUST203106,29,Month-to-Month,Standard,Bank Transfer,0,51.79,1410.29,50.5,0,5,0,No,18,932.22,0,Loyal Steady,18.6,Low,Standard
CUST203107,20,Month-to-Month,Standard,Credit Card,1,51.3,958.59,46.6,1,4,0,No,18,923.4,0,Loyal Steady,32.4,Medium,Standard
CUST203108,2,One Year,Standard,Digital Wallet,1,48.03,89.08,66.1,0,4,0,No,34,1633.02,0,Loyal Steady,16.5,Low,Standard
CUST203109,22,Month-to-Month,Premium,Bank Transfer,0,106.69,2342.83,108.1,1,4,0,Yes,18,1920.42,1,Champions,43.8,High,Priority Save
CUST203110,31,Two Year,Premium,Credit Card,0,95.51,2920.4,95.7,1,2,2,No,52,4966.52,1,Champions,23.9,Low,Standard
CUST203111,31,Month-to-Month,Standard,Mailed Check,0,64.21,1861.68,35.2,5,3,2,Yes,18,1155.78,3,At Risk,71.2,Very High,Standard
CUST203112,32,Month-to-Month,Standard,Credit Card,1,55.78,1667.62,63.2,3,3,2,Yes,18,1004.04,3,At Risk,43.1,Medium,Standard
CUST203113,17,Two Year,Standard,Bank Transfer,1,48.57,770.35,45.1,0,5,0,No,52,2525.64,0,Loyal Steady,5.6,Low,Standard
CUST203114,72,One Year,Basic,Credit Card,0,21.34,1415.49,29.7,3,4,3,No,34,725.56,2,Low Engagement,4.2,Low,Standard
CUST203115,25,Month-to-Month,Basic,Digital Wallet,0,27.77,661.85,22.5,1,3,1,No,18,499.86,3,At Risk,37.0,Medium,Standard
CUST203116,48,Two Year,Standard,Credit Card,1,59.02,2788.18,37.4,0,5,1,No,52,3069.04,0,Loyal Steady,2.2,Low,Standard
CUST203117,13,Month-to-Month,Basic,Bank Transfer,1,18.78,232.49,7.8,7,3,0,Yes,18,338.04,3,At Risk,79.5,Very High,Standard
CUST203118,72,One Year,Standard,Bank Transfer,0,51.89,3640.46,60.7,1,3,0,No,34,1764.26,2,Low Engagement,8.4,Low,Standard
CUST203119,8,Two Year,Basic,Bank Transfer,1,24.27,186.57,26.1,3,4,2,No,52,1262.04,0,Loyal Steady,13.2,Low,Standard
CUST203120,15,Two Year,Standard,Bank Transfer,0,53.85,750.04,79.2,3,3,0,No,52,2800.2,3,At Risk,36.0,Medium,Standard
CUST203121,49,Month-to-Month,Standard,Bank Transfer,1,48.24,2282.05,66.2,1,4,0,No,18,868.32,2,Low Engagement,19.0,Low,Standard
CUST203122,10,Two Year,Standard,Credit Card,1,62.64,599.9,67.6,2,3,2,No,52,3257.28,3,At Risk,19.9,Low,Standard
CUST203123,11,One Year,Standard,Mailed Check,1,68.27,699.82,57.2,1,3,0,Yes,34,2321.18,3,At Risk,30.6,Medium,Standard
CUST203124,31,Month-to-Month,Basic,Credit Card,0,27.97,823.84,2.0,1,4,1,No,18,503.46,0,Loyal Steady,22.2,Low,Standard
CUST203125,42,Two Year,Basic,Bank Transfer,0,23.84,935.96,22.8,1,4,1,Yes,52,1239.68,2,Low Engagement,5.3,Low,Standard
CUST203126,26,One Year,Standard,Credit Card,0,60.92,1548.51,55.9,3,3,1,No,34,2071.28,3,At Risk,30.6,Medium,Standard
CUST203127,39,Month-to-Month,Standard,Digital Wallet,1,44.36,1637.51,64.5,2,2,0,Yes,18,798.48,3,At Risk,54.0,High,Standard
CUST203128,52,Month-to-Month,Premium,Digital Wallet,1,86.77,4190.3,107.2,2,3,0,No,18,1561.86,1,Champions,39.8,Medium,Standard
CUST203129,7,Month-to-Month,Basic,Credit Card,0,20.89,143.81,8.6,4,5,3,No,18,376.02,0,Loyal Steady,35.8,Medium,Standard
CUST203130,22,One Year,Basic,Bank Transfer,0,17.74,364.67,47.9,0,3,1,Yes,34,603.16,3,At Risk,13.4,Low,Standard
CUST203131,11,One Year,Standard,Digital Wallet,1,49.95,520.15,83.7,0,5,3,No,34,1698.3,0,Loyal Steady,5.5,Low,Standard
CUST203132,24,Month-to-Month,Standard,Credit Card,0,61.09,1363.38,78.3,2,2,0,Yes,18,1099.62,3,At Risk,68.3,Very High,Standard
CUST203133,29,Month-to-Month,Basic,Credit Card,1,37.3,1009.27,16.7,2,2,2,Yes,18,671.4,3,At Risk,41.1,Medium,Standard
CUST203134,13,Month-to-Month,Standard,Credit Card,1,63.55,787.43,32.2,2,3,3,Yes,18,1143.9,3,At Risk,42.4,Medium,Standard
CUST203135,49,Two Year,Premium,Bank Transfer,0,98.73,4484.82,109.5,1,4,0,No,52,5133.96,1,Champions,9.2,Low,Standard
CUST203136,10,Month-to-Month,Premium,Bank Transfer,0,89.03,863.21,112.8,1,3,2,Yes,18,1602.54,1,Champions,56.8,High,Standard
CUST203137,38,One Year,Standard,Digital Wallet,1,53.67,2005.52,60.4,0,4,0,No,34,1824.78,0,Loyal Steady,7.2,Low,Standard
CUST203138,21,One Year,Standard,Mailed Check,1,53.2,1076.88,57.8,0,3,0,No,34,1808.8,3,At Risk,20.9,Low,Standard
CUST203139,7,One Year,Standard,Mailed Check,1,68.32,441.14,47.4,2,4,1,Yes,34,2322.88,0,Loyal Steady,24.8,Medium,Standard
CUST203140,42,Month-to-Month,Standard,Credit Card,0,60.04,2368.03,45.9,2,3,0,Yes,18,1080.72,2,Low Engagement,44.3,High,Standard
CUST203141,45,Month-to-Month,Standard,Bank Transfer,1,54.29,2363.49,58.9,2,3,1,No,18,977.22,2,Low Engagement,32.3,Medium,Standard
CUST203142,34,Month-to-Month,Premium,Bank Transfer,1,95.25,3002.7,86.9,2,5,2,No,18,1714.5,1,Champions,20.0,Low,Standard
CUST203143,4,Month-to-Month,Premium,Digital Wallet,1,94.16,361.16,91.2,1,2,2,Yes,18,1694.88,1,Champions,65.7,Very High,Standard
CUST203144,5,One Year,Premium,Mailed Check,1,94.9,473.77,79.2,1,4,0,No,34,3226.6,1,Champions,29.0,Medium,Standard
CUST203145,21,Month-to-Month,Premium,Digital Wallet,1,93.1,1814.31,121.1,4,2,1,Yes,18,1675.8,1,Champions,78.5,Very High,Standard
CUST203146,34,Month-to-Month,Basic,Digital Wallet,0,24.59,816.83,13.8,2,3,0,Yes,18,442.62,3,At Risk,42.5,Medium,Standard
CUST203147,27,Month-to-Month,Basic,Digital Wallet,1,25.38,641.75,4.4,1,5,3,No,18,456.84,0,Loyal Steady,9.7,Low,Standard
CUST203148,38,Month-to-Month,Basic,Bank Transfer,1,40.52,1521.24,28.4,2,3,1,Yes,18,729.36,3,At Risk,28.4,Medium,Standard
CUST203149,37,Month-to-Month,Basic,Credit Card,1,20.49,742.5,17.9,0,5,1,Yes,18,368.82,0,Loyal Steady,7.9,Low,Standard
CUST203150,13,Two Year,Premium,Mailed Check,1,104.19,1303.89,85.0,0,5,2,No,52,5417.88,1,Champions,7.7,Low,Standard
CUST203151,18,Month-to-Month,Premium,Credit Card,0,91.44,1530.06,97.7,0,3,2,Yes,18,1645.92,1,Champions,44.0,High,Standard
CUST203152,22,Month-to-Month,Basic,Bank Transfer,1,43.72,900.79,35.7,1,4,0,No,18,786.96,0,Loyal Steady,24.1,Low,Standard
CUST203153,11,One Year,Premium,Mailed Check,1,101.38,1090.61,89.7,0,3,0,No,34,3446.92,1,Champions,30.2,Medium,Standard
CUST203154,24,Month-to-Month,Standard,Credit Card,1,57.48,1271.25,53.7,0,3,0,No,18,1034.64,3,At Risk,34.8,Medium,Standard
CUST203155,24,Month-to-Month,Standard,Bank Transfer,1,52.45,1214.63,28.2,1,5,0,No,18,944.1,0,Loyal Steady,20.3,Low,Standard
CUST203156,15,Month-to-Month,Standard,Mailed Check,1,52.5,749.07,75.9,0,5,1,No,18,945.0,0,Loyal Steady,23.1,Low,Standard
CUST203157,4,Two Year,Premium,Credit Card,0,95.65,375.01,86.7,0,4,1,No,52,4973.8,1,Champions,16.6,Low,Standard
CUST203158,72,Month-to-Month,Standard,Credit Card,1,46.3,3230.72,86.3,3,3,0,No,18,833.4,2,Low Engagement,28.7,Medium,Standard
CUST203159,64,Month-to-Month,Basic,Credit Card,1,35.01,2085.89,6.6,2,4,1,No,18,630.18,2,Low Engagement,10.9,Low,Standard
CUST203160,23,One Year,Standard,Credit Card,0,48.47,1086.87,58.3,2,4,0,Yes,34,1647.98,0,Loyal Steady,20.8,Low,Standard
CUST203161,26,Month-to-Month,Basic,Mailed Check,1,28.63,695.21,25.2,3,3,1,Yes,18,515.34,3,At Risk,50.9,High,Standard
CUST203162,37,Month-to-Month,Standard,Bank Transfer,1,63.93,2309.45,38.4,3,3,0,No,18,1150.74,3,At Risk,46.9,High,Standard
CUST203163,72,Month-to-Month,Standard,Credit Card,1,46.74,3321.22,70.1,4,1,1,Yes,18,841.32,2,Low Engagement,55.0,High,Standard
CUST203164,11,Two Year,Standard,Credit Card,1,50.31,518.43,44.5,0,3,3,No,52,2616.12,3,At Risk,10.3,Low,Standard
CUST203165,18,Two Year,Standard,Digital Wallet,1,49.86,884.11,73.4,2,3,2,Yes,52,2592.72,3,At Risk,18.0,Low,Standard
CUST203166,27,Two Year,Premium,Digital Wallet,1,103.14,2682.3,108.1,6,2,1,Yes,52,5363.28,1,Champions,57.9,High,Priority Save
CUST203167,18,Month-to-Month,Standard,Mailed Check,1,60.23,1074.23,65.1,1,3,0,Yes,18,1084.14,3,At Risk,54.0,High,Standard
CUST203168,4,Two Year,Basic,Credit Card,1,25.81,96.78,46.3,2,3,1,No,52,1342.12,3,At Risk,20.2,Low,Standard
CUST203169,39,Month-to-Month,Standard,Bank Transfer,1,58.74,2232.61,21.0,2,4,0,No,18,1057.32,0,Loyal Steady,27.3,Medium,Standard
CUST203170,31,Month-to-Month,Premium,Credit Card,0,88.36,2613.9,92.7,2,3,0,Yes,18,1590.48,1,Champions,58.6,High,Standard
CUST203171,34,One Year,Standard,Credit Card,0,53.74,1753.01,71.5,2,3,2,No,34,1827.16,3,At Risk,19.1,Low,Standard
CUST203172,48,Month-to-Month,Premium,Credit Card,1,94.55,4368.94,112.6,0,5,3,No,18,1701.9,1,Champions,7.9,Low,Standard
CUST203173,23,Two Year,Standard,Credit Card,1,63.58,1398.74,47.7,2,5,1,No,52,3306.16,0,Loyal Steady,7.0,Low,Standard
CUST203174,72,One Year,Premium,Mailed Check,1,86.69,5856.73,104.8,0,3,0,No,34,2947.46,1,Champions,8.8,Low,Standard
CUST203175,12,Month-to-Month,Premium,Bank Transfer,1,90.79,1050.67,72.8,1,4,1,Yes,18,1634.22,1,Champions,38.8,Medium,Standard
CUST203176,25,One Year,Basic,Digital Wallet,1,25.82,607.49,23.8,3,4,3,No,34,877.88,0,Loyal Steady,10.0,Low,Standard
CUST203177,8,One Year,Premium,Bank Transfer,1,97.25,734.3,106.7,0,2,0,Yes,34,3306.5,1,Champions,36.1,Medium,Standard
CUST203178,13,Month-to-Month,Standard,Credit Card,1,51.58,624.97,32.9,3,3,1,Yes,18,928.44,3,At Risk,58.6,High,Standard
CUST203179,23,Month-to-Month,Basic,Bank Transfer,1,25.44,544.34,23.7,0,5,1,No,18,457.92,0,Loyal Steady,10.8,Low,Standard
CUST203180,20,Month-to-Month,Premium,Bank Transfer,1,93.5,1794.37,108.8,0,3,0,No,18,1683.0,1,Champions,44.0,High,Standard
CUST203181,5,Two Year,Standard,Digital Wallet,1,53.97,263.42,56.5,1,4,0,Yes,52,2806.44,0,Loyal Steady,15.7,Low,Standard
CUST203182,48,Two Year,Standard,Digital Wallet,0,51.25,2402.42,55.7,3,3,1,No,52,2665.0,2,Low Engagement,17.4,Low,Standard
CUST203183,9,Month-to-Month,Premium,Digital Wallet,1,95.45,806.22,95.0,1,4,0,No,18,1718.1,1,Champions,46.3,High,Standard
CUST203184,46,Two Year,Premium,Credit Card,0,94.65,4285.99,96.9,0,3,1,No,52,4921.8,1,Champions,10.3,Low,Standard
CUST203185,30,Month-to-Month,Premium,Credit Card,1,96.12,2797.71,83.3,2,3,1,No,18,1730.16,1,Champions,47.2,High,Standard
CUST203186,72,Month-to-Month,Premium,Bank Transfer,1,103.63,7434.97,103.6,1,4,1,No,18,1865.34,1,Champions,12.2,Low,Standard
CUST203187,47,Month-to-Month,Basic,Bank Transfer,1,30.07,1372.74,19.1,2,4,5,No,18,541.26,2,Low Engagement,9.0,Low,Standard
CUST203188,31,Month-to-Month,Basic,Mailed Check,1,27.09,826.87,39.3,0,4,2,No,18,487.62,0,Loyal Steady,16.6,Low,Standard
CUST203189,21,Two Year,Standard,Credit Card,0,57.16,1116.56,84.7,0,3,1,No,52,2972.32,3,At Risk,14.6,Low,Standard
CUST203190,16,One Year,Standard,Digital Wallet,0,59.43,897.18,34.4,2,3,0,No,34,2020.62,3,At Risk,33.9,Medium,Standard
CUST203191,24,Month-to-Month,Basic,Bank Transfer,1,31.8,721.26,39.9,1,3,2,No,18,572.4,3,At Risk,27.0,Medium,Standard
CUST203192,33,Month-to-Month,Standard,Digital Wallet,1,61.98,2037.95,50.5,1,3,2,No,18,1115.64,3,At Risk,29.4,Medium,Standard
CUST203193,5,One Year,Standard,Credit Card,1,55.93,267.33,81.0,3,4,1,No,34,1901.62,0,Loyal Steady,26.2,Medium,Standard
CUST203194,18,Month-to-Month,Premium,Bank Transfer,1,87.62,1515.02,103.1,4,3,0,Yes,18,1577.16,1,Champions,72.7,Very High,Standard
CUST203195,15,One Year,Premium,Bank Transfer,1,87.04,1266.42,100.3,2,2,1,No,34,2959.36,1,Champions,42.1,Medium,Standard
CUST203196,16,One Year,Premium,Mailed Check,0,94.98,1511.41,100.1,2,4,0,No,34,3229.32,1,Champions,36.1,Medium,Standard
CUST203197,10,One Year,Standard,Credit Card,0,50.72,486.35,34.7,2,3,0,Yes,34,1724.48,3,At Risk,36.9,Medium,Standard
CUST203198,2,One Year,Standard,Digital Wallet,1,57.78,110.01,35.4,1,5,1,No,34,1964.52,0,Loyal Steady,11.3,Low,Standard
CUST203199,35,One Year,Basic,Credit Card,1,33.88,1116.27,6.3,1,2,2,No,34,1151.92,3,At Risk,12.6,Low,Standard
CUST203200,47,Month-to-Month,Standard,Mailed Check,0,59.03,2764.53,48.4,0,3,1,Yes,18,1062.54,2,Low Engagement,31.7,Medium,Standard
CUST203201,13,One Year,Premium,Bank Transfer,1,95.03,1228.51,99.5,3,2,1,Yes,34,3231.02,1,Champions,50.1,High,Priority Save
CUST203202,71,One Year,Basic,Digital Wallet,1,18.05,1227.14,19.3,3,4,2,No,34,613.7,2,Low Engagement,4.0,Low,Standard
CUST203203,19,One Year,Standard,Credit Card,0,57.12,1066.45,62.6,3,2,0,No,34,1942.08,3,At Risk,51.2,High,Priority Save
CUST203204,15,Month-to-Month,Standard,Mailed Check,0,46.32,646.69,28.2,0,5,1,Yes,18,833.76,0,Loyal Steady,27.8,Medium,Standard
CUST203205,31,Month-to-Month,Premium,Mailed Check,1,97.11,2961.19,117.2,3,2,0,No,18,1747.98,1,Champions,76.9,Very High,Standard
CUST203206,38,One Year,Standard,Credit Card,1,57.35,2119.3,51.0,4,3,0,No,34,1949.9,3,At Risk,27.9,Medium,Standard
CUST203207,22,One Year,Basic,Digital Wallet,1,32.44,686.8,40.3,1,5,1,No,34,1102.96,0,Loyal Steady,5.4,Low,Standard
CUST203208,31,Month-to-Month,Standard,Bank Transfer,0,71.39,2145.04,67.6,4,3,1,No,18,1285.02,1,Champions,61.3,High,Standard
CUST203209,21,One Year,Standard,Mailed Check,1,56.44,1102.58,70.7,2,3,1,Yes,34,1918.96,3,At Risk,28.8,Medium,Standard
CUST203210,16,Month-to-Month,Standard,Credit Card,1,71.31,1113.93,51.4,1,3,1,Yes,18,1283.58,3,At Risk,41.7,Medium,Standard
CUST203211,41,Month-to-Month,Standard,Digital Wallet,1,61.41,2337.63,41.5,1,5,1,No,18,1105.38,0,Loyal Steady,12.7,Low,Standard
CUST203212,18,One Year,Standard,Credit Card,1,51.41,917.18,83.6,0,5,3,No,34,1747.94,0,Loyal Steady,4.5,Low,Standard
CUST203213,16,Two Year,Standard,Bank Transfer,1,56.62,893.93,53.0,3,2,0,Yes,52,2944.24,3,At Risk,39.5,Medium,Standard
CUST203214,42,Month-to-Month,Standard,Digital Wallet,0,57.59,2382.02,54.3,4,4,1,Yes,18,1036.62,0,Loyal Steady,43.5,Medium,Standard
CUST203215,34,Month-to-Month,Standard,Credit Card,0,48.18,1575.18,41.8,2,2,2,No,18,867.24,3,At Risk,54.1,High,Standard
CUST203216,43,Month-to-Month,Standard,Credit Card,0,54.74,2212.22,45.6,1,3,2,Yes,18,985.32,2,Low Engagement,29.5,Medium,Standard
CUST203217,49,One Year,Standard,Mailed Check,1,55.94,2668.59,43.1,1,2,2,Yes,34,1901.96,2,Low Engagement,16.7,Low,Standard
CUST203218,25,Month-to-Month,Basic,Digital Wallet,1,34.45,852.32,14.2,0,2,1,Yes,18,620.1,3,At Risk,34.7,Medium,Standard
CUST203219,13,Month-to-Month,Standard,Bank Transfer,1,47.66,606.14,75.9,2,3,1,No,18,857.88,3,At Risk,52.7,High,Standard
CUST203220,9,One Year,Basic,Credit Card,0,27.54,229.29,36.4,2,3,1,Yes,34,936.36,3,At Risk,27.2,Medium,Standard
CUST203221,48,Month-to-Month,Standard,Credit Card,1,47.72,2241.74,52.6,1,5,1,No,18,858.96,0,Loyal Steady,10.9,Low,Standard
CUST203222,28,Two Year,Standard,Credit Card,1,53.15,1428.25,76.1,1,4,1,No,52,2763.8,0,Loyal Steady,8.0,Low,Standard
CUST203223,35,One Year,Basic,Bank Transfer,1,33.47,1103.77,10.3,3,4,2,Yes,34,1137.98,0,Loyal Steady,8.6,Low,Standard
CUST203224,11,Two Year,Premium,Digital Wallet,0,93.67,1017.02,98.2,1,4,1,Yes,52,4870.84,1,Champions,19.1,Low,Standard
CUST203225,19,Two Year,Basic,Credit Card,1,26.62,489.99,36.1,0,3,3,No,52,1384.24,3,At Risk,6.4,Low,Standard
CUST203226,72,One Year,Standard,Credit Card,1,57.49,4117.89,91.1,1,5,0,No,34,1954.66,2,Low Engagement,2.5,Low,Standard
CUST203227,11,Month-to-Month,Standard,Bank Transfer,1,48.44,492.05,44.2,3,5,0,No,18,871.92,0,Loyal Steady,39.4,Medium,Standard
CUST203228,72,One Year,Basic,Mailed Check,0,29.23,1966.57,5.0,2,3,0,No,34,993.82,2,Low Engagement,10.7,Low,Standard
CUST203229,35,One Year,Premium,Credit Card,1,99.02,3298.14,80.1,2,2,2,No,34,3366.68,1,Champions,26.1,Medium,Standard
CUST203230,40,Month-to-Month,Basic,Digital Wallet,1,23.47,932.3,24.3,0,5,2,No,18,422.46,0,Loyal Steady,6.6,Low,Standard
CUST203231,27,One Year,Basic,Credit Card,1,35.31,895.43,2.0,2,2,1,No,34,1200.54,3,At Risk,21.7,Low,Standard
CUST203232,52,Month-to-Month,Standard,Digital Wallet,1,68.49,3352.71,63.6,0,3,2,No,18,1232.82,2,Low Engagement,16.1,Low,Standard
CUST203233,18,Two Year,Standard,Bank Transfer,1,63.25,1092.27,61.7,2,4,0,No,52,3289.0,0,Loyal Steady,14.4,Low,Standard
CUST203234,13,One Year,Standard,Bank Transfer,0,59.3,716.22,42.3,2,4,0,No,34,2016.2,0,Loyal Steady,24.3,Low,Standard
CUST203235,10,Two Year,Premium,Bank Transfer,1,88.18,828.37,86.5,0,3,1,No,52,4585.36,1,Champions,17.6,Low,Standard
CUST203236,39,Two Year,Standard,Bank Transfer,0,49.45,1844.19,29.8,2,4,1,No,52,2571.4,0,Loyal Steady,10.0,Low,Standard
CUST203237,67,One Year,Premium,Credit Card,1,98.58,6204.22,113.8,0,4,2,No,34,3351.72,1,Champions,3.2,Low,Standard
CUST203238,11,Two Year,Basic,Credit Card,1,28.32,290.58,19.1,1,3,2,No,52,1472.64,3,At Risk,11.4,Low,Standard
CUST203239,49,One Year,Standard,Credit Card,0,63.27,3094.46,56.9,1,4,0,No,34,2151.18,2,Low Engagement,8.9,Low,Standard
CUST203240,60,Month-to-Month,Standard,Credit Card,1,61.88,3521.84,61.9,0,4,1,No,18,1113.84,2,Low Engagement,9.8,Low,Standard
CUST203241,17,Two Year,Standard,Bank Transfer,0,61.11,974.54,53.7,0,3,1,No,52,3177.72,3,At Risk,15.2,Low,Standard
CUST203242,42,One Year,Standard,Mailed Check,1,55.06,2273.3,44.8,1,4,0,No,34,1872.04,0,Loyal Steady,11.0,Low,Standard
CUST203243,47,One Year,Standard,Credit Card,0,59.47,2732.9,50.2,2,4,2,No,34,2021.98,2,Low Engagement,9.0,Low,Standard
CUST203244,31,Two Year,Basic,Credit Card,0,26.8,825.85,33.7,1,3,2,No,52,1393.6,3,At Risk,9.6,Low,Standard
CUST203245,29,One Year,Basic,Digital Wallet,0,26.47,755.75,24.4,1,3,0,No,34,899.98,3,At Risk,17.0,Low,Standard
CUST203246,26,Month-to-Month,Standard,Credit Card,0,57.29,1460.39,79.8,0,3,1,No,18,1031.22,3,At Risk,37.1,Medium,Standard
CUST203247,42,One Year,Standard,Digital Wallet,0,60.21,2502.19,37.1,3,2,2,Yes,34,2047.14,3,At Risk,29.6,Medium,Standard
CUST203248,13,One Year,Standard,Mailed Check,1,66.03,818.09,38.7,0,3,0,No,34,2245.02,3,At Risk,23.6,Low,Standard
CUST203249,29,One Year,Premium,Bank Transfer,0,97.74,2684.96,88.1,1,4,2,No,34,3323.16,1,Champions,13.1,Low,Standard
CUST203250,27,Two Year,Standard,Bank Transfer,1,55.98,1480.11,63.0,0,5,1,Yes,52,2910.96,0,Loyal Steady,3.8,Low,Standard
CUST203251,12,One Year,Premium,Digital Wallet,1,92.0,1059.86,89.5,0,3,2,No,34,3128.0,1,Champions,18.6,Low,Standard
CUST203252,12,Two Year,Standard,Bank Transfer,1,61.66,703.81,29.0,3,5,0,No,52,3206.32,0,Loyal Steady,13.3,Low,Standard
CUST203253,30,One Year,Standard,Mailed Check,0,51.16,1534.21,28.0,0,4,0,No,34,1739.44,0,Loyal Steady,14.1,Low,Standard
CUST203254,25,Two Year,Standard,Bank Transfer,1,43.45,1015.63,56.6,0,3,1,Yes,52,2259.4,3,At Risk,10.3,Low,Standard
CUST203255,20,Month-to-Month,Premium,Mailed Check,1,103.51,1989.51,92.0,0,2,0,Yes,18,1863.18,1,Champions,63.7,Very High,Standard
CUST203256,30,Month-to-Month,Standard,Digital Wallet,1,69.13,1964.87,50.3,3,3,0,Yes,18,1244.34,3,At Risk,52.6,High,Standard
CUST203257,37,One Year,Standard,Digital Wallet,1,55.95,1929.17,47.1,2,3,3,Yes,34,1902.3,3,At Risk,12.2,Low,Standard
CUST203258,13,Two Year,Premium,Bank Transfer,1,97.16,1230.35,111.9,4,3,4,Yes,52,5052.32,1,Champions,28.0,Medium,Standard
CUST203259,27,Two Year,Standard,Digital Wallet,0,56.54,1495.76,50.9,3,2,0,No,52,2940.08,3,At Risk,40.8,Medium,Standard
CUST203260,18,One Year,Standard,Mailed Check,0,60.59,1006.37,52.9,1,5,4,No,34,2060.06,0,Loyal Steady,8.5,Low,Standard
CUST203261,31,Month-to-Month,Standard,Credit Card,1,46.69,1391.99,69.2,1,4,0,No,18,840.42,0,Loyal Steady,27.4,Medium,Standard
CUST203262,33,Month-to-Month,Premium,Digital Wallet,0,83.52,2611.93,71.6,1,3,1,Yes,18,1503.36,1,Champions,46.6,High,Standard
CUST203263,72,Month-to-Month,Premium,Digital Wallet,1,91.84,6191.69,82.5,2,4,1,No,18,1653.12,1,Champions,16.3,Low,Standard
CUST203264,34,Month-to-Month,Basic,Credit Card,1,34.23,1091.86,37.9,0,4,1,No,18,616.14,0,Loyal Steady,13.2,Low,Standard
CUST203265,15,Month-to-Month,Premium,Digital Wallet,0,98.0,1383.89,99.5,0,3,3,Yes,18,1764.0,1,Champions,42.5,Medium,Standard
CUST203266,72,Two Year,Basic,Mailed Check,0,20.01,1386.68,40.6,1,5,1,No,52,1040.52,2,Low Engagement,2.3,Low,Standard
CUST203267,22,One Year,Standard,Bank Transfer,0,55.25,1118.91,62.1,1,4,0,No,34,1878.5,0,Loyal Steady,16.5,Low,Standard
CUST203268,51,One Year,Standard,Mailed Check,1,51.53,2562.31,68.4,0,3,0,No,34,1752.02,2,Low Engagement,11.1,Low,Standard
CUST203269,48,Month-to-Month,Standard,Credit Card,1,49.56,2268.93,50.0,4,5,1,No,18,892.08,0,Loyal Steady,22.5,Low,Standard
CUST203270,22,Month-to-Month,Standard,Credit Card,1,48.21,978.97,52.1,0,5,2,No,18,867.78,0,Loyal Steady,13.0,Low,Standard
CUST203271,72,Month-to-Month,Standard,Bank Transfer,0,55.79,3718.24,39.4,2,3,0,Yes,18,1004.22,2,Low Engagement,26.9,Medium,Standard
CUST203272,7,One Year,Basic,Bank Transfer,1,25.77,168.59,9.9,0,3,0,No,34,876.18,3,At Risk,15.8,Low,Standard
CUST203273,33,One Year,Premium,Digital Wallet,1,97.7,3028.45,111.5,2,3,2,Yes,34,3321.8,1,Champions,19.6,Low,Standard
CUST203274,27,Two Year,Basic,Digital Wallet,1,26.24,679.11,20.3,3,2,2,No,52,1364.48,3,At Risk,21.1,Low,Standard
CUST203275,19,Month-to-Month,Basic,Credit Card,1,19.0,339.75,21.9,1,3,1,No,18,342.0,3,At Risk,33.4,Medium,Standard
CUST203276,10,One Year,Standard,Credit Card,0,51.06,489.01,17.5,0,3,3,No,34,1736.04,3,At Risk,16.2,Low,Standard
CUST203277,50,One Year,Standard,Bank Transfer,0,54.15,2628.01,72.1,2,2,2,No,34,1841.1,2,Low Engagement,20.5,Low,Standard
CUST203278,10,One Year,Basic,Credit Card,0,27.63,272.34,12.5,1,3,1,No,34,939.42,3,At Risk,20.9,Low,Standard
CUST203279,19,Month-to-Month,Premium,Mailed Check,1,90.95,1681.03,73.2,0,4,1,No,18,1637.1,1,Champions,35.9,Medium,Standard
CUST203280,61,Two Year,Standard,Digital Wallet,1,61.06,3713.76,32.8,1,4,0,No,52,3175.12,2,Low Engagement,4.1,Low,Standard
CUST203281,33,One Year,Basic,Mailed Check,0,18.02,587.31,26.2,4,2,0,Yes,34,612.68,3,At Risk,50.1,High,Standard
CUST203282,60,One Year,Standard,Digital Wallet,0,53.42,2958.03,70.7,1,2,2,No,34,1816.28,2,Low Engagement,13.5,Low,Standard
CUST203283,18,Month-to-Month,Premium,Credit Card,1,82.22,1461.81,96.5,1,3,1,No,18,1479.96,1,Champions,48.8,High,Standard
CUST203284,31,Two Year,Basic,Credit Card,1,15.23,457.51,26.5,0,3,1,No,52,791.96,3,At Risk,6.6,Low,Standard
CUST203285,8,One Year,Standard,Bank Transfer,1,69.42,539.7,110.9,0,3,1,No,34,2360.28,1,Champions,18.5,Low,Standard
CUST203286,41,Month-to-Month,Basic,Credit Card,1,27.64,1055.74,42.0,1,4,3,Yes,18,497.52,0,Loyal Steady,11.1,Low,Standard
CUST203287,37,One Year,Basic,Bank Transfer,1,27.05,999.13,15.6,1,2,0,No,34,919.7,3,At Risk,16.3,Low,Standard
CUST203288,13,Month-to-Month,Basic,Mailed Check,1,33.49,422.1,4.1,2,5,0,No,18,602.82,0,Loyal Steady,31.0,Medium,Standard
CUST203289,9,Month-to-Month,Premium,Mailed Check,1,86.72,730.05,81.1,1,3,4,Yes,18,1560.96,1,Champions,49.7,High,Standard
CUST203290,8,One Year,Standard,Digital Wallet,1,50.25,402.0,63.2,1,3,0,No,34,1708.5,3,At Risk,27.1,Medium,Standard
CUST203291,40,One Year,Premium,Credit Card,0,99.72,3797.05,93.7,0,4,3,No,34,3390.48,1,Champions,6.8,Low,Standard
CUST203292,60,Month-to-Month,Premium,Credit Card,1,87.13,5082.24,99.0,0,4,1,Yes,18,1568.34,1,Champions,12.8,Low,Standard
CUST203293,15,Month-to-Month,Basic,Bank Transfer,0,22.72,334.43,18.7,2,3,4,Yes,18,408.96,3,At Risk,37.1,Medium,Standard
CUST203294,20,Month-to-Month,Basic,Credit Card,0,15.0,281.52,18.5,3,2,0,Yes,18,270.0,3,At Risk,69.7,Very High,Standard
CUST203295,38,Month-to-Month,Standard,Bank Transfer,1,57.75,2041.8,64.7,2,2,1,No,18,1039.5,3,At Risk,48.5,High,Standard
CUST203296,44,Month-to-Month,Basic,Bank Transfer,1,34.13,1409.06,35.6,1,3,0,Yes,18,614.34,2,Low Engagement,23.5,Low,Standard
CUST203297,25,Month-to-Month,Standard,Credit Card,1,59.76,1427.43,67.4,2,3,0,Yes,18,1075.68,3,At Risk,48.5,High,Standard
CUST203298,2,One Year,Standard,Digital Wallet,0,51.56,100.78,64.2,1,2,2,No,34,1753.04,3,At Risk,40.6,Medium,Standard
CUST203299,28,One Year,Standard,Bank Transfer,1,50.31,1352.48,69.1,1,3,3,Yes,34,1710.54,3,At Risk,11.5,Low,Standard
CUST203300,7,Month-to-Month,Basic,Digital Wallet,1,31.99,220.32,4.7,2,5,0,Yes,18,575.82,0,Loyal Steady,28.1,Medium,Standard
CUST203301,4,One Year,Basic,Digital Wallet,1,15.0,59.15,24.6,0,4,1,No,34,510.0,0,Loyal Steady,10.2,Low,Standard
CUST203302,15,Month-to-Month,Premium,Bank Transfer,1,92.69,1305.31,106.6,0,2,0,Yes,18,1668.42,1,Champions,59.6,High,Standard
CUST203303,27,Two Year,Premium,Credit Card,1,88.88,2274.71,102.8,2,3,1,No,52,4621.76,1,Champions,20.3,Low,Standard
CUST203304,31,One Year,Premium,Digital Wallet,1,97.2,2776.84,117.3,2,3,0,Yes,34,3304.8,1,Champions,26.5,Medium,Standard
CUST203305,26,Month-to-Month,Premium,Bank Transfer,1,89.05,2299.2,104.8,1,3,0,No,18,1602.9,1,Champions,47.5,High,Standard
CUST203306,10,Month-to-Month,Basic,Credit Card,1,27.51,272.07,45.3,0,2,0,No,18,495.18,3,At Risk,48.2,High,Standard
CUST203307,52,Month-to-Month,Premium,Bank Transfer,1,84.99,4136.46,104.2,0,4,2,No,18,1529.82,1,Champions,13.2,Low,Standard
CUST203308,3,Two Year,Standard,Credit Card,0,48.54,140.33,53.0,1,4,0,No,52,2524.08,0,Loyal Steady,20.2,Low,Standard
CUST203309,51,One Year,Standard,Credit Card,0,60.62,2867.15,54.8,1,4,2,No,34,2061.08,2,Low Engagement,6.2,Low,Standard
CUST203310,13,Month-to-Month,Standard,Credit Card,1,69.43,886.05,66.4,3,2,2,Yes,18,1249.74,3,At Risk,66.5,Very High,Standard
CUST203311,16,One Year,Premium,Mailed Check,1,89.0,1369.01,80.1,1,5,1,Yes,34,3026.0,1,Champions,13.8,Low,Standard
CUST203312,40,Month-to-Month,Standard,Credit Card,0,43.67,1710.23,42.3,1,2,1,Yes,18,786.06,3,At Risk,47.4,High,Standard
CUST203313,3,Month-to-Month,Premium,Digital Wallet,0,101.76,293.69,97.0,2,2,1,Yes,18,1831.68,1,Champions,80.4,Very High,Standard
CUST203314,29,Two Year,Standard,Bank Transfer,1,56.32,1515.29,72.0,0,5,1,No,52,2928.64,0,Loyal Steady,3.6,Low,Standard
CUST203315,23,Month-to-Month,Standard,Bank Transfer,1,41.88,896.79,50.9,3,3,1,No,18,753.84,3,At Risk,53.2,High,Standard
CUST203316,29,One Year,Premium,Digital Wallet,1,91.11,2474.6,104.8,0,4,0,No,34,3097.74,1,Champions,11.3,Low,Standard
CUST203317,54,Month-to-Month,Basic,Credit Card,1,25.73,1348.23,15.9,5,2,1,No,18,463.14,2,Low Engagement,51.7,High,Standard
CUST203318,52,Month-to-Month,Standard,Credit Card,0,56.68,2930.45,39.8,0,2,1,Yes,18,1020.24,2,Low Engagement,32.5,Medium,Standard
CUST203319,3,Two Year,Basic,Digital Wallet,1,31.03,90.62,20.3,3,4,1,No,52,1613.56,0,Loyal Steady,17.3,Low,Standard
CUST203320,22,One Year,Basic,Credit Card,1,28.55,612.13,27.0,3,5,2,No,34,970.7,0,Loyal Steady,7.6,Low,Standard
CUST203321,5,Month-to-Month,Standard,Credit Card,1,49.78,230.78,63.6,0,4,2,No,18,896.04,0,Loyal Steady,27.8,Medium,Standard
CUST203322,41,Month-to-Month,Basic,Bank Transfer,1,15.0,603.3,24.4,1,3,0,No,18,270.0,2,Low Engagement,25.4,Medium,Standard
CUST203323,19,Month-to-Month,Premium,Credit Card,1,94.54,1794.73,90.9,0,3,2,Yes,18,1701.72,1,Champions,36.2,Medium,Standard
CUST203324,39,One Year,Basic,Bank Transfer,1,28.76,1070.97,10.5,1,4,0,No,34,977.84,0,Loyal Steady,6.3,Low,Standard
CUST203325,54,Two Year,Basic,Credit Card,1,33.65,1760.94,46.2,0,4,0,No,52,1749.8,2,Low Engagement,2.7,Low,Standard
CUST203326,14,Month-to-Month,Basic,Credit Card,0,31.36,434.47,21.8,1,1,0,Yes,18,564.48,3,At Risk,70.6,Very High,Standard
CUST203327,6,Month-to-Month,Premium,Credit Card,1,93.18,526.94,105.0,1,4,2,Yes,18,1677.24,1,Champions,39.4,Medium,Standard
CUST203328,25,Month-to-Month,Standard,Bank Transfer,1,50.92,1194.7,44.2,1,5,2,No,18,916.56,0,Loyal Steady,15.3,Low,Standard
CUST203329,16,Month-to-Month,Standard,Digital Wallet,0,63.66,954.12,51.6,1,4,0,No,18,1145.88,0,Loyal Steady,41.9,Medium,Standard
CUST203330,2,One Year,Standard,Bank Transfer,0,60.15,115.85,72.4,2,3,2,No,34,2045.1,3,At Risk,34.3,Medium,Standard
CUST203331,31,Month-to-Month,Basic,Bank Transfer,0,21.06,644.66,21.5,1,3,0,No,18,379.08,3,At Risk,36.6,Medium,Standard
CUST203332,41,One Year,Basic,Digital Wallet,1,22.87,870.93,22.6,0,5,1,No,34,777.58,0,Loyal Steady,2.6,Low,Standard
CUST203333,72,Month-to-Month,Basic,Credit Card,1,27.94,2006.17,34.7,3,4,0,No,18,502.92,2,Low Engagement,14.2,Low,Standard
CUST203334,72,Month-to-Month,Standard,Credit Card,1,40.51,2783.48,65.0,2,3,1,No,18,729.18,2,Low Engagement,20.1,Low,Standard
CUST203335,10,One Year,Premium,Bank Transfer,0,99.21,921.62,108.5,2,2,1,Yes,34,3373.14,1,Champions,52.0,High,Priority Save
CUST203336,25,One Year,Premium,Bank Transfer,1,93.07,2297.48,83.8,0,4,0,No,34,3164.38,1,Champions,11.6,Low,Standard
CUST203337,72,Month-to-Month,Standard,Bank Transfer,0,47.64,3193.5,72.0,3,4,5,No,18,857.52,2,Low Engagement,12.0,Low,Standard
CUST203338,72,Month-to-Month,Premium,Credit Card,0,87.1,5861.51,103.7,3,4,1,No,18,1567.8,1,Champions,25.7,Medium,Standard
CUST203339,34,Month-to-Month,Basic,Bank Transfer,0,19.57,644.45,26.2,0,5,0,No,18,352.26,0,Loyal Steady,12.8,Low,Standard
CUST203340,37,Month-to-Month,Basic,Bank Transfer,1,26.77,937.54,24.3,0,4,0,No,18,481.86,0,Loyal Steady,14.2,Low,Standard
CUST203341,46,Month-to-Month,Basic,Credit Card,1,20.8,933.8,36.6,3,3,0,Yes,18,374.4,2,Low Engagement,35.2,Medium,Standard
CUST203342,17,One Year,Premium,Digital Wallet,0,103.37,1624.18,109.5,3,4,1,No,34,3514.58,1,Champions,31.5,Medium,Standard
CUST203343,31,Month-to-Month,Standard,Bank Transfer,1,58.28,1778.93,42.8,1,4,1,No,18,1049.04,0,Loyal Steady,23.0,Low,Standard
CUST203344,60,Month-to-Month,Standard,Digital Wallet,1,53.17,3129.08,53.5,1,4,1,No,18,957.06,2,Low Engagement,13.3,Low,Standard
CUST203345,28,Month-to-Month,Standard,Credit Card,0,63.08,1724.45,69.9,1,3,1,Yes,18,1135.44,3,At Risk,42.3,Medium,Standard
CUST203346,36,One Year,Premium,Bank Transfer,1,106.28,3598.83,66.8,1,2,1,No,34,3613.52,1,Champions,22.6,Low,Standard
CUST203347,1,One Year,Standard,Bank Transfer,1,64.38,59.69,39.9,1,4,0,No,34,2188.92,0,Loyal Steady,19.4,Low,Standard
CUST203348,12,Month-to-Month,Standard,Credit Card,0,62.52,736.97,66.0,2,4,1,Yes,18,1125.36,0,Loyal Steady,47.0,High,Standard
CUST203349,33,Month-to-Month,Basic,Credit Card,0,23.57,759.33,29.9,0,3,0,Yes,18,424.26,3,At Risk,29.3,Medium,Standard
CUST203350,28,One Year,Standard,Credit Card,0,60.99,1606.71,41.3,0,2,1,No,34,2073.66,3,At Risk,22.2,Low,Standard
CUST203351,27,Month-to-Month,Basic,Bank Transfer,1,28.66,746.09,42.9,2,3,0,No,18,515.88,3,At Risk,39.3,Medium,Standard
CUST203352,19,Two Year,Standard,Bank Transfer,0,68.74,1287.85,67.1,0,5,1,No,52,3574.48,0,Loyal Steady,5.9,Low,Standard
CUST203353,14,Month-to-Month,Basic,Digital Wallet,1,24.96,331.03,25.8,0,3,1,No,18,449.28,3,At Risk,30.6,Medium,Standard
CUST203354,12,One Year,Standard,Credit Card,1,64.31,733.16,17.0,1,4,5,No,34,2186.54,0,Loyal Steady,7.2,Low,Standard
CUST203355,72,One Year,Standard,Credit Card,1,50.99,3480.36,43.3,1,3,2,No,34,1733.66,2,Low Engagement,4.7,Low,Standard
CUST203356,51,Two Year,Premium,Credit Card,1,88.66,4218.57,100.2,0,4,0,No,52,4610.32,1,Champions,5.2,Low,Standard
CUST203357,49,Month-to-Month,Standard,Credit Card,1,48.61,2335.44,58.3,1,4,1,No,18,874.98,2,Low Engagement,16.5,Low,Standard
CUST203358,64,One Year,Premium,Bank Transfer,1,99.32,5938.62,100.5,2,3,0,No,34,3376.88,1,Champions,12.7,Low,Standard
CUST203359,13,Month-to-Month,Standard,Mailed Check,0,48.76,591.69,61.8,4,4,2,Yes,18,877.68,0,Loyal Steady,65.3,Very High,Standard
CUST203360,16,One Year,Basic,Digital Wallet,1,24.58,389.42,46.9,1,5,5,No,34,835.72,0,Loyal Steady,3.4,Low,Standard
CUST203361,21,Month-to-Month,Standard,Digital Wallet,1,51.69,1001.93,72.8,1,2,1,Yes,18,930.42,3,At Risk,53.8,High,Standard
CUST203362,54,One Year,Basic,Credit Card,1,26.76,1415.48,3.2,1,4,3,No,34,909.84,2,Low Engagement,2.7,Low,Standard
CUST203363,18,Month-to-Month,Basic,Credit Card,1,28.43,476.08,19.2,1,3,2,No,18,511.74,3,At Risk,29.9,Medium,Standard
CUST203364,34,Two Year,Standard,Digital Wallet,0,56.06,1808.89,52.5,0,3,1,No,52,2915.12,3,At Risk,11.0,Low,Standard
CUST203365,72,Month-to-Month,Standard,Credit Card,0,60.04,4220.67,61.7,0,3,0,No,18,1080.72,2,Low Engagement,17.4,Low,Standard
CUST203366,6,One Year,Premium,Digital Wallet,1,86.62,480.64,116.7,2,2,0,Yes,34,2945.08,1,Champions,53.6,High,Priority Save
CUST203367,62,Month-to-Month,Basic,Mailed Check,0,23.53,1405.34,46.7,0,4,2,No,18,423.54,2,Low Engagement,10.9,Low,Standard
CUST203368,60,Month-to-Month,Standard,Credit Card,1,46.95,2678.01,50.7,1,5,0,No,18,845.1,2,Low Engagement,9.6,Low,Standard
CUST203369,15,Month-to-Month,Basic,Credit Card,0,23.05,343.47,29.4,2,3,0,No,18,414.9,3,At Risk,54.0,High,Standard
CUST203370,40,One Year,Premium,Mailed Check,1,78.93,3034.27,103.3,1,4,0,No,34,2683.62,1,Champions,15.2,Low,Standard
CUST203371,33,Two Year,Standard,Mailed Check,0,38.72,1236.17,59.5,1,3,1,No,52,2013.44,3,At Risk,19.3,Low,Standard
CUST203372,27,Month-to-Month,Standard,Credit Card,0,50.22,1334.03,60.0,0,3,1,No,18,903.96,3,At Risk,36.3,Medium,Standard
CUST203373,17,Month-to-Month,Premium,Credit Card,0,98.8,1619.37,69.5,1,3,3,Yes,18,1778.4,1,Champions,46.5,High,Standard
CUST203374,44,Two Year,Premium,Mailed Check,1,84.48,3438.91,119.4,2,4,1,No,52,4392.96,1,Champions,12.6,Low,Standard
CUST203375,72,One Year,Basic,Digital Wallet,0,21.6,1457.99,18.1,2,3,1,No,34,734.4,2,Low Engagement,7.2,Low,Standard
CUST203376,38,Month-to-Month,Standard,Digital Wallet,1,62.25,2203.78,54.2,3,4,3,No,18,1120.5,0,Loyal Steady,25.2,Medium,Standard
CUST203377,45,One Year,Basic,Digital Wallet,1,33.93,1433.14,8.6,2,5,1,Yes,34,1153.62,0,Loyal Steady,3.9,Low,Standard
CUST203378,48,Month-to-Month,Basic,Credit Card,1,28.26,1254.67,14.5,0,4,0,No,18,508.68,2,Low Engagement,11.1,Low,Standard
CUST203379,39,Month-to-Month,Basic,Mailed Check,0,21.81,826.34,27.7,0,3,1,No,18,392.58,3,At Risk,29.7,Medium,Standard
CUST203380,24,Month-to-Month,Basic,Digital Wallet,1,28.56,654.15,25.1,2,3,0,Yes,18,514.08,3,At Risk,41.7,Medium,Standard
CUST203381,38,Month-to-Month,Premium,Bank Transfer,0,90.97,3267.1,105.0,3,2,1,Yes,18,1637.46,1,Champions,69.0,Very High,Standard
CUST203382,51,Month-to-Month,Standard,Bank Transfer,1,43.57,2202.39,29.4,0,3,3,Yes,18,784.26,2,Low Engagement,13.9,Low,Standard
CUST203383,43,Month-to-Month,Premium,Digital Wallet,1,90.73,3705.39,79.0,0,5,1,No,18,1633.14,1,Champions,12.1,Low,Standard
CUST203384,49,One Year,Premium,Bank Transfer,1,99.98,4606.66,89.5,1,5,0,Yes,34,3399.32,1,Champions,5.4,Low,Standard
CUST203385,43,One Year,Standard,Bank Transfer,1,49.62,2035.56,73.7,4,3,1,Yes,34,1687.08,2,Low Engagement,23.0,Low,Standard
CUST203386,8,Month-to-Month,Standard,Digital Wallet,1,47.29,367.2,40.7,1,2,1,No,18,851.22,3,At Risk,61.2,High,Standard
CUST203387,15,Two Year,Standard,Digital Wallet,1,45.65,651.11,39.7,1,3,0,No,52,2373.8,3,At Risk,19.3,Low,Standard
CUST203388,5,Month-to-Month,Premium,Credit Card,1,103.85,511.8,73.7,0,3,1,No,18,1869.3,1,Champions,47.9,High,Standard
CUST203389,36,One Year,Standard,Digital Wallet,1,64.82,2248.26,54.1,4,3,1,Yes,34,2203.88,3,At Risk,26.1,Medium,Standard
CUST203390,12,One Year,Standard,Bank Transfer,0,61.27,704.94,20.1,0,5,1,No,34,2083.18,0,Loyal Steady,8.4,Low,Standard
CUST203391,29,Month-to-Month,Standard,Credit Card,0,53.16,1484.99,48.3,1,3,1,No,18,956.88,3,At Risk,41.6,Medium,Standard
CUST203392,3,Two Year,Standard,Bank Transfer,0,53.56,151.93,71.4,0,3,2,No,52,2785.12,3,At Risk,18.4,Low,Standard
CUST203393,23,One Year,Premium,Bank Transfer,1,98.6,2171.62,86.1,0,2,1,No,34,3352.4,1,Champions,24.1,Low,Standard
CUST203394,41,Month-to-Month,Basic,Credit Card,1,21.07,809.16,2.0,1,3,0,No,18,379.26,2,Low Engagement,24.8,Medium,Standard
CUST203395,32,Month-to-Month,Basic,Digital Wallet,0,24.07,722.85,27.1,4,2,0,Yes,18,433.26,3,At Risk,70.1,Very High,Standard
CUST203396,21,One Year,Basic,Credit Card,0,27.56,552.96,10.1,1,4,1,No,34,937.04,0,Loyal Steady,10.8,Low,Standard
CUST203397,33,Month-to-Month,Basic,Bank Transfer,0,25.88,841.03,4.0,2,3,1,No,18,465.84,3,At Risk,37.6,Medium,Standard
CUST203398,64,Month-to-Month,Standard,Credit Card,0,72.42,4484.61,67.9,4,2,2,No,18,1303.56,2,Low Engagement,49.0,High,Standard
CUST203399,72,Month-to-Month,Basic,Digital Wallet,0,21.38,1474.23,30.0,1,3,2,No,18,384.84,2,Low Engagement,13.3,Low,Standard
CUST203400,4,Two Year,Premium,Digital Wallet,1,93.94,373.28,89.6,2,3,1,Yes,52,4884.88,1,Champions,31.7,Medium,Standard
CUST203401,72,Month-to-Month,Basic,Credit Card,0,15.0,1012.67,29.0,3,2,0,No,18,270.0,2,Low Engagement,38.3,Medium,Standard
CUST203402,11,Month-to-Month,Basic,Credit Card,1,32.11,341.13,17.5,0,3,1,Yes,18,577.98,3,At Risk,30.8,Medium,Standard
CUST203403,17,Two Year,Standard,Credit Card,1,51.14,826.82,60.7,2,4,2,No,52,2659.28,0,Loyal Steady,11.4,Low,Standard
CUST203404,23,Month-to-Month,Standard,Digital Wallet,1,57.65,1235.14,76.6,2,3,0,Yes,18,1037.7,3,At Risk,51.2,High,Standard
CUST203405,72,Month-to-Month,Premium,Digital Wallet,0,89.26,6295.99,130.2,3,3,1,Yes,18,1606.68,1,Champions,38.0,Medium,Standard
CUST203406,32,One Year,Basic,Credit Card,1,28.83,906.17,24.5,0,3,2,No,34,980.22,3,At Risk,6.8,Low,Standard
CUST203407,22,Month-to-Month,Standard,Credit Card,1,55.07,1121.81,66.1,3,4,0,Yes,18,991.26,0,Loyal Steady,45.3,High,Standard
CUST203408,56,One Year,Basic,Digital Wallet,1,23.51,1253.08,33.8,2,2,0,No,34,799.34,2,Low Engagement,14.8,Low,Standard
CUST203409,42,One Year,Standard,Credit Card,1,56.21,2189.78,89.4,1,4,1,Yes,34,1911.14,1,Champions,7.2,Low,Standard
CUST203410,16,Month-to-Month,Standard,Mailed Check,0,59.51,946.11,38.5,0,4,1,Yes,18,1071.18,0,Loyal Steady,37.9,Medium,Standard
CUST203411,28,Month-to-Month,Standard,Mailed Check,1,53.06,1394.48,32.6,1,5,1,No,18,955.08,0,Loyal Steady,21.6,Low,Standard
CUST203412,10,One Year,Basic,Digital Wallet,0,33.58,331.04,48.6,1,2,0,Yes,34,1141.72,3,At Risk,35.7,Medium,Standard
CUST203413,32,Month-to-Month,Standard,Digital Wallet,0,49.81,1576.63,57.6,0,3,0,No,18,896.58,3,At Risk,38.2,Medium,Standard
CUST203414,72,Two Year,Standard,Credit Card,1,55.09,3937.16,74.8,1,3,2,No,52,2864.68,2,Low Engagement,3.8,Low,Standard
CUST203415,22,One Year,Premium,Credit Card,0,94.93,1979.33,92.4,1,3,2,No,34,3227.62,1,Champions,23.3,Low,Standard
CUST203416,28,Month-to-Month,Basic,Credit Card,0,15.38,406.19,50.8,0,2,1,No,18,276.84,3,At Risk,40.8,Medium,Standard
CUST203417,5,One Year,Standard,Bank Transfer,1,50.98,245.03,67.9,0,3,1,No,34,1733.32,3,At Risk,19.5,Low,Standard
CUST203418,14,One Year,Standard,Bank Transfer,1,63.04,861.93,64.1,3,3,2,Yes,34,2143.36,3,At Risk,27.5,Medium,Standard
CUST203419,10,Month-to-Month,Premium,Bank Transfer,1,91.33,871.2,83.0,1,3,0,Yes,18,1643.94,1,Champions,56.9,High,Standard
CUST203420,35,One Year,Basic,Bank Transfer,0,29.69,1008.7,11.7,0,2,0,No,34,1009.46,3,At Risk,16.8,Low,Standard
CUST203421,15,Month-to-Month,Basic,Digital Wallet,1,22.42,324.07,59.8,1,3,1,Yes,18,403.56,3,At Risk,37.6,Medium,Standard
CUST203422,20,Month-to-Month,Premium,Bank Transfer,1,94.04,1756.33,89.5,2,1,0,No,18,1692.72,1,Champions,79.0,Very High,Standard
CUST203423,33,Month-to-Month,Basic,Mailed Check,0,23.68,741.49,13.2,3,4,2,No,18,426.24,0,Loyal Steady,37.1,Medium,Standard
CUST203424,13,One Year,Basic,Credit Card,1,28.67,348.57,46.4,0,3,2,No,34,974.78,3,At Risk,10.8,Low,Standard
CUST203425,38,Month-to-Month,Premium,Credit Card,1,99.09,3712.78,88.1,3,3,1,Yes,18,1783.62,1,Champions,49.4,High,Standard
CUST203426,3,One Year,Standard,Credit Card,0,62.35,174.37,28.4,0,3,2,No,34,2119.9,3,At Risk,21.3,Low,Standard
CUST203427,21,Month-to-Month,Standard,Credit Card,1,48.78,978.18,54.1,1,4,0,Yes,18,878.04,0,Loyal Steady,32.2,Medium,Standard
CUST203428,17,Month-to-Month,Premium,Credit Card,0,89.09,1502.74,93.4,0,5,1,Yes,18,1603.62,1,Champions,25.8,Medium,Standard
CUST203429,21,One Year,Standard,Credit Card,0,63.8,1280.9,76.0,1,5,0,Yes,34,2169.2,0,Loyal Steady,10.9,Low,Standard
CUST203430,24,Month-to-Month,Standard,Credit Card,0,57.94,1389.87,51.2,3,3,0,Yes,18,1042.92,3,At Risk,62.9,Very High,Standard
CUST203431,15,One Year,Basic,Digital Wallet,1,17.71,254.86,21.8,0,3,1,No,34,602.14,3,At Risk,12.3,Low,Standard
CUST203432,8,Month-to-Month,Standard,Credit Card,1,57.69,455.7,53.7,1,3,0,No,18,1038.42,3,At Risk,51.7,High,Standard
CUST203433,48,Two Year,Basic,Bank Transfer,1,32.97,1518.59,8.0,0,4,0,No,52,1714.44,2,Low Engagement,3.0,Low,Standard
CUST203434,61,Two Year,Premium,Credit Card,1,93.74,5419.69,66.1,3,4,1,No,52,4874.48,1,Champions,7.6,Low,Standard
CUST203435,31,Month-to-Month,Basic,Mailed Check,0,23.55,719.48,49.8,5,3,2,No,18,423.9,3,At Risk,65.8,Very High,Standard
CUST203436,23,Two Year,Basic,Mailed Check,0,23.2,492.12,6.3,3,4,4,No,52,1206.4,0,Loyal Steady,12.1,Low,Standard
CUST203437,27,Two Year,Standard,Credit Card,1,55.52,1401.46,78.6,3,2,0,Yes,52,2887.04,3,At Risk,34.0,Medium,Standard
CUST203438,27,Month-to-Month,Standard,Credit Card,1,43.17,1154.66,40.4,0,4,0,No,18,777.06,0,Loyal Steady,23.3,Low,Standard
CUST203439,32,Month-to-Month,Standard,Mailed Check,1,58.54,1865.95,60.1,0,3,2,No,18,1053.72,3,At Risk,30.5,Medium,Standard
CUST203440,10,Month-to-Month,Basic,Credit Card,1,23.07,221.18,27.6,0,4,0,No,18,415.26,0,Loyal Steady,25.2,Medium,Standard
CUST203441,42,Month-to-Month,Standard,Digital Wallet,0,63.51,2484.56,48.8,4,3,4,Yes,18,1143.18,2,Low Engagement,43.0,Medium,Standard
CUST203442,29,Month-to-Month,Premium,Digital Wallet,1,87.9,2540.86,96.2,5,3,1,Yes,18,1582.2,1,Champions,70.3,Very High,Standard
CUST203443,27,Month-to-Month,Standard,Credit Card,0,53.89,1356.69,64.0,0,3,0,No,18,970.02,3,At Risk,40.2,Medium,Standard
CUST203444,41,Month-to-Month,Basic,Credit Card,1,29.18,1194.1,25.0,0,5,1,No,18,525.24,0,Loyal Steady,7.1,Low,Standard
CUST203445,37,Month-to-Month,Standard,Credit Card,1,52.47,1859.95,53.0,1,4,0,No,18,944.46,0,Loyal Steady,23.8,Low,Standard
CUST203446,63,Month-to-Month,Basic,Credit Card,1,23.46,1438.37,17.4,0,5,4,No,18,422.28,2,Low Engagement,2.6,Low,Standard
CUST203447,14,Two Year,Basic,Bank Transfer,1,19.92,264.78,70.1,0,3,2,No,52,1035.84,3,At Risk,8.8,Low,Standard
CUST203448,57,Month-to-Month,Premium,Credit Card,1,87.74,4762.15,105.5,1,2,6,No,18,1579.32,1,Champions,20.2,Low,Standard
CUST203449,15,One Year,Standard,Bank Transfer,1,51.92,756.56,61.5,3,3,1,No,34,1765.28,3,At Risk,30.9,Medium,Standard
CUST203450,2,Month-to-Month,Basic,Digital Wallet,1,24.01,44.37,17.4,0,4,0,No,18,432.18,0,Loyal Steady,29.7,Medium,Standard
CUST203451,72,One Year,Standard,Digital Wallet,1,57.02,3920.52,45.3,1,2,1,No,34,1938.68,2,Low Engagement,9.0,Low,Standard
CUST203452,21,One Year,Standard,Bank Transfer,0,63.3,1237.1,53.6,0,4,1,No,34,2152.2,0,Loyal Steady,11.1,Low,Standard
CUST203453,6,Two Year,Premium,Digital Wallet,0,91.44,510.82,92.2,2,4,0,No,52,4754.88,1,Champions,29.8,Medium,Standard
CUST203454,43,Month-to-Month,Standard,Digital Wallet,0,54.4,2282.08,45.4,0,2,0,No,18,979.2,3,At Risk,43.0,Medium,Standard
CUST203455,34,One Year,Standard,Credit Card,1,49.79,1619.07,50.3,2,3,2,No,34,1692.86,3,At Risk,14.8,Low,Standard
CUST203456,40,Month-to-Month,Basic,Credit Card,1,38.75,1512.68,33.4,1,4,1,No,18,697.5,0,Loyal Steady,14.7,Low,Standard
CUST203457,25,Month-to-Month,Standard,Digital Wallet,1,53.23,1325.49,62.8,0,5,2,No,18,958.14,0,Loyal Steady,12.6,Low,Standard
CUST203458,17,Month-to-Month,Standard,Digital Wallet,0,47.44,766.28,31.0,2,3,0,No,18,853.92,3,At Risk,61.2,High,Standard
CUST203459,41,Two Year,Standard,Mailed Check,1,60.06,2377.31,29.5,1,2,2,No,52,3123.12,3,At Risk,15.8,Low,Standard
CUST203460,47,Month-to-Month,Premium,Bank Transfer,0,101.75,4613.72,100.9,1,5,2,No,18,1831.5,1,Champions,15.2,Low,Standard
CUST203461,25,One Year,Basic,Bank Transfer,1,19.93,480.14,17.4,1,3,1,No,34,677.62,3,At Risk,12.1,Low,Standard
CUST203462,72,Month-to-Month,Standard,Bank Transfer,1,59.48,4055.55,51.1,1,3,2,No,18,1070.64,2,Low Engagement,12.9,Low,Standard
CUST203463,20,Two Year,Standard,Digital Wallet,0,64.78,1246.96,70.2,2,3,0,Yes,52,3368.56,3,At Risk,27.2,Medium,Standard
CUST203464,20,One Year,Basic,Bank Transfer,1,21.19,414.87,31.7,0,1,1,No,34,720.46,3,At Risk,24.5,Medium,Standard
CUST203465,28,One Year,Premium,Bank Transfer,0,92.18,2470.59,89.4,1,4,1,No,34,3134.12,1,Champions,15.6,Low,Standard
CUST203466,65,Month-to-Month,Standard,Credit Card,1,54.71,3345.78,47.4,3,3,0,No,18,984.78,2,Low Engagement,31.0,Medium,Standard
CUST203467,47,Month-to-Month,Premium,Credit Card,1,104.3,4684.22,103.5,3,1,1,No,18,1877.4,1,Champions,68.2,Very High,Standard
CUST203468,2,Month-to-Month,Standard,Digital Wallet,1,54.15,102.33,57.7,0,2,1,No,18,974.7,3,At Risk,57.9,High,Standard
CUST203469,6,One Year,Standard,Credit Card,1,55.06,317.21,52.0,1,2,0,No,34,1872.04,3,At Risk,37.7,Medium,Standard
CUST203470,61,Month-to-Month,Premium,Mailed Check,0,91.02,5141.8,96.0,2,5,1,No,18,1638.36,1,Champions,22.2,Low,Standard
CUST203471,55,Two Year,Basic,Credit Card,1,25.27,1374.74,2.0,3,2,0,No,52,1314.04,2,Low Engagement,14.7,Low,Standard
CUST203472,32,Month-to-Month,Premium,Bank Transfer,1,87.11,2575.2,53.1,2,2,0,Yes,18,1567.98,3,At Risk,61.9,High,Standard
CUST203473,66,Two Year,Basic,Bank Transfer,1,26.15,1713.1,28.2,3,4,0,No,52,1359.8,2,Low Engagement,4.6,Low,Standard
CUST203474,6,Month-to-Month,Premium,Bank Transfer,0,91.91,509.08,108.7,1,4,2,No,18,1654.38,1,Champions,46.5,High,Standard
CUST203475,7,Month-to-Month,Premium,Credit Card,1,94.63,628.42,70.8,0,4,0,Yes,18,1703.34,1,Champions,38.8,Medium,Standard
CUST203476,6,Month-to-Month,Standard,Digital Wallet,1,49.72,293.62,22.1,1,2,1,Yes,18,894.96,3,At Risk,61.7,High,Standard
CUST203477,21,Month-to-Month,Standard,Credit Card,0,59.22,1181.14,55.5,0,2,2,No,18,1065.96,3,At Risk,47.6,High,Standard
CUST203478,13,Two Year,Premium,Credit Card,0,99.28,1269.41,91.3,0,2,0,No,52,5162.56,1,Champions,33.8,Medium,Standard
CUST203479,50,One Year,Premium,Mailed Check,1,89.05,4299.59,89.7,1,4,1,No,34,3027.7,1,Champions,10.1,Low,Standard
CUST203480,9,One Year,Premium,Credit Card,1,90.46,753.42,92.0,2,3,0,No,34,3075.64,1,Champions,37.4,Medium,Standard
CUST203481,25,Month-to-Month,Standard,Credit Card,0,56.49,1371.77,60.8,0,3,1,No,18,1016.82,3,At Risk,37.2,Medium,Standard
CUST203482,27,Month-to-Month,Standard,Credit Card,1,58.04,1447.39,53.1,1,3,1,No,18,1044.72,3,At Risk,35.8,Medium,Standard
CUST203483,38,Month-to-Month,Standard,Digital Wallet,1,57.66,2029.65,68.0,3,2,3,No,18,1037.88,3,At Risk,48.7,High,Standard
CUST203484,46,One Year,Basic,Digital Wallet,0,30.68,1314.05,40.7,1,3,2,Yes,34,1043.12,2,Low Engagement,8.7,Low,Standard
CUST203485,11,Month-to-Month,Standard,Digital Wallet,0,56.93,586.33,56.0,1,3,0,Yes,18,1024.74,3,At Risk,58.1,High,Standard
CUST203486,51,Month-to-Month,Basic,Digital Wallet,1,29.62,1456.57,21.8,0,4,0,No,18,533.16,2,Low Engagement,10.8,Low,Standard
CUST203487,31,Month-to-Month,Premium,Credit Card,1,87.97,2577.68,88.7,0,5,0,No,18,1583.46,1,Champions,17.7,Low,Standard
CUST203488,30,One Year,Standard,Digital Wallet,1,51.33,1523.58,66.9,0,3,0,No,34,1745.22,3,At Risk,13.7,Low,Standard
CUST203489,10,One Year,Standard,Bank Transfer,1,59.58,582.41,59.9,1,5,2,Yes,34,2025.72,0,Loyal Steady,7.9,Low,Standard
CUST203490,35,Month-to-Month,Premium,Mailed Check,1,91.27,3158.02,114.5,2,3,0,Yes,18,1642.86,1,Champions,57.8,High,Standard
CUST203491,7,Month-to-Month,Basic,Bank Transfer,1,25.04,164.72,23.7,2,4,1,No,18,450.72,0,Loyal Steady,35.1,Medium,Standard
CUST203492,36,One Year,Basic,Bank Transfer,1,27.52,943.74,19.2,1,4,0,Yes,34,935.68,0,Loyal Steady,6.8,Low,Standard
CUST203493,72,Two Year,Premium,Mailed Check,1,98.69,6600.18,109.8,1,4,1,No,52,5131.88,1,Champions,4.8,Low,Standard
CUST203494,32,Month-to-Month,Premium,Digital Wallet,0,98.57,2924.32,99.6,1,5,1,No,18,1774.26,1,Champions,24.6,Medium,Standard
CUST203495,34,Two Year,Standard,Bank Transfer,1,55.47,1779.3,39.2,1,4,1,No,52,2884.44,0,Loyal Steady,6.6,Low,Standard
CUST203496,38,Month-to-Month,Basic,Credit Card,1,18.95,707.61,42.9,1,3,2,No,18,341.1,3,At Risk,21.2,Low,Standard
CUST203497,39,Month-to-Month,Standard,Digital Wallet,1,57.29,2149.16,42.6,0,5,2,No,18,1031.22,0,Loyal Steady,8.9,Low,Standard
CUST203498,67,One Year,Premium,Bank Transfer,1,90.56,5786.71,93.0,1,3,0,No,34,3079.04,1,Champions,9.2,Low,Standard
CUST203499,3,Month-to-Month,Basic,Bank Transfer,0,22.15,65.06,43.4,3,3,2,No,18,398.7,3,At Risk,60.7,High,Standard
CUST203500,44,Month-to-Month,Premium,Bank Transfer,1,86.86,3561.85,76.4,0,4,0,No,18,1563.48,1,Champions,20.1,Low,Standard
CUST203501,28,Two Year,Premium,Bank Transfer,1,98.84,2742.51,86.5,3,3,2,No,52,5139.68,1,Champions,21.1,Low,Standard
CUST203502,34,Month-to-Month,Premium,Credit Card,0,98.53,3195.77,91.1,2,3,1,No,18,1773.54,1,Champions,52.0,High,Standard
CUST203503,14,Month-to-Month,Premium,Credit Card,1,92.34,1245.21,86.0,1,3,1,No,18,1662.12,1,Champions,50.4,High,Standard
CUST203504,36,One Year,Basic,Mailed Check,1,27.16,905.35,23.3,2,4,1,No,34,923.44,0,Loyal Steady,10.5,Low,Standard
CUST203505,32,One Year,Standard,Digital Wallet,0,57.96,1802.5,47.9,0,4,2,No,34,1970.64,0,Loyal Steady,7.7,Low,Standard
CUST203506,34,Month-to-Month,Standard,Bank Transfer,0,59.6,2010.9,58.9,1,2,1,Yes,18,1072.8,3,At Risk,50.7,High,Standard
CUST203507,16,Month-to-Month,Basic,Digital Wallet,1,20.76,314.88,59.4,0,4,2,No,18,373.68,0,Loyal Steady,18.3,Low,Standard
CUST203508,28,Month-to-Month,Standard,Digital Wallet,1,55.93,1520.87,49.8,1,3,3,No,18,1006.74,3,At Risk,28.9,Medium,Standard
CUST203509,5,Month-to-Month,Basic,Credit Card,0,29.07,143.12,14.8,0,5,2,No,18,523.26,0,Loyal Steady,17.6,Low,Standard
CUST203510,10,One Year,Premium,Credit Card,1,90.48,900.85,83.2,4,4,4,No,34,3076.32,1,Champions,24.2,Low,Standard
CUST203511,24,Month-to-Month,Standard,Credit Card,1,50.87,1195.01,41.3,2,4,1,No,18,915.66,0,Loyal Steady,32.8,Medium,Standard
CUST203512,4,One Year,Standard,Digital Wallet,0,56.56,211.84,53.9,1,2,3,No,34,1923.04,3,At Risk,34.9,Medium,Standard
CUST203513,44,One Year,Standard,Credit Card,1,49.56,2047.4,70.0,1,2,0,No,34,1685.04,3,At Risk,19.3,Low,Standard
CUST203514,17,Month-to-Month,Standard,Bank Transfer,1,54.68,915.7,66.6,3,4,3,No,18,984.24,0,Loyal Steady,36.2,Medium,Standard
CUST203515,24,One Year,Standard,Digital Wallet,1,57.02,1358.3,64.7,3,3,0,No,34,1938.68,3,At Risk,30.4,Medium,Standard
CUST203516,37,Month-to-Month,Standard,Bank Transfer,0,57.49,2024.87,67.8,0,2,1,No,18,1034.82,3,At Risk,42.0,Medium,Standard
CUST203517,30,One Year,Premium,Bank Transfer,0,93.42,2784.11,76.2,1,3,1,Yes,34,3176.28,1,Champions,22.2,Low,Standard
CUST203518,46,Month-to-Month,Basic,Mailed Check,0,30.76,1333.83,43.3,0,4,0,Yes,18,553.68,2,Low Engagement,20.1,Low,Standard
CUST203519,41,One Year,Basic,Bank Transfer,0,18.99,721.87,18.5,0,5,1,No,34,645.66,0,Loyal Steady,3.2,Low,Standard
CUST203520,12,Month-to-Month,Standard,Bank Transfer,1,55.62,624.27,28.2,1,4,1,No,18,1001.16,0,Loyal Steady,32.4,Medium,Standard
CUST203521,72,Month-to-Month,Premium,Mailed Check,1,87.3,6253.6,101.9,4,3,1,No,18,1571.4,1,Champions,44.6,High,Standard
CUST203522,41,One Year,Standard,Mailed Check,0,53.86,2140.64,49.0,0,3,0,No,34,1831.24,2,Low Engagement,17.3,Low,Standard
CUST203523,64,One Year,Premium,Credit Card,1,96.88,5851.97,112.7,0,4,0,No,34,3293.92,1,Champions,4.8,Low,Standard
CUST203524,9,Month-to-Month,Premium,Bank Transfer,1,110.86,957.07,83.0,1,4,1,No,18,1995.48,1,Champions,39.9,Medium,Standard
CUST203525,72,Month-to-Month,Standard,Bank Transfer,0,67.62,4502.03,67.9,4,4,1,No,18,1217.16,2,Low Engagement,25.4,Medium,Standard
CUST203526,37,Two Year,Basic,Bank Transfer,1,24.39,871.2,29.6,2,4,3,Yes,52,1268.28,0,Loyal Steady,4.4,Low,Standard
CUST203527,14,Month-to-Month,Basic,Digital Wallet,0,28.07,378.92,11.8,0,4,2,No,18,505.26,0,Loyal Steady,22.7,Low,Standard
CUST203528,17,Two Year,Basic,Credit Card,1,28.43,464.81,32.9,4,2,0,No,52,1478.36,3,At Risk,38.4,Medium,Standard
CUST203529,19,One Year,Standard,Digital Wallet,1,56.0,1008.78,47.1,2,4,0,No,34,1904.0,0,Loyal Steady,18.0,Low,Standard
CUST203530,5,One Year,Basic,Credit Card,1,17.3,85.57,19.4,1,3,1,No,34,588.2,3,At Risk,18.9,Low,Standard
CUST203531,9,Month-to-Month,Premium,Digital Wallet,1,96.24,799.05,109.6,1,3,0,Yes,18,1732.32,1,Champions,59.2,High,Standard
CUST203532,32,Month-to-Month,Basic,Credit Card,0,17.94,544.54,4.9,2,4,0,No,18,322.92,0,Loyal Steady,31.1,Medium,Standard
CUST203533,20,One Year,Standard,Digital Wallet,1,60.3,1137.89,74.0,0,5,1,No,34,2050.2,0,Loyal Steady,5.9,Low,Standard
CUST203534,20,Month-to-Month,Premium,Credit Card,1,92.26,1837.48,86.2,2,4,2,No,18,1660.68,1,Champions,37.4,Medium,Standard
CUST203535,31,One Year,Basic,Digital Wallet,0,22.6,668.77,23.1,1,4,0,No,34,768.4,0,Loyal Steady,10.6,Low,Standard
CUST203536,22,Two Year,Standard,Credit Card,1,59.25,1216.09,81.3,4,2,1,No,52,3081.0,3,At Risk,39.7,Medium,Standard
CUST203537,53,One Year,Standard,Bank Transfer,1,50.98,2649.11,51.8,1,3,1,No,34,1733.32,2,Low Engagement,8.6,Low,Standard
CUST203538,39,Month-to-Month,Standard,Credit Card,1,54.01,2077.32,25.7,1,3,0,No,18,972.18,3,At Risk,32.2,Medium,Standard
CUST203539,31,Two Year,Standard,Credit Card,0,62.32,1918.93,42.9,1,4,0,No,52,3240.64,0,Loyal Steady,10.7,Low,Standard
CUST203540,48,One Year,Basic,Bank Transfer,1,27.13,1261.98,33.9,2,4,1,No,34,922.42,2,Low Engagement,5.9,Low,Standard
CUST203541,21,Month-to-Month,Premium,Digital Wallet,0,91.97,1853.53,99.9,2,3,0,No,18,1655.46,1,Champions,65.6,Very High,Standard
CUST203542,15,One Year,Basic,Bank Transfer,1,23.01,326.03,29.8,1,4,0,No,34,782.34,0,Loyal Steady,11.3,Low,Standard
CUST203543,4,Month-to-Month,Premium,Credit Card,1,83.18,320.93,117.4,2,3,0,No,18,1497.24,1,Champions,68.7,Very High,Standard
CUST203544,67,Month-to-Month,Premium,Digital Wallet,1,104.75,6583.14,80.5,4,3,1,Yes,18,1885.5,1,Champions,38.9,Medium,Standard
CUST203545,14,Month-to-Month,Premium,Credit Card,0,99.02,1340.92,94.8,2,2,1,Yes,18,1782.36,1,Champions,74.9,Very High,Standard
CUST203546,17,Month-to-Month,Premium,Bank Transfer,0,87.41,1458.53,105.8,1,4,0,Yes,18,1573.38,1,Champions,48.0,High,Standard
CUST203547,39,Month-to-Month,Basic,Digital Wallet,0,38.93,1450.06,2.0,3,4,0,No,18,700.74,0,Loyal Steady,33.4,Medium,Standard
CUST203548,72,Two Year,Standard,Credit Card,0,57.54,3864.55,54.5,0,4,2,No,52,2992.08,2,Low Engagement,2.3,Low,Standard
CUST203549,3,One Year,Basic,Bank Transfer,0,15.0,43.41,39.9,1,3,1,No,34,510.0,3,At Risk,25.0,Medium,Standard
CUST203550,31,Month-to-Month,Basic,Bank Transfer,0,29.35,868.69,21.5,0,5,0,No,18,528.3,0,Loyal Steady,13.4,Low,Standard
CUST203551,37,Two Year,Standard,Digital Wallet,1,53.58,1935.14,45.6,1,3,0,No,52,2786.16,3,At Risk,11.9,Low,Standard
CUST203552,31,Month-to-Month,Standard,Bank Transfer,0,56.17,1715.01,46.9,2,3,0,No,18,1011.06,3,At Risk,51.3,High,Standard
CUST203553,5,Month-to-Month,Basic,Digital Wallet,1,19.32,92.46,19.2,2,5,1,Yes,18,347.76,0,Loyal Steady,26.7,Medium,Standard
CUST203554,63,One Year,Standard,Digital Wallet,0,47.44,2908.98,45.1,2,3,1,No,34,1612.96,2,Low Engagement,12.0,Low,Standard
CUST203555,13,Month-to-Month,Premium,Digital Wallet,1,99.69,1263.07,72.8,3,2,1,Yes,18,1794.42,1,Champions,75.7,Very High,Standard
CUST203556,13,Month-to-Month,Premium,Bank Transfer,1,92.72,1127.35,93.1,1,3,1,Yes,18,1668.96,1,Champions,51.1,High,Standard
CUST203557,20,Month-to-Month,Premium,Mailed Check,0,95.22,1801.53,90.1,1,2,0,Yes,18,1713.96,1,Champions,76.1,Very High,Standard
CUST203558,39,Month-to-Month,Premium,Bank Transfer,0,109.31,4219.9,84.3,1,3,0,Yes,18,1967.58,1,Champions,44.8,High,Priority Save
CUST203559,8,Month-to-Month,Standard,Digital Wallet,1,51.22,387.37,41.2,2,4,1,Yes,18,921.96,0,Loyal Steady,43.3,Medium,Standard
CUST203560,40,One Year,Standard,Credit Card,0,54.79,2138.01,93.3,3,3,1,No,34,1862.86,1,Champions,24.7,Medium,Standard
CUST203561,51,Month-to-Month,Standard,Bank Transfer,1,53.73,2666.94,46.4,2,4,1,No,18,967.14,2,Low Engagement,19.6,Low,Standard
CUST203562,12,Month-to-Month,Basic,Bank Transfer,1,22.35,266.62,38.7,1,4,2,No,18,402.3,0,Loyal Steady,23.6,Low,Standard
CUST203563,72,Two Year,Standard,Digital Wallet,1,59.07,4239.63,51.4,3,5,2,Yes,52,3071.64,2,Low Engagement,2.5,Low,Standard
CUST203564,35,One Year,Premium,Bank Transfer,0,90.17,2924.41,97.4,1,3,2,No,34,3065.78,1,Champions,18.0,Low,Standard
CUST203565,14,Month-to-Month,Basic,Mailed Check,0,24.46,336.91,19.8,2,3,1,Yes,18,440.28,3,At Risk,58.5,High,Standard
CUST203566,8,Month-to-Month,Basic,Credit Card,0,27.47,206.37,38.9,1,5,2,No,18,494.46,0,Loyal Steady,21.5,Low,Standard
CUST203567,72,Two Year,Standard,Mailed Check,1,48.1,3363.07,39.0,3,4,0,No,52,2501.2,2,Low Engagement,7.5,Low,Standard
CUST203568,25,Month-to-Month,Standard,Mailed Check,1,54.34,1274.55,54.3,3,4,0,No,18,978.12,0,Loyal Steady,51.5,High,Standard
CUST203569,14,Month-to-Month,Premium,Digital Wallet,1,95.17,1328.91,91.0,1,3,0,No,18,1713.06,1,Champions,55.6,High,Standard
CUST203570,6,Month-to-Month,Basic,Credit Card,1,26.57,157.66,7.6,3,2,2,Yes,18,478.26,3,At Risk,62.9,High,Standard
CUST203571,2,One Year,Premium,Digital Wallet,1,94.22,179.73,102.4,4,2,0,Yes,34,3203.48,1,Champions,68.9,Very High,Priority Save
CUST203572,6,One Year,Basic,Bank Transfer,1,28.4,162.25,13.6,1,3,1,No,34,965.6,3,At Risk,17.9,Low,Standard
CUST203573,33,Two Year,Premium,Bank Transfer,0,93.23,2921.94,92.2,2,3,3,No,52,4847.96,1,Champions,16.9,Low,Standard
CUST203574,7,Two Year,Standard,Digital Wallet,0,59.2,386.1,66.8,0,3,0,No,52,3078.4,3,At Risk,22.7,Low,Standard
CUST203575,61,One Year,Standard,Digital Wallet,1,63.13,3589.95,64.4,1,4,1,No,34,2146.42,2,Low Engagement,4.6,Low,Standard
CUST203576,18,Month-to-Month,Basic,Credit Card,1,20.69,368.23,34.0,1,5,3,No,18,372.42,0,Loyal Steady,12.0,Low,Standard
CUST203577,13,Month-to-Month,Basic,Mailed Check,1,28.87,359.28,25.6,2,3,0,Yes,18,519.66,3,At Risk,56.0,High,Standard
CUST203578,27,Two Year,Premium,Credit Card,0,88.78,2243.28,97.7,2,4,1,No,52,4616.56,1,Champions,17.0,Low,Standard
CUST203579,11,One Year,Premium,Digital Wallet,0,102.78,1048.46,87.6,3,3,1,No,34,3494.52,1,Champions,46.4,High,Priority Save
CUST203580,30,One Year,Basic,Bank Transfer,1,17.0,501.89,30.1,0,3,1,No,34,578.0,3,At Risk,8.5,Low,Standard
CUST203581,21,Two Year,Standard,Mailed Check,0,64.39,1331.59,46.2,0,3,3,No,52,3348.28,3,At Risk,13.9,Low,Standard
CUST203582,13,Month-to-Month,Basic,Credit Card,1,32.02,410.94,28.9,1,4,0,Yes,18,576.36,0,Loyal Steady,29.1,Medium,Standard
CUST203583,72,Two Year,Basic,Credit Card,0,16.47,1143.18,9.4,0,4,1,No,52,856.44,2,Low Engagement,1.9,Low,Standard
CUST203584,45,One Year,Basic,Credit Card,1,28.04,1219.76,13.9,1,2,0,No,34,953.36,3,At Risk,13.7,Low,Standard
CUST203585,18,Month-to-Month,Premium,Credit Card,1,96.06,1668.98,96.5,3,3,1,No,18,1729.08,1,Champions,62.3,High,Standard
CUST203586,15,One Year,Standard,Digital Wallet,0,49.6,737.12,58.4,0,4,2,Yes,34,1686.4,0,Loyal Steady,11.8,Low,Standard
CUST203587,25,Month-to-Month,Basic,Credit Card,1,29.2,715.86,44.5,1,3,1,No,18,525.6,3,At Risk,30.2,Medium,Standard
CUST203588,6,Month-to-Month,Basic,Mailed Check,0,16.49,93.82,9.3,1,3,2,No,18,296.82,3,At Risk,52.3,High,Standard
CUST203589,26,Two Year,Basic,Digital Wallet,1,20.2,492.61,22.8,1,5,1,No,52,1050.4,0,Loyal Steady,3.9,Low,Standard
CUST203590,65,Two Year,Standard,Credit Card,0,53.84,3396.5,61.9,3,5,1,No,52,2799.68,2,Low Engagement,4.6,Low,Standard
CUST203591,35,Month-to-Month,Standard,Bank Transfer,1,53.38,1784.59,77.6,4,4,2,No,18,960.84,0,Loyal Steady,36.6,Medium,Standard
CUST203592,23,Month-to-Month,Basic,Digital Wallet,0,24.55,520.88,12.4,0,3,0,No,18,441.9,3,At Risk,35.2,Medium,Standard
CUST203593,11,Month-to-Month,Standard,Mailed Check,1,63.88,648.07,71.2,2,4,2,No,18,1149.84,0,Loyal Steady,44.8,High,Standard
CUST203594,72,Two Year,Standard,Digital Wallet,0,57.79,4086.91,66.9,2,3,1,Yes,52,3005.08,2,Low Engagement,7.9,Low,Standard
CUST203595,5,Month-to-Month,Basic,Bank Transfer,1,28.79,143.14,41.2,3,5,0,No,18,518.22,0,Loyal Steady,35.5,Medium,Standard
CUST203596,27,One Year,Standard,Credit Card,0,52.41,1344.11,76.1,0,5,0,No,34,1781.94,0,Loyal Steady,7.5,Low,Standard
CUST203597,35,One Year,Premium,Bank Transfer,1,93.63,3171.02,94.1,2,4,2,Yes,34,3183.42,1,Champions,11.7,Low,Standard
CUST203598,70,Month-to-Month,Basic,Mailed Check,0,23.37,1554.37,11.7,0,4,0,Yes,18,420.66,2,Low Engagement,11.8,Low,Standard
CUST203599,41,Two Year,Basic,Credit Card,1,21.39,862.11,32.8,2,3,2,No,52,1112.28,2,Low Engagement,7.7,Low,Standard
CUST203600,29,Month-to-Month,Basic,Credit Card,0,17.91,509.06,21.8,2,5,2,Yes,18,322.38,0,Loyal Steady,17.7,Low,Standard
CUST203601,61,One Year,Basic,Bank Transfer,0,31.48,1792.15,16.9,2,4,0,No,34,1070.32,2,Low Engagement,6.4,Low,Standard
CUST203602,13,Month-to-Month,Premium,Digital Wallet,1,101.07,1252.39,57.7,0,3,3,Yes,18,1819.26,1,Champions,35.5,Medium,Standard
CUST203603,25,Month-to-Month,Standard,Digital Wallet,1,54.39,1295.9,59.5,0,4,5,No,18,979.02,0,Loyal Steady,12.6,Low,Standard
CUST203604,14,One Year,Basic,Digital Wallet,1,30.54,413.16,59.0,1,3,3,No,34,1038.36,3,At Risk,12.3,Low,Standard
CUST203605,16,Month-to-Month,Premium,Credit Card,0,101.6,1595.34,80.8,2,5,3,Yes,18,1828.8,1,Champions,30.5,Medium,Standard
CUST203606,11,Two Year,Standard,Credit Card,1,52.15,569.92,70.0,2,4,4,No,52,2711.8,0,Loyal Steady,9.7,Low,Standard
CUST203607,21,Two Year,Standard,Credit Card,1,59.12,1180.52,82.0,0,3,1,No,52,3074.24,3,At Risk,11.3,Low,Standard
CUST203608,14,Month-to-Month,Premium,Credit Card,1,84.39,1173.07,93.4,0,3,0,Yes,18,1519.02,1,Champions,48.0,High,Standard
CUST203609,68,Month-to-Month,Premium,Mailed Check,1,86.52,5454.79,128.3,2,3,1,No,18,1557.36,1,Champions,33.9,Medium,Standard
CUST203610,18,Month-to-Month,Standard,Credit Card,0,54.33,913.04,45.2,1,4,1,No,18,977.94,0,Loyal Steady,36.1,Medium,Standard
CUST203611,72,Month-to-Month,Basic,Mailed Check,1,26.53,1853.68,29.0,2,5,1,Yes,18,477.54,2,Low Engagement,8.1,Low,Standard
CUST203612,33,One Year,Premium,Bank Transfer,0,99.04,3102.36,86.9,1,3,1,No,34,3367.36,1,Champions,21.0,Low,Standard
CUST203613,19,Month-to-Month,Standard,Bank Transfer,0,52.6,995.77,59.1,2,2,5,Yes,18,946.8,3,At Risk,51.2,High,Standard
CUST203614,33,Two Year,Standard,Digital Wallet,1,60.0,1834.9,64.3,2,3,3,No,52,3120.0,3,At Risk,10.9,Low,Standard
CUST203615,32,Month-to-Month,Premium,Bank Transfer,0,94.38,2908.99,118.2,1,4,2,No,18,1698.84,1,Champions,31.1,Medium,Standard
CUST203616,54,Month-to-Month,Basic,Bank Transfer,0,24.12,1264.34,22.8,3,4,1,No,18,434.16,2,Low Engagement,22.6,Low,Standard
CUST203617,14,Month-to-Month,Standard,Credit Card,0,55.6,743.38,65.6,2,3,1,Yes,18,1000.8,3,At Risk,58.6,High,Standard
CUST203618,20,Month-to-Month,Standard,Digital Wallet,1,56.3,1124.85,44.6,2,3,1,No,18,1013.4,3,At Risk,48.0,High,Standard
CUST203619,69,One Year,Premium,Credit Card,0,97.0,6440.16,103.1,3,3,1,No,34,3298.0,1,Champions,16.4,Low,Standard
CUST203620,13,Month-to-Month,Basic,Bank Transfer,1,29.33,367.19,33.6,2,3,0,No,18,527.94,3,At Risk,47.7,High,Standard
CUST203621,13,Two Year,Premium,Credit Card,0,95.31,1207.87,92.9,3,4,2,No,52,4956.12,1,Champions,24.4,Medium,Standard
CUST203622,66,One Year,Standard,Bank Transfer,1,57.46,3572.32,28.2,0,5,2,No,34,1953.64,2,Low Engagement,1.5,Low,Standard
CUST203623,18,Month-to-Month,Basic,Mailed Check,1,22.67,395.01,39.1,1,4,0,No,18,408.06,0,Loyal Steady,34.3,Medium,Standard
CUST203624,24,Month-to-Month,Standard,Credit Card,0,57.62,1347.82,56.8,1,3,0,Yes,18,1037.16,3,At Risk,48.9,High,Standard
CUST203625,41,One Year,Premium,Digital Wallet,1,97.42,3856.76,101.8,0,5,1,No,34,3312.28,1,Champions,4.5,Low,Standard
CUST203626,20,Two Year,Basic,Mailed Check,1,29.4,548.49,9.6,1,5,1,No,52,1528.8,0,Loyal Steady,5.8,Low,Standard
CUST203627,16,Month-to-Month,Premium,Credit Card,1,92.75,1439.85,78.8,2,3,0,Yes,18,1669.5,1,Champions,60.2,High,Standard
CUST203628,72,Month-to-Month,Premium,Credit Card,1,91.17,6318.51,83.9,2,2,1,No,18,1641.06,1,Champions,34.0,Medium,Standard
CUST203629,28,Two Year,Basic,Credit Card,1,25.31,670.22,21.7,2,3,0,No,52,1316.12,3,At Risk,13.6,Low,Standard
CUST203630,18,One Year,Premium,Digital Wallet,0,95.52,1645.38,96.1,1,4,1,No,34,3247.68,1,Champions,20.0,Low,Standard
CUST203631,7,Month-to-Month,Standard,Digital Wallet,1,52.7,348.83,46.7,4,2,0,Yes,18,948.6,3,At Risk,82.0,Very High,Standard
CUST203632,23,Month-to-Month,Basic,Digital Wallet,0,24.03,517.82,19.8,1,3,1,No,18,432.54,3,At Risk,38.4,Medium,Standard
CUST203633,20,Month-to-Month,Standard,Digital Wallet,1,60.69,1144.06,61.8,3,3,0,Yes,18,1092.42,3,At Risk,59.6,High,Standard
CUST203634,33,Two Year,Standard,Bank Transfer,0,49.11,1603.89,35.0,1,2,1,No,52,2553.72,3,At Risk,21.0,Low,Standard
CUST203635,26,Month-to-Month,Standard,Credit Card,1,56.97,1474.21,60.8,2,4,0,No,18,1025.46,0,Loyal Steady,35.6,Medium,Standard
CUST203636,14,One Year,Standard,Bank Transfer,0,46.41,614.38,39.8,3,4,1,No,34,1577.94,0,Loyal Steady,26.7,Medium,Standard
CUST203637,18,Month-to-Month,Standard,Mailed Check,1,58.17,1017.93,55.5,2,3,2,No,18,1047.06,3,At Risk,52.8,High,Standard
CUST203638,68,One Year,Premium,Credit Card,1,94.64,5927.29,99.8,3,4,0,No,34,3217.76,1,Champions,9.7,Low,Standard
CUST203639,16,Month-to-Month,Standard,Digital Wallet,1,54.12,862.01,40.2,7,2,0,Yes,18,974.16,3,At Risk,89.6,Very High,Standard
CUST203640,38,One Year,Basic,Credit Card,0,22.6,853.24,31.8,0,4,2,No,34,768.4,0,Loyal Steady,4.9,Low,Standard
CUST203641,29,Month-to-Month,Basic,Credit Card,1,26.6,752.59,45.2,1,4,1,Yes,18,478.8,0,Loyal Steady,19.2,Low,Standard
CUST203642,37,Two Year,Standard,Credit Card,0,51.69,1795.63,33.6,2,5,1,No,52,2687.88,0,Loyal Steady,6.6,Low,Standard
CUST203643,40,Two Year,Standard,Mailed Check,0,54.85,2059.17,47.1,1,3,0,Yes,52,2852.2,2,Low Engagement,18.3,Low,Standard
CUST203644,13,Month-to-Month,Premium,Credit Card,1,88.95,1093.86,88.5,2,3,2,Yes,18,1601.1,1,Champions,54.4,High,Standard
CUST203645,37,Month-to-Month,Basic,Digital Wallet,1,25.88,946.1,64.1,1,3,3,No,18,465.84,3,At Risk,19.7,Low,Standard
CUST203646,21,One Year,Standard,Digital Wallet,0,54.94,1147.33,62.6,2,3,1,No,34,1867.96,3,At Risk,28.5,Medium,Standard
CUST203647,12,Month-to-Month,Basic,Credit Card,0,30.95,369.39,12.5,2,3,0,No,18,557.1,3,At Risk,55.0,High,Standard
CUST203648,20,Month-to-Month,Premium,Credit Card,1,95.66,1887.84,99.2,0,3,4,No,18,1721.88,1,Champions,28.5,Medium,Standard
CUST203649,19,One Year,Standard,Bank Transfer,1,50.52,914.86,36.7,2,3,1,No,34,1717.68,3,At Risk,22.7,Low,Standard
CUST203650,18,Month-to-Month,Basic,Mailed Check,1,27.68,483.72,25.5,1,4,1,No,18,498.24,0,Loyal Steady,30.1,Medium,Standard
CUST203651,10,One Year,Standard,Digital Wallet,1,59.66,575.43,66.0,1,5,0,No,34,2028.44,0,Loyal Steady,11.2,Low,Standard
CUST203652,18,Month-to-Month,Standard,Bank Transfer,0,50.68,858.14,49.9,0,3,2,Yes,18,912.24,3,At Risk,37.3,Medium,Standard
CUST203653,47,Two Year,Premium,Mailed Check,0,96.55,4500.04,109.6,2,2,2,No,52,5020.6,1,Champions,28.4,Medium,Standard
CUST203654,43,One Year,Standard,Digital Wallet,1,47.79,1984.99,65.0,2,3,2,No,34,1624.86,2,Low Engagement,12.8,Low,Standard
CUST203655,59,Month-to-Month,Premium,Digital Wallet,1,81.39,4751.25,96.1,2,3,2,No,18,1465.02,1,Champions,28.4,Medium,Standard
CUST203656,23,One Year,Premium,Credit Card,1,96.47,2186.71,66.9,2,3,1,No,34,3279.98,1,Champions,25.3,Medium,Standard
CUST203657,6,Two Year,Basic,Credit Card,1,34.24,190.16,24.1,1,3,0,Yes,52,1780.48,3,At Risk,16.9,Low,Standard
CUST203658,34,Month-to-Month,Basic,Credit Card,1,25.48,835.04,40.5,2,4,1,Yes,18,458.64,0,Loyal Steady,21.8,Low,Standard
CUST203659,23,Two Year,Basic,Credit Card,1,27.09,616.99,4.5,1,3,3,Yes,52,1408.68,3,At Risk,7.3,Low,Standard
CUST203660,15,Two Year,Standard,Mailed Check,0,44.0,650.1,70.0,3,3,1,No,52,2288.0,3,At Risk,40.4,Medium,Standard
CUST203661,14,Two Year,Standard,Bank Transfer,1,59.45,774.43,62.3,2,3,0,Yes,52,3091.4,3,At Risk,23.8,Low,Standard
CUST203662,7,Month-to-Month,Basic,Digital Wallet,0,27.23,187.35,17.9,0,4,3,No,18,490.14,0,Loyal Steady,23.0,Low,Standard
CUST203663,12,Month-to-Month,Standard,Bank Transfer,0,68.21,794.88,23.7,0,4,0,Yes,18,1227.78,0,Loyal Steady,35.3,Medium,Standard
CUST203664,50,Month-to-Month,Basic,Bank Transfer,0,20.91,1003.47,28.9,3,3,3,No,18,376.38,2,Low Engagement,28.0,Medium,Standard
CUST203665,11,One Year,Basic,Credit Card,0,27.58,294.03,52.9,1,3,1,No,34,937.72,3,At Risk,21.3,Low,Standard
CUST203666,18,Month-to-Month,Premium,Credit Card,1,85.68,1454.99,93.3,0,5,1,No,18,1542.24,1,Champions,20.4,Low,Standard
CUST203667,13,Month-to-Month,Basic,Digital Wallet,1,28.2,345.5,34.6,1,4,1,No,18,507.6,0,Loyal Steady,26.8,Medium,Standard
CUST203668,46,Month-to-Month,Basic,Digital Wallet,0,21.91,988.06,31.2,0,3,1,No,18,394.38,2,Low Engagement,20.9,Low,Standard
CUST203669,47,Two Year,Standard,Credit Card,1,53.25,2332.68,72.3,5,3,0,No,52,2769.0,2,Low Engagement,25.0,Medium,Standard
CUST203670,15,Two Year,Premium,Credit Card,1,96.68,1375.25,83.0,2,4,0,No,52,5027.36,1,Champions,19.2,Low,Standard
CUST203671,50,Month-to-Month,Standard,Credit Card,1,52.08,2433.21,42.4,0,2,2,No,18,937.44,2,Low Engagement,24.6,Medium,Standard
CUST203672,40,One Year,Basic,Digital Wallet,0,25.4,942.5,31.3,0,4,1,No,34,863.6,0,Loyal Steady,5.6,Low,Standard
CUST203673,10,One Year,Premium,Digital Wallet,0,97.53,953.07,108.1,3,2,2,Yes,34,3316.02,1,Champions,56.3,High,Priority Save
CUST203674,6,Month-to-Month,Basic,Digital Wallet,1,35.62,205.69,8.2,3,4,0,No,18,641.16,0,Loyal Steady,46.9,High,Standard
CUST203675,44,Month-to-Month,Premium,Digital Wallet,0,83.45,3494.05,71.6,0,4,0,No,18,1502.1,1,Champions,26.1,Medium,Standard
CUST203676,11,Month-to-Month,Standard,Bank Transfer,1,50.78,544.39,43.4,2,4,2,No,18,914.04,0,Loyal Steady,36.4,Medium,Standard
CUST203677,15,One Year,Basic,Credit Card,1,17.97,259.9,47.5,2,4,1,No,34,610.98,0,Loyal Steady,13.1,Low,Standard
CUST203678,8,Month-to-Month,Basic,Credit Card,1,23.78,182.65,29.8,1,3,0,No,18,428.04,3,At Risk,44.0,High,Standard
CUST203679,72,Month-to-Month,Premium,Digital Wallet,1,92.37,6392.92,94.5,1,4,1,No,18,1662.66,1,Champions,12.9,Low,Standard
CUST203680,36,Month-to-Month,Basic,Bank Transfer,0,15.0,536.19,20.7,1,3,0,No,18,270.0,3,At Risk,34.0,Medium,Standard
CUST203681,40,Month-to-Month,Basic,Credit Card,1,32.9,1211.42,20.9,1,4,1,No,18,592.2,0,Loyal Steady,14.7,Low,Standard
CUST203682,15,One Year,Premium,Digital Wallet,1,89.74,1289.6,91.7,2,4,1,Yes,34,3051.16,1,Champions,21.5,Low,Standard
CUST203683,21,Month-to-Month,Standard,Digital Wallet,1,62.96,1261.09,35.8,1,4,2,Yes,18,1133.28,0,Loyal Steady,25.1,Medium,Standard
CUST203684,63,Month-to-Month,Premium,Bank Transfer,0,104.6,6555.51,105.7,1,4,1,No,18,1882.8,1,Champions,18.9,Low,Standard
CUST203685,72,One Year,Basic,Credit Card,1,35.3,2458.59,43.4,1,3,3,No,34,1200.2,2,Low Engagement,2.9,Low,Standard
CUST203686,33,Month-to-Month,Premium,Bank Transfer,0,101.99,3240.09,97.5,4,3,3,No,18,1835.82,1,Champions,58.6,High,Standard
CUST203687,6,One Year,Standard,Credit Card,1,52.12,298.21,71.9,3,5,0,No,34,1772.08,0,Loyal Steady,19.8,Low,Standard
CUST203688,21,Month-to-Month,Standard,Bank Transfer,1,52.22,1088.75,39.6,0,4,0,No,18,939.96,0,Loyal Steady,25.6,Medium,Standard
CUST203689,45,Month-to-Month,Basic,Mailed Check,1,29.48,1298.37,38.6,2,5,1,No,18,530.64,0,Loyal Steady,15.0,Low,Standard
CUST203690,12,One Year,Standard,Digital Wallet,1,62.19,698.21,74.9,2,3,2,No,34,2114.46,3,At Risk,24.1,Low,Standard
CUST203691,26,Month-to-Month,Premium,Credit Card,1,93.24,2345.15,55.6,0,3,4,No,18,1678.32,1,Champions,24.6,Medium,Standard
CUST203692,8,Two Year,Basic,Credit Card,0,26.76,208.11,2.0,2,3,4,No,52,1391.52,3,At Risk,14.9,Low,Standard
CUST203693,32,Two Year,Standard,Digital Wallet,1,55.62,1767.67,80.5,0,4,0,No,52,2892.24,0,Loyal Steady,6.7,Low,Standard
CUST203694,61,Month-to-Month,Basic,Digital Wallet,0,17.92,1015.85,33.2,0,2,0,Yes,18,322.56,2,Low Engagement,26.3,Medium,Standard
CUST203695,72,Month-to-Month,Basic,Bank Transfer,0,17.49,1161.0,31.6,1,5,2,No,18,314.82,2,Low Engagement,5.1,Low,Standard
CUST203696,72,One Year,Standard,Credit Card,1,51.47,3600.72,42.3,1,1,1,No,34,1749.98,2,Low Engagement,13.6,Low,Standard
CUST203697,17,Month-to-Month,Standard,Mailed Check,1,57.72,919.57,62.5,3,3,5,Yes,18,1038.96,3,At Risk,48.4,High,Standard
CUST203698,26,Month-to-Month,Standard,Digital Wallet,0,44.86,1164.85,66.5,0,2,1,No,18,807.48,3,At Risk,50.7,High,Standard
CUST203699,71,Month-to-Month,Basic,Digital Wallet,0,18.94,1320.18,31.8,1,4,2,No,18,340.92,2,Low Engagement,8.8,Low,Standard
CUST203700,32,Month-to-Month,Basic,Digital Wallet,1,37.16,1181.94,38.1,0,4,0,No,18,668.88,0,Loyal Steady,16.4,Low,Standard
CUST203701,39,One Year,Premium,Bank Transfer,0,92.68,3477.13,102.3,0,5,0,No,34,3151.12,1,Champions,7.0,Low,Standard
CUST203702,27,One Year,Premium,Digital Wallet,0,106.91,2694.34,88.5,2,4,0,No,34,3634.94,1,Champions,23.4,Low,Standard
CUST203703,48,Month-to-Month,Standard,Credit Card,1,55.45,2555.18,40.4,1,2,2,Yes,18,998.1,2,Low Engagement,31.2,Medium,Standard
CUST203704,13,Two Year,Premium,Bank Transfer,1,101.63,1236.24,83.2,1,2,1,No,52,5284.76,1,Champions,29.8,Medium,Standard
CUST203705,29,Month-to-Month,Basic,Digital Wallet,0,26.97,731.5,34.5,0,4,1,No,18,485.46,0,Loyal Steady,19.6,Low,Standard
CUST203706,5,Month-to-Month,Standard,Digital Wallet,0,60.46,282.06,56.8,2,5,2,Yes,18,1088.28,0,Loyal Steady,35.9,Medium,Standard
CUST203707,30,One Year,Standard,Digital Wallet,0,58.69,1636.57,66.0,1,3,1,Yes,34,1995.46,3,At Risk,19.1,Low,Standard
CUST203708,11,Month-to-Month,Standard,Bank Transfer,1,57.47,626.9,52.0,1,2,1,Yes,18,1034.46,3,At Risk,58.0,High,Standard
CUST203709,25,One Year,Basic,Credit Card,1,23.25,555.63,30.6,3,3,1,No,34,790.5,3,At Risk,20.0,Low,Standard
CUST203710,35,Month-to-Month,Basic,Bank Transfer,0,17.82,608.71,43.6,3,2,0,Yes,18,320.76,3,At Risk,61.5,High,Standard
CUST203711,72,One Year,Premium,Digital Wallet,1,99.63,6685.33,133.6,2,4,2,No,34,3387.42,1,Champions,5.3,Low,Standard
CUST203712,4,Month-to-Month,Basic,Bank Transfer,1,22.97,89.32,8.5,2,2,1,Yes,18,413.46,3,At Risk,61.2,High,Standard
CUST203713,26,Month-to-Month,Standard,Bank Transfer,1,52.33,1293.32,55.9,2,3,1,No,18,941.94,3,At Risk,43.6,Medium,Standard
CUST203714,13,Month-to-Month,Standard,Bank Transfer,1,51.16,620.7,60.9,1,3,1,Yes,18,920.88,3,At Risk,44.8,High,Standard
CUST203715,51,One Year,Basic,Credit Card,1,36.27,1724.52,31.6,0,4,3,No,34,1233.18,2,Low Engagement,2.2,Low,Standard
CUST203716,32,Month-to-Month,Basic,Mailed Check,1,24.44,760.81,16.0,1,4,0,No,18,439.92,0,Loyal Steady,26.2,Medium,Standard
CUST203717,8,Two Year,Standard,Digital Wallet,1,68.41,522.27,53.4,2,3,1,No,52,3557.32,3,At Risk,23.8,Low,Standard
CUST203718,4,Month-to-Month,Basic,Mailed Check,1,25.09,97.01,12.4,1,3,0,No,18,451.62,3,At Risk,54.3,High,Standard
CUST203719,64,Month-to-Month,Premium,Bank Transfer,1,99.38,6041.85,74.3,0,4,4,No,18,1788.84,1,Champions,7.0,Low,Standard
CUST203720,57,Month-to-Month,Basic,Digital Wallet,1,26.39,1417.57,25.8,0,3,0,No,18,475.02,2,Low Engagement,14.8,Low,Standard
CUST203721,47,Month-to-Month,Standard,Bank Transfer,1,58.36,2646.46,44.6,2,3,0,No,18,1050.48,2,Low Engagement,34.3,Medium,Standard
CUST203722,11,Month-to-Month,Basic,Bank Transfer,0,28.53,292.12,34.8,1,4,3,No,18,513.54,0,Loyal Steady,26.0,Medium,Standard
CUST203723,43,One Year,Standard,Bank Transfer,0,48.14,2061.05,50.0,1,4,1,No,34,1636.76,2,Low Engagement,8.9,Low,Standard
CUST203724,17,One Year,Premium,Digital Wallet,1,92.87,1466.55,102.2,2,3,1,No,34,3157.58,1,Champions,30.2,Medium,Standard
CUST203725,28,One Year,Premium,Digital Wallet,0,91.37,2365.76,101.8,1,3,0,Yes,34,3106.58,1,Champions,27.9,Medium,Standard
CUST203726,17,Two Year,Premium,Digital Wallet,1,102.54,1607.27,97.1,3,3,1,No,52,5332.08,1,Champions,30.6,Medium,Standard
CUST203727,65,One Year,Standard,Credit Card,0,55.08,3327.01,69.7,0,3,0,No,34,1872.72,2,Low Engagement,7.7,Low,Standard
CUST203728,21,Month-to-Month,Standard,Digital Wallet,1,52.89,1034.12,63.7,1,4,2,No,18,952.02,0,Loyal Steady,26.2,Medium,Standard
CUST203729,36,Month-to-Month,Premium,Credit Card,1,99.51,3439.82,113.6,1,4,0,No,18,1791.18,1,Champions,29.7,Medium,Standard
CUST203730,31,Month-to-Month,Basic,Digital Wallet,1,21.81,627.72,2.0,2,4,3,No,18,392.58,0,Loyal Steady,17.8,Low,Standard
CUST203731,18,Month-to-Month,Standard,Digital Wallet,0,50.98,865.66,71.9,2,3,2,No,18,917.64,3,At Risk,53.4,High,Standard
CUST203732,18,Month-to-Month,Standard,Bank Transfer,1,51.55,908.92,76.5,1,4,0,No,18,927.9,0,Loyal Steady,34.2,Medium,Standard
CUST203733,23,Month-to-Month,Standard,Credit Card,1,57.9,1304.59,30.2,0,4,2,Yes,18,1042.2,0,Loyal Steady,18.7,Low,Standard
CUST203734,24,One Year,Standard,Mailed Check,1,57.48,1281.64,43.0,4,4,0,No,34,1954.32,0,Loyal Steady,31.6,Medium,Standard
CUST203735,43,Month-to-Month,Basic,Credit Card,1,22.96,982.4,6.4,1,2,0,Yes,18,413.28,3,At Risk,34.2,Medium,Standard
CUST203736,34,Two Year,Standard,Bank Transfer,1,41.16,1317.79,57.8,0,4,0,No,52,2140.32,0,Loyal Steady,6.2,Low,Standard
CUST203737,62,One Year,Premium,Credit Card,0,97.11,5885.2,101.3,2,4,0,No,34,3301.74,1,Champions,11.1,Low,Standard
CUST203738,53,Month-to-Month,Standard,Digital Wallet,0,53.87,2677.37,47.4,0,3,2,No,18,969.66,2,Low Engagement,20.2,Low,Standard
CUST203739,13,Two Year,Premium,Credit Card,0,91.2,1136.71,109.0,5,1,0,Yes,52,4742.4,1,Champions,79.1,Very High,Priority Save
CUST203740,35,Month-to-Month,Standard,Mailed Check,0,64.47,2100.7,33.6,0,5,0,No,18,1160.46,0,Loyal Steady,20.9,Low,Standard
CUST203741,42,Month-to-Month,Standard,Credit Card,0,48.89,1982.93,48.2,0,5,1,No,18,880.02,0,Loyal Steady,12.3,Low,Standard
CUST203742,48,Month-to-Month,Standard,Mailed Check,1,57.91,2643.99,49.8,0,4,1,Yes,18,1042.38,2,Low Engagement,17.1,Low,Standard
CUST203743,43,Month-to-Month,Basic,Digital Wallet,0,22.37,921.84,23.8,0,3,1,No,18,402.66,2,Low Engagement,22.0,Low,Standard
CUST203744,52,One Year,Premium,Credit Card,0,95.27,4630.51,130.6,0,5,1,No,34,3239.18,1,Champions,4.6,Low,Standard
CUST203745,50,Month-to-Month,Basic,Credit Card,1,30.52,1433.82,12.4,2,4,0,Yes,18,549.36,2,Low Engagement,17.4,Low,Standard
CUST203746,48,Two Year,Standard,Credit Card,1,49.75,2311.08,44.0,1,2,0,No,52,2587.0,2,Low Engagement,14.1,Low,Standard
CUST203747,25,Month-to-Month,Basic,Digital Wallet,0,21.78,507.06,19.8,0,4,0,No,18,392.04,0,Loyal Steady,24.1,Low,Standard
CUST203748,21,Two Year,Premium,Digital Wallet,0,98.46,1968.53,129.6,2,2,3,No,52,5119.92,1,Champions,33.1,Medium,Standard
CUST203749,25,One Year,Basic,Digital Wallet,0,23.42,542.0,42.4,0,5,1,No,34,796.28,0,Loyal Steady,5.1,Low,Standard
CUST203750,33,Month-to-Month,Standard,Bank Transfer,0,53.33,1629.98,54.9,1,5,0,No,18,959.94,0,Loyal Steady,21.7,Low,Standard
CUST203751,17,Month-to-Month,Premium,Mailed Check,1,95.39,1564.16,80.4,3,3,2,No,18,1717.02,1,Champions,66.4,Very High,Standard
CUST203752,17,Month-to-Month,Basic,Bank Transfer,1,21.09,331.69,41.5,2,4,2,No,18,379.62,0,Loyal Steady,26.8,Medium,Standard
CUST203753,4,One Year,Standard,Bank Transfer,0,57.67,219.7,83.3,2,4,1,Yes,34,1960.78,0,Loyal Steady,26.5,Medium,Standard
CUST203754,52,Month-to-Month,Basic,Credit Card,1,29.26,1512.3,40.0,1,3,0,No,18,526.68,2,Low Engagement,20.4,Low,Standard
CUST203755,44,Two Year,Premium,Credit Card,0,89.23,3638.2,94.0,1,3,0,No,52,4639.96,1,Champions,16.2,Low,Standard
CUST203756,30,Month-to-Month,Premium,Digital Wallet,0,87.89,2495.32,117.0,3,1,0,No,18,1582.02,1,Champions,85.1,Very High,Standard
CUST203757,58,One Year,Premium,Credit Card,0,99.24,5385.04,93.3,1,4,1,No,34,3374.16,1,Champions,7.9,Low,Standard
CUST203758,31,Month-to-Month,Standard,Credit Card,1,69.24,2120.63,55.8,2,3,0,Yes,18,1246.32,3,At Risk,43.8,High,Standard
CUST203759,16,Month-to-Month,Premium,Bank Transfer,1,96.65,1440.94,104.6,2,3,2,No,18,1739.7,1,Champions,52.4,High,Standard
CUST203760,13,One Year,Standard,Digital Wallet,1,45.44,574.76,49.4,3,4,1,No,34,1544.96,0,Loyal Steady,22.9,Low,Standard
CUST203761,35,One Year,Basic,Digital Wallet,1,25.93,884.59,2.0,3,4,0,No,34,881.62,0,Loyal Steady,12.2,Low,Standard
CUST203762,72,Month-to-Month,Basic,Mailed Check,0,16.28,1149.23,39.8,2,4,0,No,18,293.04,2,Low Engagement,19.3,Low,Standard
CUST203763,16,Month-to-Month,Standard,Digital Wallet,0,51.74,789.35,50.0,0,4,2,Yes,18,931.32,0,Loyal Steady,28.4,Medium,Standard
CUST203764,4,Month-to-Month,Standard,Bank Transfer,1,54.63,205.39,65.7,2,3,2,Yes,18,983.34,3,At Risk,53.6,High,Standard
CUST203765,9,Month-to-Month,Basic,Mailed Check,1,24.85,219.94,33.5,1,3,2,Yes,18,447.3,3,At Risk,43.5,Medium,Standard
CUST203766,7,One Year,Basic,Mailed Check,1,19.12,131.14,30.0,1,3,1,No,34,650.08,3,At Risk,23.8,Low,Standard
CUST203767,46,Month-to-Month,Basic,Credit Card,1,34.79,1512.59,23.6,1,5,0,No,18,626.22,0,Loyal Steady,9.5,Low,Standard
CUST203768,9,Month-to-Month,Standard,Credit Card,1,48.89,434.23,49.8,1,3,1,Yes,18,880.02,3,At Risk,47.3,High,Standard
CUST203769,29,Month-to-Month,Standard,Digital Wallet,1,65.83,1815.55,43.9,2,4,0,No,18,1184.94,0,Loyal Steady,33.9,Medium,Standard
CUST203770,6,Two Year,Premium,Credit Card,1,102.89,591.63,72.4,2,5,1,No,52,5350.28,1,Champions,12.9,Low,Standard
CUST203771,31,Month-to-Month,Premium,Digital Wallet,0,86.8,2595.84,97.7,2,4,1,No,18,1562.4,1,Champions,43.2,Medium,Standard
CUST203772,20,Month-to-Month,Standard,Credit Card,1,61.05,1203.48,43.2,2,2,2,No,18,1098.9,3,At Risk,55.1,High,Standard
CUST203773,46,Month-to-Month,Premium,Bank Transfer,1,96.59,4299.89,77.6,2,4,0,No,18,1738.62,1,Champions,29.5,Medium,Standard
CUST203774,50,Month-to-Month,Standard,Credit Card,0,52.62,2462.52,50.9,3,3,0,No,18,947.16,2,Low Engagement,47.0,High,Standard
CUST203775,50,One Year,Standard,Credit Card,1,49.25,2351.27,49.3,1,3,3,No,34,1674.5,2,Low Engagement,6.8,Low,Standard
CUST203776,28,Month-to-Month,Standard,Credit Card,0,53.78,1465.37,38.6,3,4,0,No,18,968.04,0,Loyal Steady,48.0,High,Standard
CUST203777,35,One Year,Premium,Bank Transfer,1,99.17,3386.93,78.6,1,3,0,No,34,3371.78,1,Champions,18.1,Low,Standard
CUST203778,49,Month-to-Month,Premium,Credit Card,0,93.2,4317.91,97.3,1,4,2,Yes,18,1677.6,1,Champions,22.4,Low,Standard
CUST203779,6,Month-to-Month,Premium,Digital Wallet,0,98.11,575.36,79.4,0,4,0,Yes,18,1765.98,1,Champions,47.5,High,Standard
CUST203780,43,One Year,Premium,Digital Wallet,0,103.29,4251.24,109.1,1,4,1,Yes,34,3511.86,1,Champions,11.7,Low,Standard
CUST203781,8,One Year,Standard,Credit Card,0,61.19,454.09,54.0,2,2,1,No,34,2080.46,3,At Risk,46.3,High,Priority Save
CUST203782,41,Month-to-Month,Premium,Digital Wallet,0,88.5,3555.3,107.4,1,5,1,Yes,18,1593.0,1,Champions,21.2,Low,Standard
CUST203783,18,One Year,Basic,Mailed Check,1,15.48,259.27,11.3,3,3,2,No,34,526.32,3,At Risk,26.1,Medium,Standard
CUST203784,21,One Year,Basic,Credit Card,1,22.25,450.3,21.9,2,3,1,No,34,756.5,3,At Risk,17.0,Low,Standard
CUST203785,71,One Year,Basic,Digital Wallet,1,34.05,2387.92,6.4,3,3,1,No,34,1157.7,2,Low Engagement,7.1,Low,Standard
CUST203786,8,One Year,Premium,Credit Card,1,96.58,717.01,102.6,3,4,2,No,34,3283.72,1,Champions,26.2,Medium,Standard
CUST203787,48,Two Year,Standard,Digital Wallet,1,55.49,2479.6,77.9,1,5,2,No,52,2885.48,0,Loyal Steady,2.7,Low,Standard
CUST203788,16,Month-to-Month,Premium,Credit Card,1,87.9,1399.42,69.5,1,4,1,Yes,18,1582.2,1,Champions,36.6,Medium,Standard
CUST203789,33,Month-to-Month,Basic,Digital Wallet,0,16.97,555.71,27.1,1,3,0,No,18,305.46,3,At Risk,36.9,Medium,Standard
CUST203790,32,Month-to-Month,Basic,Credit Card,0,31.52,993.06,22.7,3,3,1,No,18,567.36,3,At Risk,45.6,High,Standard
CUST203791,20,Month-to-Month,Basic,Credit Card,0,28.4,545.55,51.1,4,3,0,Yes,18,511.2,3,At Risk,65.2,Very High,Standard
CUST203792,23,Month-to-Month,Basic,Mailed Check,1,22.56,495.38,2.0,0,4,1,No,18,406.08,0,Loyal Steady,21.8,Low,Standard
CUST203793,6,Month-to-Month,Premium,Mailed Check,0,95.88,551.84,95.0,1,3,3,Yes,18,1725.84,1,Champions,62.6,High,Standard
CUST203794,27,Month-to-Month,Standard,Mailed Check,0,47.09,1249.32,64.5,2,2,0,No,18,847.62,3,At Risk,73.9,Very High,Standard
CUST203795,28,Month-to-Month,Basic,Credit Card,0,25.44,679.23,39.4,1,5,3,No,18,457.92,0,Loyal Steady,12.3,Low,Standard
CUST203796,15,Month-to-Month,Premium,Bank Transfer,0,98.01,1433.56,92.0,1,2,2,No,18,1764.18,1,Champions,64.7,Very High,Standard
CUST203797,52,Month-to-Month,Premium,Digital Wallet,1,101.25,5177.39,78.5,3,3,1,Yes,18,1822.5,1,Champions,41.2,Medium,Standard
CUST203798,4,Two Year,Standard,Bank Transfer,0,50.94,194.45,54.5,2,4,0,No,52,2648.88,0,Loyal Steady,24.7,Medium,Standard
CUST203799,37,Month-to-Month,Standard,Digital Wallet,0,39.77,1361.77,44.5,5,5,1,No,18,715.86,0,Loyal Steady,42.1,Medium,Standard
CUST203800,26,Month-to-Month,Premium,Mailed Check,1,96.86,2360.05,103.5,1,4,2,No,18,1743.48,1,Champions,35.2,Medium,Standard
CUST203801,33,Month-to-Month,Standard,Credit Card,1,53.1,1636.41,56.0,1,2,3,No,18,955.8,3,At Risk,36.6,Medium,Standard
CUST203802,32,One Year,Standard,Digital Wallet,1,51.9,1546.86,60.2,0,3,2,No,34,1764.6,3,At Risk,9.7,Low,Standard
CUST203803,71,Month-to-Month,Basic,Credit Card,0,22.22,1532.25,24.9,2,4,0,No,18,399.96,2,Low Engagement,14.5,Low,Standard
CUST203804,31,Month-to-Month,Standard,Digital Wallet,1,48.73,1436.89,67.6,1,5,2,No,18,877.14,0,Loyal Steady,14.4,Low,Standard
CUST203805,33,One Year,Basic,Mailed Check,1,39.18,1271.86,41.6,2,3,6,No,34,1332.12,3,At Risk,8.3,Low,Standard
CUST203806,14,Month-to-Month,Basic,Bank Transfer,1,21.57,295.06,15.1,1,3,0,No,18,388.26,3,At Risk,39.8,Medium,Standard
CUST203807,18,Month-to-Month,Basic,Digital Wallet,0,25.39,443.16,30.4,0,2,1,No,18,457.02,3,At Risk,46.9,High,Standard
CUST203808,36,Two Year,Standard,Bank Transfer,0,48.16,1655.09,31.2,0,3,2,No,52,2504.32,3,At Risk,8.6,Low,Standard
CUST203809,56,One Year,Standard,Credit Card,1,55.07,2918.7,53.5,1,5,0,Yes,34,1872.38,2,Low Engagement,3.6,Low,Standard
CUST203810,43,Month-to-Month,Standard,Credit Card,0,58.64,2391.81,60.3,0,4,3,Yes,18,1055.52,2,Low Engagement,13.9,Low,Standard
CUST203811,72,Month-to-Month,Standard,Credit Card,1,40.31,2779.18,47.7,3,4,1,No,18,725.58,2,Low Engagement,16.6,Low,Standard
CUST203812,26,Two Year,Standard,Bank Transfer,0,45.25,1107.74,62.4,5,3,1,No,52,2353.0,3,At Risk,39.1,Medium,Standard
CUST203813,28,Two Year,Premium,Digital Wallet,0,82.67,2131.22,87.5,1,2,1,Yes,52,4298.84,1,Champions,29.8,Medium,Standard
CUST203814,28,One Year,Standard,Credit Card,0,59.45,1619.45,50.7,4,3,1,No,34,2021.3,3,At Risk,35.9,Medium,Standard
CUST203815,27,Month-to-Month,Basic,Credit Card,1,23.36,628.21,2.5,0,5,0,No,18,420.48,0,Loyal Steady,11.3,Low,Standard
CUST203816,4,One Year,Standard,Mailed Check,1,49.56,187.91,83.5,0,3,0,No,34,1685.04,3,At Risk,29.8,Medium,Standard
CUST203817,41,One Year,Premium,Mailed Check,0,91.91,3718.36,114.5,0,4,2,No,34,3124.94,1,Champions,10.9,Low,Standard
CUST203818,33,Month-to-Month,Standard,Digital Wallet,0,64.37,1984.99,55.7,1,4,1,No,18,1158.66,0,Loyal Steady,28.5,Medium,Standard
CUST203819,72,Two Year,Premium,Credit Card,0,93.26,6527.11,112.2,2,2,0,No,52,4849.52,1,Champions,17.5,Low,Standard
CUST203820,11,One Year,Standard,Bank Transfer,1,47.76,495.6,55.3,0,4,0,No,34,1623.84,0,Loyal Steady,12.9,Low,Standard
CUST203821,32,Month-to-Month,Basic,Bank Transfer,1,22.68,699.19,28.5,3,5,1,No,18,408.24,0,Loyal Steady,19.0,Low,Standard
CUST203822,11,Month-to-Month,Basic,Credit Card,1,41.19,427.51,40.9,1,3,1,No,18,741.42,3,At Risk,37.5,Medium,Standard
CUST203823,12,Two Year,Basic,Digital Wallet,0,28.43,340.49,37.2,2,3,0,Yes,52,1478.36,3,At Risk,25.0,Medium,Standard
CUST203824,8,Two Year,Standard,Bank Transfer,0,69.42,517.43,44.9,1,4,1,No,52,3609.84,0,Loyal Steady,15.1,Low,Standard
CUST203825,12,Two Year,Basic,Credit Card,0,24.13,285.56,26.2,0,3,5,No,52,1254.76,3,At Risk,7.2,Low,Standard
CUST203826,18,Month-to-Month,Basic,Credit Card,0,17.29,299.96,22.5,2,2,2,No,18,311.22,3,At Risk,56.4,High,Standard
CUST203827,27,Month-to-Month,Standard,Digital Wallet,0,50.48,1310.01,44.8,1,5,2,No,18,908.64,0,Loyal Steady,19.4,Low,Standard
CUST203828,33,One Year,Standard,Digital Wallet,1,47.76,1565.28,59.8,3,4,1,No,34,1623.84,0,Loyal Steady,15.3,Low,Standard
CUST203829,12,Month-to-Month,Premium,Digital Wallet,0,101.63,1192.54,78.9,1,4,2,No,18,1829.34,1,Champions,42.5,Medium,Standard
CUST203830,31,Two Year,Basic,Digital Wallet,0,18.75,575.05,41.8,2,4,2,No,52,975.0,0,Loyal Steady,8.4,Low,Standard
CUST203831,40,Month-to-Month,Premium,Digital Wallet,0,95.75,3765.11,92.2,3,4,2,No,18,1723.5,1,Champions,40.0,Medium,Standard
CUST203832,28,One Year,Basic,Credit Card,1,21.4,599.19,10.4,0,3,2,No,34,727.6,3,At Risk,7.4,Low,Standard
CUST203833,13,One Year,Standard,Bank Transfer,1,58.75,706.98,50.7,2,4,3,No,34,1997.5,0,Loyal Steady,12.9,Low,Standard
CUST203834,42,Month-to-Month,Standard,Digital Wallet,1,52.93,2223.06,66.2,2,4,2,Yes,18,952.74,0,Loyal Steady,21.8,Low,Standard
CUST203835,19,Two Year,Basic,Credit Card,1,37.35,665.4,35.4,2,4,0,No,52,1942.2,0,Loyal Steady,10.6,Low,Standard
CUST203836,15,Month-to-Month,Premium,Credit Card,0,95.03,1342.6,100.3,1,5,2,Yes,18,1710.54,1,Champions,29.2,Medium,Standard
CUST203837,52,Month-to-Month,Premium,Bank Transfer,1,106.93,5213.73,104.7,2,2,1,Yes,18,1924.74,1,Champions,45.7,High,Priority Save
CUST203838,72,Month-to-Month,Premium,Digital Wallet,0,88.8,6121.72,91.1,1,4,1,No,18,1598.4,1,Champions,16.5,Low,Standard
CUST203839,72,One Year,Standard,Credit Card,0,63.25,4328.33,60.7,3,3,1,Yes,34,2150.5,2,Low Engagement,12.0,Low,Standard
CUST203840,72,One Year,Basic,Credit Card,1,20.55,1408.6,28.4,0,4,2,No,34,698.7,2,Low Engagement,1.6,Low,Standard
CUST203841,36,Month-to-Month,Premium,Bank Transfer,1,96.9,3418.67,92.2,3,5,3,No,18,1744.2,1,Champions,21.2,Low,Standard
CUST203842,28,Month-to-Month,Standard,Digital Wallet,1,55.75,1512.24,45.0,2,4,3,No,18,1003.5,0,Loyal Steady,24.6,Medium,Standard
CUST203843,25,Month-to-Month,Basic,Credit Card,1,25.98,609.35,34.1,0,2,3,No,18,467.64,3,At Risk,27.6,Medium,Standard
CUST203844,34,Month-to-Month,Basic,Credit Card,0,29.5,961.08,3.4,0,3,0,No,18,531.0,3,At Risk,27.9,Medium,Standard
CUST203845,26,Month-to-Month,Basic,Digital Wallet,1,23.71,609.0,24.1,3,3,0,Yes,18,426.78,3,At Risk,47.9,High,Standard
CUST203846,57,Month-to-Month,Standard,Credit Card,1,71.97,4048.4,35.0,1,2,1,No,18,1295.46,2,Low Engagement,29.0,Medium,Standard
CUST203847,29,Month-to-Month,Standard,Credit Card,0,57.07,1593.06,54.2,0,4,0,Yes,18,1027.26,0,Loyal Steady,27.5,Medium,Standard
CUST203848,72,Two Year,Standard,Mailed Check,0,50.58,3440.37,40.2,0,3,2,No,52,2630.16,2,Low Engagement,5.1,Low,Standard
CUST203849,7,One Year,Premium,Credit Card,0,99.73,698.08,93.5,1,2,3,Yes,34,3390.82,1,Champions,38.1,Medium,Standard
CUST203850,72,Month-to-Month,Basic,Bank Transfer,1,19.49,1302.8,22.9,0,3,1,No,18,350.82,2,Low Engagement,8.8,Low,Standard
CUST203851,4,Two Year,Standard,Credit Card,0,58.06,214.01,56.2,1,3,1,Yes,52,3019.12,3,At Risk,25.4,Medium,Standard
CUST203852,21,Two Year,Basic,Credit Card,1,15.64,317.43,39.9,0,4,1,No,52,813.28,0,Loyal Steady,5.3,Low,Standard
CUST203853,38,One Year,Basic,Bank Transfer,0,25.6,927.77,54.6,0,4,1,No,34,870.4,0,Loyal Steady,5.8,Low,Standard
CUST203854,12,Month-to-Month,Premium,Digital Wallet,1,97.19,1129.31,77.2,1,4,0,No,18,1749.42,1,Champions,43.8,High,Standard
CUST203855,72,Two Year,Basic,Mailed Check,0,25.63,1705.77,24.3,0,4,0,No,52,1332.76,2,Low Engagement,3.2,Low,Standard
CUST203856,40,One Year,Basic,Credit Card,1,25.53,939.55,41.1,1,2,0,Yes,34,868.02,3,At Risk,15.8,Low,Standard
CUST203857,7,One Year,Standard,Mailed Check,1,56.83,368.26,34.7,1,4,0,No,34,1932.22,0,Loyal Steady,22.8,Low,Standard
CUST203858,22,Month-to-Month,Premium,Credit Card,0,105.28,2232.4,88.9,1,4,0,Yes,18,1895.04,1,Champions,43.5,Medium,Standard
CUST203859,61,Month-to-Month,Premium,Digital Wallet,1,91.84,5318.81,109.4,1,3,0,No,18,1653.12,1,Champions,28.0,Medium,Standard
CUST203860,72,Month-to-Month,Standard,Digital Wallet,0,60.52,4331.19,67.4,1,4,1,No,18,1089.36,2,Low Engagement,13.1,Low,Standard
CUST203861,11,Month-to-Month,Standard,Digital Wallet,1,61.61,627.22,55.0,2,4,2,No,18,1108.98,0,Loyal Steady,37.3,Medium,Standard
CUST203862,16,Month-to-Month,Standard,Digital Wallet,0,56.09,881.21,59.0,0,3,1,Yes,18,1009.62,3,At Risk,43.7,High,Standard
CUST203863,24,Month-to-Month,Premium,Bank Transfer,1,99.57,2347.73,75.3,1,3,0,Yes,18,1792.26,1,Champions,47.4,High,Standard
CUST203864,27,One Year,Standard,Bank Transfer,0,56.87,1436.84,45.9,3,2,1,Yes,34,1933.58,3,At Risk,41.4,Medium,Standard
CUST203865,23,Month-to-Month,Standard,Credit Card,1,51.47,1089.54,86.5,2,3,2,Yes,18,926.46,3,At Risk,42.5,Medium,Standard
CUST203866,53,Month-to-Month,Basic,Bank Transfer,1,15.0,783.57,19.2,1,5,0,No,18,270.0,2,Low Engagement,8.4,Low,Standard
CUST203867,12,Month-to-Month,Premium,Digital Wallet,1,92.3,1065.13,88.9,2,4,1,No,18,1661.4,1,Champions,47.5,High,Standard
CUST203868,15,One Year,Standard,Bank Transfer,1,58.17,870.58,43.9,2,3,1,No,34,1977.78,3,At Risk,24.4,Low,Standard
CUST203869,27,Month-to-Month,Basic,Credit Card,1,27.57,740.86,40.6,1,3,1,No,18,496.26,3,At Risk,29.1,Medium,Standard
CUST203870,38,Month-to-Month,Basic,Digital Wallet,1,23.69,893.75,25.6,2,4,3,No,18,426.42,0,Loyal Steady,15.7,Low,Standard
CUST203871,24,Month-to-Month,Standard,Credit Card,1,42.86,989.37,52.4,1,4,0,No,18,771.48,0,Loyal Steady,30.8,Medium,Standard
CUST203872,19,Month-to-Month,Standard,Mailed Check,1,60.05,1118.03,40.8,0,5,0,No,18,1080.9,0,Loyal Steady,23.3,Low,Standard
CUST203873,32,Two Year,Basic,Credit Card,0,28.74,852.95,21.8,1,3,1,No,52,1494.48,3,At Risk,10.7,Low,Standard
CUST203874,56,Month-to-Month,Standard,Digital Wallet,0,43.89,2338.84,60.1,1,3,1,Yes,18,790.02,2,Low Engagement,27.9,Medium,Standard
CUST203875,9,Two Year,Standard,Digital Wallet,1,60.11,528.04,39.5,1,5,3,No,52,3125.72,0,Loyal Steady,5.6,Low,Standard
CUST203876,20,Month-to-Month,Standard,Digital Wallet,1,56.63,1056.06,44.4,1,4,1,Yes,18,1019.34,0,Loyal Steady,29.4,Medium,Standard
CUST203877,16,Two Year,Standard,Digital Wallet,1,64.97,999.34,62.2,1,2,0,Yes,52,3378.44,3,At Risk,27.5,Medium,Standard
CUST203878,72,Month-to-Month,Standard,Digital Wallet,0,57.91,4129.01,72.9,3,3,1,No,18,1042.38,2,Low Engagement,31.2,Medium,Standard
CUST203879,41,Month-to-Month,Premium,Credit Card,1,88.95,3639.98,73.9,0,4,1,No,18,1601.1,1,Champions,18.7,Low,Standard
CUST203880,11,Month-to-Month,Basic,Digital Wallet,0,32.02,324.72,52.2,3,3,1,Yes,18,576.36,3,At Risk,60.7,High,Standard
CUST203881,12,One Year,Premium,Bank Transfer,0,83.65,973.54,113.1,1,3,2,No,34,2844.1,1,Champions,29.0,Medium,Standard
CUST203882,22,Month-to-Month,Standard,Bank Transfer,1,59.96,1309.08,57.9,0,4,2,No,18,1079.28,0,Loyal Steady,19.4,Low,Standard
CUST203883,35,One Year,Basic,Credit Card,1,25.09,872.11,19.1,1,2,0,No,34,853.06,3,At Risk,17.2,Low,Standard
CUST203884,63,Month-to-Month,Premium,Credit Card,1,88.26,5120.53,100.8,1,2,2,No,18,1588.68,1,Champions,29.6,Medium,Standard
CUST203885,14,Month-to-Month,Basic,Credit Card,1,34.26,456.6,2.0,1,3,3,No,18,616.68,3,At Risk,27.8,Medium,Standard
CUST203886,37,Two Year,Basic,Digital Wallet,0,23.03,787.28,19.7,3,4,1,No,52,1197.56,0,Loyal Steady,10.7,Low,Standard
CUST203887,25,One Year,Premium,Credit Card,1,99.85,2333.34,86.1,1,4,0,No,34,3394.9,1,Champions,14.9,Low,Standard
CUST203888,21,One Year,Standard,Digital Wallet,0,51.13,1019.97,57.5,1,4,2,No,34,1738.42,0,Loyal Steady,13.2,Low,Standard
CUST203889,9,Two Year,Basic,Credit Card,0,25.15,225.0,47.8,2,3,0,No,52,1307.8,3,At Risk,26.1,Medium,Standard
CUST203890,50,Two Year,Basic,Bank Transfer,1,17.83,887.02,27.2,1,5,2,No,52,927.16,0,Loyal Steady,1.8,Low,Standard
CUST203891,12,Month-to-Month,Standard,Digital Wallet,1,58.85,649.83,40.5,1,3,1,Yes,18,1059.3,3,At Risk,45.6,High,Standard
CUST203892,37,Month-to-Month,Standard,Credit Card,1,51.8,1834.18,35.8,1,2,0,No,18,932.4,3,At Risk,45.7,High,Standard
CUST203893,51,Month-to-Month,Standard,Digital Wallet,0,54.08,2739.0,19.5,3,2,2,Yes,18,973.44,2,Low Engagement,50.6,High,Standard
CUST203894,63,Two Year,Standard,Mailed Check,1,58.71,3629.89,58.5,5,2,1,Yes,52,3052.92,2,Low Engagement,29.8,Medium,Standard
CUST203895,61,Month-to-Month,Basic,Credit Card,0,25.53,1469.21,6.1,2,2,1,No,18,459.54,2,Low Engagement,33.0,Medium,Standard
CUST203896,29,One Year,Premium,Credit Card,0,87.9,2438.85,100.8,1,4,0,No,34,2988.6,1,Champions,18.0,Low,Standard
CUST203897,13,Month-to-Month,Standard,Credit Card,1,56.64,735.49,60.1,1,3,1,Yes,18,1019.52,3,At Risk,44.6,High,Standard
CUST203898,43,Month-to-Month,Standard,Credit Card,0,56.82,2337.81,67.8,2,2,0,No,18,1022.76,3,At Risk,57.0,High,Standard
CUST203899,13,Month-to-Month,Standard,Credit Card,1,53.39,656.8,84.0,1,3,3,No,18,961.02,3,At Risk,37.4,Medium,Standard
CUST203900,47,Month-to-Month,Standard,Mailed Check,1,66.18,3099.77,58.4,2,5,0,Yes,18,1191.24,0,Loyal Steady,21.2,Low,Standard
CUST203901,37,Two Year,Standard,Mailed Check,1,51.09,1839.58,53.8,1,5,1,No,52,2656.68,0,Loyal Steady,5.4,Low,Standard
CUST203902,43,Two Year,Standard,Bank Transfer,1,54.48,2242.26,68.8,0,3,1,No,52,2832.96,2,Low Engagement,6.7,Low,Standard
CUST203903,24,Month-to-Month,Standard,Digital Wallet,1,61.74,1416.21,71.0,0,3,0,Yes,18,1111.32,3,At Risk,36.0,Medium,Standard
CUST203904,24,Two Year,Standard,Digital Wallet,0,57.73,1322.8,68.4,0,3,0,No,52,3001.96,3,At Risk,16.0,Low,Standard
CUST203905,41,Month-to-Month,Standard,Credit Card,1,63.7,2561.91,59.6,1,4,0,Yes,18,1146.6,0,Loyal Steady,21.7,Low,Standard
CUST203906,5,Month-to-Month,Basic,Digital Wallet,1,29.39,146.28,33.4,0,4,1,No,18,529.02,0,Loyal Steady,25.0,Medium,Standard
CUST203907,24,Month-to-Month,Basic,Bank Transfer,1,27.95,659.28,13.6,2,4,1,No,18,503.1,0,Loyal Steady,25.7,Medium,Standard
CUST203908,30,Month-to-Month,Standard,Credit Card,1,53.91,1556.88,63.9,1,2,1,No,18,970.38,3,At Risk,46.7,High,Standard
CUST203909,48,Two Year,Standard,Credit Card,0,55.75,2659.48,57.0,0,2,0,No,52,2899.0,2,Low Engagement,14.0,Low,Standard
CUST203910,39,Month-to-Month,Premium,Bank Transfer,0,93.01,3353.36,105.1,4,3,3,No,18,1674.18,1,Champions,55.6,High,Standard
CUST203911,23,Two Year,Basic,Mailed Check,0,29.21,669.42,4.8,1,3,2,No,52,1518.92,3,At Risk,14.8,Low,Standard
CUST203912,39,Month-to-Month,Standard,Credit Card,1,53.74,1970.8,59.8,0,3,1,Yes,18,967.32,3,At Risk,23.8,Low,Standard
CUST203913,24,One Year,Premium,Bank Transfer,1,86.44,1968.02,91.6,2,4,3,No,34,2938.96,1,Champions,13.0,Low,Standard
CUST203914,29,Month-to-Month,Basic,Credit Card,1,26.29,757.62,37.3,0,3,2,No,18,473.22,3,At Risk,19.8,Low,Standard
CUST203915,8,Two Year,Standard,Credit Card,1,44.97,343.56,66.5,2,4,1,No,52,2338.44,0,Loyal Steady,16.3,Low,Standard
CUST203916,35,Two Year,Premium,Digital Wallet,1,87.72,3069.17,96.2,1,3,0,No,52,4561.44,1,Champions,16.0,Low,Standard
CUST203917,28,One Year,Premium,Digital Wallet,1,94.6,2646.55,88.2,1,3,3,No,34,3216.4,1,Champions,14.6,Low,Standard
CUST203918,33,Two Year,Basic,Credit Card,1,22.42,696.37,13.2,2,4,2,No,52,1165.84,0,Loyal Steady,5.7,Low,Standard
CUST203919,1,One Year,Standard,Credit Card,1,63.17,60.72,60.2,4,2,1,Yes,34,2147.78,3,At Risk,58.1,High,Priority Save
CUST203920,18,Two Year,Basic,Digital Wallet,0,24.85,424.43,28.7,0,4,0,No,52,1292.2,0,Loyal Steady,8.8,Low,Standard
CUST203921,13,One Year,Premium,Mailed Check,1,103.42,1249.28,93.8,1,5,1,No,34,3516.28,1,Champions,14.5,Low,Standard
CUST203922,13,Two Year,Standard,Bank Transfer,0,57.23,736.98,60.9,1,4,1,No,52,2975.96,0,Loyal Steady,14.1,Low,Standard
CUST203923,13,One Year,Premium,Digital Wallet,0,93.6,1173.32,112.4,0,3,0,No,34,3182.4,1,Champions,29.9,Medium,Standard
CUST203924,10,One Year,Standard,Bank Transfer,1,62.74,599.78,22.1,3,2,1,No,34,2133.16,3,At Risk,43.9,High,Priority Save
CUST203925,22,Month-to-Month,Basic,Bank Transfer,0,28.77,610.93,38.3,4,3,2,Yes,18,517.86,3,At Risk,55.5,High,Standard
CUST203926,11,Two Year,Standard,Bank Transfer,1,54.52,598.52,74.6,0,3,1,No,52,2835.04,3,At Risk,14.0,Low,Standard
CUST203927,19,Month-to-Month,Premium,Credit Card,0,97.67,1709.99,82.1,3,4,0,No,18,1758.06,1,Champions,60.0,High,Standard
CUST203928,72,One Year,Premium,Credit Card,1,90.56,6352.9,102.5,1,4,1,No,34,3079.04,1,Champions,4.4,Low,Standard
CUST203929,26,Month-to-Month,Premium,Credit Card,0,99.13,2535.61,91.6,1,3,0,Yes,18,1784.34,1,Champions,53.9,High,Standard
CUST203930,10,One Year,Basic,Bank Transfer,0,28.99,277.79,31.6,0,3,1,No,34,985.66,3,At Risk,16.7,Low,Standard
CUST203931,14,Month-to-Month,Basic,Bank Transfer,1,30.12,417.24,19.1,0,3,0,Yes,18,542.16,3,At Risk,32.7,Medium,Standard
CUST203932,23,Month-to-Month,Premium,Credit Card,1,96.79,2132.03,114.0,1,5,1,Yes,18,1742.22,1,Champions,23.2,Low,Standard
CUST203933,15,One Year,Basic,Bank Transfer,1,19.64,280.25,21.9,1,4,3,No,34,667.76,0,Loyal Steady,7.2,Low,Standard
CUST203934,51,Month-to-Month,Standard,Credit Card,1,55.86,2741.54,84.2,0,3,0,Yes,18,1005.48,2,Low Engagement,21.8,Low,Standard
CUST203935,7,One Year,Standard,Credit Card,0,55.92,383.72,33.2,0,4,0,No,34,1901.28,0,Loyal Steady,17.4,Low,Standard
CUST203936,4,One Year,Basic,Digital Wallet,1,27.61,107.14,25.2,1,3,3,No,34,938.74,3,At Risk,14.9,Low,Standard
CUST203937,21,Month-to-Month,Standard,Digital Wallet,0,51.02,1013.53,43.0,2,3,1,No,18,918.36,3,At Risk,54.8,High,Standard
CUST203938,25,One Year,Basic,Mailed Check,0,31.36,779.24,8.2,1,4,1,No,34,1066.24,0,Loyal Steady,13.1,Low,Standard
CUST203939,12,Month-to-Month,Standard,Credit Card,0,54.95,609.93,61.6,2,3,0,No,18,989.1,3,At Risk,63.7,Very High,Standard
CUST203940,72,Month-to-Month,Standard,Digital Wallet,1,65.9,4443.55,89.5,2,4,0,No,18,1186.2,2,Low Engagement,15.4,Low,Standard
CUST203941,8,Month-to-Month,Basic,Credit Card,1,16.92,131.49,28.9,0,2,1,No,18,304.56,3,At Risk,45.4,High,Standard
CUST203942,31,Month-to-Month,Premium,Credit Card,1,94.65,2715.74,95.4,2,4,1,No,18,1703.7,1,Champions,34.9,Medium,Standard
CUST203943,21,Month-to-Month,Basic,Bank Transfer,1,24.55,514.31,31.0,0,4,2,No,18,441.9,0,Loyal Steady,15.3,Low,Standard
CUST203944,8,Month-to-Month,Standard,Credit Card,0,59.12,442.4,57.7,0,4,0,No,18,1064.16,0,Loyal Steady,39.3,Medium,Standard
CUST203945,20,One Year,Basic,Credit Card,0,23.7,443.2,31.1,1,3,2,No,34,805.8,3,At Risk,15.2,Low,Standard
CUST203946,27,One Year,Standard,Credit Card,1,55.13,1382.08,55.0,2,3,1,No,34,1874.42,3,At Risk,19.6,Low,Standard
CUST203947,54,Month-to-Month,Standard,Credit Card,1,53.87,2763.01,67.9,0,5,0,No,18,969.66,2,Low Engagement,8.5,Low,Standard
CUST203948,5,One Year,Basic,Digital Wallet,1,27.77,133.79,26.5,1,3,3,No,34,944.18,3,At Risk,14.6,Low,Standard
CUST203949,64,Month-to-Month,Basic,Credit Card,0,29.34,1764.87,25.5,2,4,0,No,18,528.12,2,Low Engagement,16.7,Low,Standard
CUST203950,20,One Year,Standard,Credit Card,1,43.34,826.12,92.1,5,3,1,No,34,1473.56,3,At Risk,42.8,Medium,Standard
CUST203951,32,Month-to-Month,Premium,Credit Card,1,93.62,2959.98,90.3,1,5,2,No,18,1685.16,1,Champions,16.6,Low,Standard
CUST203952,29,Month-to-Month,Premium,Mailed Check,1,88.36,2419.52,115.6,0,4,1,Yes,18,1590.48,1,Champions,31.5,Medium,Standard
CUST203953,30,One Year,Premium,Digital Wallet,1,99.23,2879.0,93.6,2,2,2,Yes,34,3373.82,1,Champions,29.8,Medium,Standard
CUST203954,37,Month-to-Month,Basic,Bank Transfer,0,15.0,530.43,31.5,1,3,0,Yes,18,270.0,3,At Risk,33.7,Medium,Standard
CUST203955,64,Month-to-Month,Standard,Digital Wallet,1,52.82,3192.93,61.0,2,3,1,No,18,950.76,2,Low Engagement,23.7,Low,Standard
CUST203956,19,Month-to-Month,Premium,Bank Transfer,1,100.81,1825.41,87.9,2,4,0,No,18,1814.58,1,Champions,45.5,High,Standard
CUST203957,13,One Year,Premium,Credit Card,1,95.21,1235.81,108.1,3,4,1,No,34,3237.14,1,Champions,27.1,Medium,Standard
CUST203958,12,Month-to-Month,Standard,Credit Card,1,58.3,676.15,56.5,0,4,1,No,18,1049.4,0,Loyal Steady,27.0,Medium,Standard
CUST203959,9,One Year,Premium,Digital Wallet,0,102.09,898.18,99.0,2,4,1,No,34,3471.06,1,Champions,29.4,Medium,Standard
CUST203960,41,Month-to-Month,Basic,Digital Wallet,0,17.83,718.39,8.4,2,1,2,Yes,18,320.94,3,At Risk,55.0,High,Standard
CUST203961,30,Two Year,Standard,Mailed Check,1,62.09,1741.44,95.3,3,1,1,Yes,52,3228.68,3,At Risk,48.4,High,Priority Save
CUST203962,56,Two Year,Basic,Digital Wallet,1,17.02,944.65,25.3,0,4,0,No,52,885.04,2,Low Engagement,2.7,Low,Standard
CUST203963,72,Month-to-Month,Premium,Bank Transfer,1,91.55,6452.8,83.7,0,4,0,No,18,1647.9,1,Champions,11.0,Low,Standard
CUST203964,40,Month-to-Month,Standard,Bank Transfer,1,54.13,1992.81,67.2,1,3,2,No,18,974.34,3,At Risk,25.7,Medium,Standard
CUST203965,45,Month-to-Month,Standard,Bank Transfer,0,50.09,2222.68,56.6,4,3,2,Yes,18,901.62,2,Low Engagement,49.2,High,Standard
CUST203966,14,Month-to-Month,Basic,Bank Transfer,1,23.46,315.04,30.9,2,2,1,No,18,422.28,3,At Risk,55.7,High,Standard
CUST203967,25,Two Year,Premium,Credit Card,1,85.39,2096.79,98.1,3,3,0,Yes,52,4440.28,1,Champions,29.8,Medium,Standard
CUST203968,26,One Year,Premium,Credit Card,0,90.65,2312.93,73.5,0,4,0,No,34,3082.1,1,Champions,14.6,Low,Standard
CUST203969,35,Month-to-Month,Standard,Bank Transfer,0,56.03,1897.27,62.0,3,3,2,No,18,1008.54,3,At Risk,48.2,High,Standard
CUST203970,11,Two Year,Standard,Credit Card,0,46.43,505.81,58.8,1,3,1,Yes,52,2414.36,3,At Risk,22.7,Low,Standard
CUST203971,11,One Year,Basic,Mailed Check,1,23.8,254.81,9.4,0,2,0,Yes,34,809.2,3,At Risk,28.5,Medium,Standard
CUST203972,42,Month-to-Month,Standard,Bank Transfer,1,55.77,2311.2,60.8,3,3,1,No,18,1003.86,2,Low Engagement,40.8,Medium,Standard
CUST203973,9,Month-to-Month,Basic,Credit Card,1,25.84,228.32,25.4,2,3,0,Yes,18,465.12,3,At Risk,50.3,High,Standard
CUST203974,35,Month-to-Month,Premium,Digital Wallet,1,107.03,3734.19,91.8,0,3,0,No,18,1926.54,1,Champions,34.8,Medium,Standard
CUST203975,13,Two Year,Standard,Bank Transfer,1,49.36,637.46,45.4,0,4,1,No,52,2566.72,0,Loyal Steady,8.4,Low,Standard
CUST203976,32,Month-to-Month,Basic,Digital Wallet,1,24.1,729.63,38.0,1,4,1,Yes,18,433.8,0,Loyal Steady,18.6,Low,Standard
CUST203977,30,Month-to-Month,Standard,Credit Card,1,40.94,1165.08,44.2,2,4,1,Yes,18,736.92,0,Loyal Steady,30.1,Medium,Standard
CUST203978,6,Two Year,Standard,Digital Wallet,0,55.94,321.72,55.5,1,3,2,No,52,2908.88,3,At Risk,22.3,Low,Standard
CUST203979,24,One Year,Basic,Credit Card,0,15.0,341.64,24.3,1,5,0,No,34,510.0,0,Loyal Steady,7.7,Low,Standard
CUST203980,18,Month-to-Month,Basic,Digital Wallet,1,16.21,274.23,45.7,5,3,1,No,18,291.78,3,At Risk,64.1,Very High,Standard
CUST203981,48,Month-to-Month,Standard,Bank Transfer,1,56.96,2545.85,63.1,1,3,1,No,18,1025.28,2,Low Engagement,24.8,Medium,Standard
CUST203982,22,Month-to-Month,Basic,Credit Card,1,24.88,505.21,19.6,1,4,1,No,18,447.84,0,Loyal Steady,21.7,Low,Standard
CUST203983,17,One Year,Standard,Credit Card,1,47.67,791.77,84.8,0,4,2,Yes,34,1620.78,0,Loyal Steady,8.6,Low,Standard
CUST203984,14,One Year,Standard,Bank Transfer,1,53.02,682.94,85.7,0,3,1,No,34,1802.68,3,At Risk,16.4,Low,Standard
CUST203985,22,Month-to-Month,Basic,Bank Transfer,1,30.67,661.08,53.2,2,2,0,Yes,18,552.06,3,At Risk,55.0,High,Standard
CUST203986,26,Month-to-Month,Premium,Credit Card,0,83.19,2156.49,82.4,4,2,1,Yes,18,1497.42,1,Champions,80.1,Very High,Standard
CUST203987,13,Month-to-Month,Basic,Bank Transfer,1,26.18,314.26,33.0,2,3,0,Yes,18,471.24,3,At Risk,47.8,High,Standard
CUST203988,21,Month-to-Month,Basic,Digital Wallet,1,29.96,626.83,2.0,4,3,2,Yes,18,539.28,3,At Risk,49.0,High,Standard
CUST203989,11,One Year,Standard,Credit Card,1,52.32,551.88,51.0,0,3,0,No,34,1778.88,3,At Risk,19.5,Low,Standard
CUST203990,25,One Year,Standard,Digital Wallet,0,49.54,1204.78,72.0,2,3,1,No,34,1684.36,3,At Risk,26.9,Medium,Standard
CUST203991,26,Month-to-Month,Standard,Credit Card,1,57.01,1369.66,49.3,1,3,2,No,18,1026.18,3,At Risk,32.6,Medium,Standard
CUST203992,38,One Year,Premium,Digital Wallet,1,88.99,3206.95,89.5,3,4,0,Yes,34,3025.66,1,Champions,19.4,Low,Standard
CUST203993,2,Month-to-Month,Basic,Digital Wallet,0,30.32,57.2,16.4,2,3,1,Yes,18,545.76,3,At Risk,58.3,High,Standard
CUST203994,39,Month-to-Month,Premium,Bank Transfer,0,97.62,3686.69,94.6,3,5,1,No,18,1757.16,1,Champions,31.8,Medium,Standard
CUST203995,69,Month-to-Month,Premium,Credit Card,1,90.77,6154.5,68.0,0,4,5,No,18,1633.86,2,Low Engagement,5.4,Low,Standard
CUST203996,15,One Year,Standard,Bank Transfer,0,56.9,833.19,46.5,1,3,1,No,34,1934.6,3,At Risk,24.4,Medium,Standard
CUST203997,36,Two Year,Standard,Bank Transfer,1,48.29,1628.18,86.4,1,4,2,No,52,2511.08,0,Loyal Steady,5.7,Low,Standard
CUST203998,12,Two Year,Basic,Digital Wallet,0,26.81,305.67,57.1,1,3,0,No,52,1394.12,3,At Risk,20.4,Low,Standard
CUST203999,22,Month-to-Month,Basic,Digital Wallet,0,29.33,602.12,32.8,2,4,0,No,18,527.94,0,Loyal Steady,38.0,Medium,Standard
CUST204000,15,One Year,Standard,Credit Card,0,50.59,717.96,52.8,1,5,2,No,34,1720.06,0,Loyal Steady,9.3,Low,Standard
CUST204001,9,One Year,Standard,Bank Transfer,0,56.48,476.15,51.4,0,3,0,No,34,1920.32,3,At Risk,25.1,Medium,Standard
CUST204002,6,One Year,Standard,Bank Transfer,1,60.36,342.85,70.1,1,3,2,No,34,2052.24,3,At Risk,20.8,Low,Standard
CUST204003,26,Two Year,Basic,Credit Card,0,21.43,555.12,32.9,0,4,0,No,52,1114.36,0,Loyal Steady,7.1,Low,Standard
CUST204004,21,Two Year,Premium,Bank Transfer,0,97.56,1965.45,85.3,1,5,1,No,52,5073.12,1,Champions,9.3,Low,Standard
CUST204005,6,Month-to-Month,Standard,Digital Wallet,1,49.14,271.96,39.2,1,3,1,No,18,884.52,3,At Risk,49.9,High,Standard
CUST204006,18,One Year,Premium,Bank Transfer,0,89.11,1493.7,91.6,4,2,0,No,34,3029.74,1,Champions,65.2,Very High,Priority Save
CUST204007,23,Month-to-Month,Premium,Credit Card,1,82.16,1749.5,105.8,1,3,1,Yes,18,1478.88,1,Champions,45.9,High,Standard
CUST204008,13,Two Year,Basic,Digital Wallet,0,30.0,386.24,2.0,2,2,2,No,52,1560.0,3,At Risk,26.9,Medium,Standard
CUST204009,52,Two Year,Basic,Credit Card,1,24.84,1197.1,12.2,0,4,0,No,52,1291.68,2,Low Engagement,2.8,Low,Standard
CUST204010,28,Two Year,Premium,Credit Card,1,91.92,2368.0,105.9,2,3,1,No,52,4779.84,1,Champions,19.8,Low,Standard
CUST204011,6,One Year,Basic,Credit Card,0,21.38,121.53,27.3,3,3,1,No,34,726.92,3,At Risk,35.1,Medium,Standard
CUST204012,24,Two Year,Premium,Digital Wallet,1,95.71,2274.33,84.8,1,3,2,Yes,52,4976.92,1,Champions,14.9,Low,Standard
CUST204013,10,Month-to-Month,Standard,Bank Transfer,1,50.67,493.44,47.2,2,3,1,Yes,18,912.06,3,At Risk,53.6,High,Standard
CUST204014,23,Month-to-Month,Premium,Credit Card,0,99.86,2272.34,102.3,4,3,1,Yes,18,1797.48,1,Champions,72.2,Very High,Standard
CUST204015,11,Month-to-Month,Premium,Bank Transfer,1,98.58,1029.88,102.4,1,3,1,No,18,1774.44,1,Champions,52.3,High,Standard
CUST204016,33,One Year,Premium,Credit Card,0,93.04,3068.58,75.8,1,3,1,No,34,3163.36,1,Champions,21.1,Low,Standard
CUST204017,65,One Year,Standard,Digital Wallet,0,65.43,3989.44,70.1,1,2,1,No,34,2224.62,2,Low Engagement,13.7,Low,Standard
CUST204018,30,Two Year,Basic,Mailed Check,1,31.09,893.01,35.7,0,3,0,No,52,1616.68,3,At Risk,10.5,Low,Standard
CUST204019,21,Month-to-Month,Basic,Bank Transfer,0,33.36,645.65,25.1,1,2,1,Yes,18,600.48,3,At Risk,50.5,High,Standard
CUST204020,4,One Year,Standard,Credit Card,1,60.01,223.06,33.5,3,2,1,No,34,2040.34,3,At Risk,48.3,High,Priority Save
CUST204021,55,One Year,Standard,Credit Card,0,51.23,2640.47,21.7,2,4,1,No,34,1741.82,2,Low Engagement,8.6,Low,Standard
CUST204022,9,Month-to-Month,Premium,Digital Wallet,0,101.29,844.15,94.4,3,4,2,No,18,1823.22,1,Champions,59.3,High,Standard
CUST204023,67,Month-to-Month,Standard,Mailed Check,1,50.86,3242.33,64.4,3,3,2,No,18,915.48,2,Low Engagement,30.6,Medium,Standard
CUST204024,27,One Year,Standard,Credit Card,1,55.68,1409.86,59.0,2,4,2,No,34,1893.12,0,Loyal Steady,11.1,Low,Standard
CUST204025,31,Month-to-Month,Standard,Digital Wallet,0,59.0,1809.88,69.1,1,3,1,No,18,1062.0,3,At Risk,41.6,Medium,Standard
CUST204026,38,Two Year,Standard,Credit Card,1,53.05,1976.12,59.3,3,3,0,No,52,2758.6,3,At Risk,18.8,Low,Standard
CUST204027,60,Month-to-Month,Basic,Bank Transfer,0,25.69,1450.68,22.1,1,3,1,No,18,462.42,2,Low Engagement,18.8,Low,Standard
CUST204028,10,Month-to-Month,Basic,Credit Card,0,20.61,192.96,33.9,2,3,2,No,18,370.98,3,At Risk,49.1,High,Standard
CUST204029,52,Month-to-Month,Standard,Credit Card,1,57.2,2756.75,69.9,1,1,2,No,18,1029.6,3,At Risk,41.2,Medium,Standard
CUST204030,72,One Year,Standard,Credit Card,1,46.21,3271.81,41.0,1,2,1,Yes,34,1571.14,2,Low Engagement,8.8,Low,Standard
CUST204031,9,One Year,Basic,Bank Transfer,1,27.92,245.4,42.8,1,3,3,No,34,949.28,3,At Risk,13.0,Low,Standard
CUST204032,29,Two Year,Basic,Digital Wallet,0,28.87,817.62,29.7,4,3,2,No,52,1501.24,3,At Risk,21.6,Low,Standard
CUST204033,12,Month-to-Month,Standard,Credit Card,0,51.56,618.02,52.0,0,5,1,No,18,928.08,0,Loyal Steady,23.2,Low,Standard
CUST204034,30,Month-to-Month,Standard,Digital Wallet,1,47.58,1353.03,73.1,0,5,3,No,18,856.44,0,Loyal Steady,9.9,Low,Standard
CUST204035,21,Month-to-Month,Standard,Bank Transfer,0,60.74,1260.81,51.2,1,4,2,Yes,18,1093.32,0,Loyal Steady,30.4,Medium,Standard
CUST204036,48,Month-to-Month,Basic,Digital Wallet,1,15.0,662.93,33.3,0,3,1,No,18,270.0,2,Low Engagement,16.1,Low,Standard
CUST204037,21,Month-to-Month,Standard,Digital Wallet,1,53.45,1043.83,80.9,1,5,1,No,18,962.1,0,Loyal Steady,20.5,Low,Standard
CUST204038,48,Two Year,Premium,Bank Transfer,1,93.01,4455.93,100.0,2,3,0,No,52,4836.52,1,Champions,14.8,Low,Standard
CUST204039,10,One Year,Premium,Digital Wallet,0,105.92,1020.82,82.8,4,2,0,Yes,34,3601.28,1,Champions,69.6,Very High,Priority Save
CUST204040,13,Month-to-Month,Standard,Credit Card,1,52.33,658.73,66.6,2,5,0,No,18,941.94,0,Loyal Steady,32.2,Medium,Standard
CUST204041,40,Two Year,Basic,Credit Card,0,23.25,923.28,11.0,2,4,1,Yes,52,1209.0,0,Loyal Steady,7.3,Low,Standard
CUST204042,42,One Year,Premium,Digital Wallet,1,89.68,3504.75,116.5,2,3,1,No,34,3049.12,1,Champions,19.0,Low,Standard
CUST204043,18,Month-to-Month,Basic,Digital Wallet,1,16.12,274.06,26.8,1,5,1,No,18,290.16,0,Loyal Steady,16.6,Low,Standard
CUST204044,17,Month-to-Month,Standard,Credit Card,1,52.47,867.03,69.8,2,4,2,Yes,18,944.46,0,Loyal Steady,33.7,Medium,Standard
CUST204045,6,One Year,Standard,Credit Card,0,55.12,322.49,42.8,1,4,1,No,34,1874.08,0,Loyal Steady,19.8,Low,Standard
CUST204046,27,Month-to-Month,Basic,Credit Card,0,25.2,647.15,20.5,1,3,1,No,18,453.6,3,At Risk,35.0,Medium,Standard
CUST204047,41,Month-to-Month,Standard,Bank Transfer,0,57.42,2267.76,76.2,1,3,1,No,18,1033.56,2,Low Engagement,34.8,Medium,Standard
CUST204048,33,Month-to-Month,Premium,Bank Transfer,0,85.98,2680.61,119.0,0,3,0,No,18,1547.64,1,Champions,43.6,Medium,Standard
CUST204049,33,One Year,Standard,Digital Wallet,1,57.96,1896.72,37.4,2,1,0,Yes,34,1970.64,3,At Risk,40.7,Medium,Standard
CUST204050,11,Two Year,Basic,Bank Transfer,1,32.07,326.38,18.3,0,3,1,No,52,1667.64,3,At Risk,10.1,Low,Standard
CUST204051,13,Month-to-Month,Basic,Credit Card,0,19.95,239.98,16.3,0,4,0,Yes,18,359.1,0,Loyal Steady,29.2,Medium,Standard
CUST204052,32,Two Year,Standard,Bank Transfer,0,49.73,1508.86,30.3,0,5,0,No,52,2585.96,0,Loyal Steady,5.0,Low,Standard
CUST204053,4,Month-to-Month,Basic,Credit Card,1,33.39,127.81,19.9,1,4,2,No,18,601.02,0,Loyal Steady,26.7,Medium,Standard
CUST204054,21,Month-to-Month,Premium,Credit Card,1,94.94,1940.5,101.5,3,4,0,Yes,18,1708.92,1,Champions,52.4,High,Standard
CUST204055,29,Month-to-Month,Standard,Digital Wallet,0,60.06,1648.07,54.7,1,4,0,No,18,1081.08,0,Loyal Steady,34.4,Medium,Standard
CUST204056,6,Month-to-Month,Standard,Credit Card,1,58.96,347.54,66.1,0,3,0,No,18,1061.28,3,At Risk,46.0,High,Standard
CUST204057,28,Month-to-Month,Standard,Credit Card,1,57.67,1573.69,71.4,3,4,2,No,18,1038.06,0,Loyal Steady,33.8,Medium,Standard
CUST204058,72,Month-to-Month,Premium,Mailed Check,0,97.48,6977.84,111.4,0,4,2,No,18,1754.64,1,Champions,14.5,Low,Standard
CUST204059,35,Two Year,Standard,Bank Transfer,0,63.78,2222.96,68.8,0,3,3,Yes,52,3316.56,3,At Risk,7.6,Low,Standard
CUST204060,40,Month-to-Month,Premium,Mailed Check,1,91.63,3620.94,100.3,1,4,0,No,18,1649.34,1,Champions,34.8,Medium,Standard
CUST204061,31,Month-to-Month,Standard,Bank Transfer,0,57.78,1695.08,37.9,1,3,2,No,18,1040.04,3,At Risk,35.7,Medium,Standard
CUST204062,9,Two Year,Basic,Digital Wallet,0,36.52,320.66,9.0,0,4,2,No,52,1899.04,0,Loyal Steady,7.6,Low,Standard
CUST204063,38,One Year,Standard,Bank Transfer,1,49.97,1856.36,60.1,2,3,1,No,34,1698.98,3,At Risk,15.7,Low,Standard
CUST204064,40,Month-to-Month,Basic,Credit Card,1,18.76,706.7,9.5,0,3,5,No,18,337.68,2,Low Engagement,10.0,Low,Standard
CUST204065,13,One Year,Premium,Bank Transfer,1,90.81,1103.03,106.7,2,3,2,Yes,34,3087.54,1,Champions,28.1,Medium,Standard
CUST204066,21,One Year,Standard,Bank Transfer,1,53.58,1122.99,51.6,0,3,1,No,34,1821.72,3,At Risk,13.6,Low,Standard
CUST204067,17,Month-to-Month,Standard,Credit Card,1,54.48,896.52,52.3,2,4,0,No,18,980.64,0,Loyal Steady,40.9,Medium,Standard
CUST204068,22,Month-to-Month,Standard,Digital Wallet,1,61.51,1309.3,21.0,3,4,1,No,18,1107.18,0,Loyal Steady,40.6,Medium,Standard
CUST204069,23,Month-to-Month,Standard,Credit Card,0,58.3,1265.79,71.7,2,3,0,Yes,18,1049.4,3,At Risk,57.1,High,Standard
CUST204070,6,Month-to-Month,Standard,Credit Card,1,60.24,342.73,64.7,3,3,2,No,18,1084.32,3,At Risk,59.3,High,Standard
CUST204071,32,Month-to-Month,Premium,Bank Transfer,0,88.17,2617.83,81.8,2,3,2,Yes,18,1587.06,1,Champions,49.2,High,Standard
CUST204072,17,Month-to-Month,Basic,Credit Card,1,31.79,529.21,26.5,1,4,2,Yes,18,572.22,0,Loyal Steady,20.9,Low,Standard
CUST204073,32,Month-to-Month,Basic,Credit Card,1,28.29,891.29,34.4,1,2,1,No,18,509.22,3,At Risk,37.3,Medium,Standard
CUST204074,3,Month-to-Month,Premium,Credit Card,1,85.82,247.64,61.4,1,4,2,No,18,1544.76,1,Champions,40.4,Medium,Standard
CUST204075,17,One Year,Premium,Bank Transfer,1,92.88,1539.86,83.1,1,3,2,No,34,3157.92,1,Champions,20.3,Low,Standard
CUST204076,10,Two Year,Premium,Credit Card,1,100.95,953.04,112.1,1,3,2,No,52,5249.4,1,Champions,19.6,Low,Standard
CUST204077,29,Month-to-Month,Standard,Credit Card,0,50.03,1391.77,39.5,0,4,2,No,18,900.54,0,Loyal Steady,21.3,Low,Standard
CUST204078,18,Month-to-Month,Standard,Credit Card,0,58.11,1015.33,44.7,0,3,1,No,18,1045.98,3,At Risk,40.9,Medium,Standard
CUST204079,10,One Year,Standard,Bank Transfer,1,56.4,529.02,86.4,0,4,2,No,34,1917.6,0,Loyal Steady,9.9,Low,Standard
CUST204080,53,Month-to-Month,Standard,Credit Card,0,60.75,3158.55,40.0,1,4,1,No,18,1093.5,2,Low Engagement,18.5,Low,Standard
CUST204081,57,Month-to-Month,Standard,Credit Card,1,48.35,2698.67,71.8,1,4,0,No,18,870.3,2,Low Engagement,16.3,Low,Standard
CUST204082,7,Month-to-Month,Basic,Digital Wallet,0,19.5,127.71,21.3,0,3,0,No,18,351.0,3,At Risk,45.5,High,Standard
CUST204083,63,Month-to-Month,Premium,Credit Card,1,86.29,5226.12,69.2,2,4,0,Yes,18,1553.22,2,Low Engagement,21.7,Low,Standard
CUST204084,15,Two Year,Premium,Credit Card,1,98.99,1420.36,84.0,2,4,3,No,52,5147.48,1,Champions,12.5,Low,Standard
CUST204085,10,Month-to-Month,Premium,Digital Wallet,1,96.2,914.87,94.1,0,5,1,Yes,18,1731.6,1,Champions,24.2,Low,Standard
CUST204086,19,One Year,Standard,Credit Card,1,56.97,1006.28,55.8,3,2,1,Yes,34,1936.98,3,At Risk,39.8,Medium,Standard
CUST204087,14,One Year,Standard,Bank Transfer,0,49.98,692.54,59.8,1,3,0,No,34,1699.32,3,At Risk,28.8,Medium,Standard
CUST204088,11,One Year,Standard,Credit Card,0,58.23,631.93,33.9,1,3,0,No,34,1979.82,3,At Risk,29.5,Medium,Standard
CUST204089,17,Month-to-Month,Premium,Bank Transfer,0,105.36,1677.86,94.6,0,2,0,Yes,18,1896.48,1,Champions,64.2,Very High,Standard
CUST204090,52,Month-to-Month,Basic,Mailed Check,1,17.93,906.82,45.7,2,2,3,No,18,322.74,2,Low Engagement,33.2,Medium,Standard
CUST204091,12,One Year,Standard,Credit Card,1,58.36,681.41,39.4,0,3,0,No,34,1984.24,3,At Risk,18.7,Low,Standard
CUST204092,42,Month-to-Month,Basic,Digital Wallet,1,24.05,958.17,8.3,1,3,2,Yes,18,432.9,2,Low Engagement,19.4,Low,Standard
CUST204093,26,Month-to-Month,Premium,Credit Card,0,92.79,2288.32,119.0,0,5,0,No,18,1670.22,1,Champions,25.1,Medium,Standard
CUST204094,15,Two Year,Premium,Bank Transfer,0,88.5,1279.47,99.7,2,3,1,No,52,4602.0,1,Champions,31.4,Medium,Standard
CUST204095,27,Two Year,Standard,Credit Card,1,60.74,1534.9,32.1,1,4,1,Yes,52,3158.48,0,Loyal Steady,7.7,Low,Standard
CUST204096,17,Month-to-Month,Basic,Digital Wallet,1,28.66,459.26,10.7,0,4,2,No,18,515.88,0,Loyal Steady,16.9,Low,Standard
CUST204097,40,One Year,Standard,Digital Wallet,0,60.09,2388.84,43.2,3,5,2,No,34,2043.06,0,Loyal Steady,8.9,Low,Standard
CUST204098,30,One Year,Standard,Digital Wallet,0,53.18,1580.11,61.3,1,2,1,No,34,1808.12,3,At Risk,28.2,Medium,Standard
CUST204099,41,Month-to-Month,Premium,Bank Transfer,1,90.47,3417.34,104.3,0,5,0,No,18,1628.46,1,Champions,14.4,Low,Standard
CUST204100,7,Month-to-Month,Premium,Mailed Check,1,91.94,638.21,106.9,1,2,1,Yes,18,1654.92,1,Champions,74.3,Very High,Standard
CUST204101,26,Month-to-Month,Standard,Credit Card,1,52.56,1321.82,71.4,0,4,0,No,18,946.08,0,Loyal Steady,24.0,Low,Standard
CUST204102,11,Two Year,Premium,Digital Wallet,1,98.31,1068.31,104.6,1,3,1,No,52,5112.12,1,Champions,22.6,Low,Standard
CUST204103,37,Two Year,Standard,Digital Wallet,1,50.22,1787.91,59.3,0,3,1,No,52,2611.44,3,At Risk,8.1,Low,Standard
CUST204104,49,Month-to-Month,Standard,Bank Transfer,1,46.01,2253.28,66.8,1,3,2,No,18,828.18,2,Low Engagement,21.9,Low,Standard
CUST204105,17,Two Year,Standard,Credit Card,1,55.77,900.95,39.6,3,3,0,No,52,2900.04,3,At Risk,27.7,Medium,Standard
CUST204106,21,Month-to-Month,Standard,Digital Wallet,0,63.53,1278.44,79.7,1,4,1,Yes,18,1143.54,0,Loyal Steady,35.8,Medium,Standard
CUST204107,22,Month-to-Month,Basic,Bank Transfer,1,29.21,636.79,24.2,1,3,0,No,18,525.78,3,At Risk,34.9,Medium,Standard
CUST204108,67,Month-to-Month,Basic,Digital Wallet,1,17.76,1109.09,26.0,1,4,0,No,18,319.68,2,Low Engagement,10.0,Low,Standard
CUST204109,7,One Year,Premium,Mailed Check,1,89.14,576.2,104.8,2,3,1,Yes,34,3030.76,1,Champions,43.2,Medium,Standard
CUST204110,68,Month-to-Month,Basic,Credit Card,1,28.17,1793.48,3.6,1,5,1,No,18,507.06,2,Low Engagement,4.8,Low,Standard
CUST204111,39,Two Year,Standard,Digital Wallet,0,56.5,2149.67,46.3,2,2,0,No,52,2938.0,3,At Risk,27.4,Medium,Standard
CUST204112,66,Two Year,Standard,Digital Wallet,1,61.74,3754.88,56.6,0,4,1,No,52,3210.48,2,Low Engagement,2.4,Low,Standard
CUST204113,36,One Year,Basic,Digital Wallet,1,24.64,827.18,17.2,3,3,1,Yes,34,837.76,3,At Risk,16.2,Low,Standard
CUST204114,30,Month-to-Month,Basic,Credit Card,0,20.37,568.45,13.5,1,2,1,Yes,18,366.66,3,At Risk,45.3,High,Standard
CUST204115,33,Month-to-Month,Premium,Digital Wallet,1,98.47,3178.65,91.7,1,4,0,No,18,1772.46,1,Champions,31.7,Medium,Standard
CUST204116,72,Two Year,Basic,Credit Card,1,18.68,1303.46,36.9,1,4,1,No,52,971.36,2,Low Engagement,2.0,Low,Standard
CUST204117,36,One Year,Standard,Digital Wallet,1,46.61,1636.27,82.8,0,4,0,No,34,1584.74,0,Loyal Steady,7.8,Low,Standard
CUST204118,57,One Year,Standard,Digital Wallet,0,60.06,3181.97,66.0,0,4,1,No,34,2042.04,2,Low Engagement,5.1,Low,Standard
CUST204119,11,Month-to-Month,Premium,Credit Card,1,96.87,995.37,113.6,0,4,2,Yes,18,1743.66,1,Champions,30.0,Medium,Standard
CUST204120,10,Two Year,Basic,Bank Transfer,0,25.58,245.77,38.2,3,4,2,Yes,52,1330.16,0,Loyal Steady,16.3,Low,Standard
CUST204121,26,Month-to-Month,Premium,Bank Transfer,1,89.31,2221.05,120.7,0,5,2,Yes,18,1607.58,1,Champions,15.3,Low,Standard
CUST204122,27,Month-to-Month,Standard,Bank Transfer,1,58.16,1555.98,70.2,1,2,1,No,18,1046.88,3,At Risk,48.4,High,Standard
CUST204123,6,Month-to-Month,Basic,Bank Transfer,1,26.37,157.15,2.0,2,1,1,Yes,18,474.66,3,At Risk,71.0,Very High,Standard
CUST204124,15,Two Year,Premium,Credit Card,0,104.88,1544.76,107.9,3,2,1,Yes,52,5453.76,1,Champions,49.8,High,Priority Save
CUST204125,28,Two Year,Basic,Bank Transfer,0,20.77,572.32,25.4,0,2,1,No,52,1080.04,3,At Risk,14.2,Low,Standard
CUST204126,41,Month-to-Month,Standard,Bank Transfer,1,49.89,1895.07,64.1,0,2,1,Yes,18,898.02,3,At Risk,33.1,Medium,Standard
CUST204127,36,One Year,Standard,Credit Card,1,52.66,1865.23,61.2,1,4,1,No,34,1790.44,0,Loyal Steady,8.1,Low,Standard
CUST204128,15,Two Year,Standard,Credit Card,0,52.85,765.33,47.9,1,4,3,No,52,2748.2,0,Loyal Steady,10.0,Low,Standard
CUST204129,9,Two Year,Standard,Digital Wallet,0,53.81,460.28,73.0,0,3,0,Yes,52,2798.12,3,At Risk,22.1,Low,Standard
CUST204130,48,Month-to-Month,Basic,Bank Transfer,0,15.5,695.72,37.7,1,4,1,No,18,279.0,2,Low Engagement,16.5,Low,Standard
CUST204131,19,Month-to-Month,Standard,Credit Card,0,50.77,945.53,54.6,1,4,1,No,18,913.86,0,Loyal Steady,36.0,Medium,Standard
CUST204132,3,Month-to-Month,Standard,Credit Card,1,62.45,185.56,45.4,3,3,2,Yes,18,1124.1,3,At Risk,60.5,High,Standard
CUST204133,56,Month-to-Month,Standard,Credit Card,1,52.92,2766.21,40.6,1,3,2,No,18,952.56,2,Low Engagement,18.4,Low,Standard
CUST204134,21,Month-to-Month,Premium,Digital Wallet,1,102.59,2096.82,102.3,0,4,2,No,18,1846.62,1,Champions,25.2,Medium,Standard
CUST204135,38,Month-to-Month,Standard,Credit Card,0,60.99,2282.51,80.7,1,3,1,Yes,18,1097.82,1,Champions,36.6,Medium,Standard
CUST204136,67,Month-to-Month,Premium,Mailed Check,1,96.16,6074.89,80.1,0,4,2,No,18,1730.88,1,Champions,12.2,Low,Standard
CUST204137,28,Two Year,Basic,Credit Card,1,26.84,733.13,25.5,3,4,3,No,52,1395.68,0,Loyal Steady,7.2,Low,Standard
CUST204138,44,One Year,Basic,Credit Card,0,23.08,977.91,30.5,0,3,2,No,34,784.72,2,Low Engagement,6.8,Low,Standard
CUST204139,30,Month-to-Month,Premium,Bank Transfer,1,96.72,2711.45,104.7,2,2,1,Yes,18,1740.96,1,Champions,60.1,High,Standard
CUST204140,16,Month-to-Month,Basic,Mailed Check,1,34.55,531.98,43.2,1,4,0,No,18,621.9,0,Loyal Steady,35.0,Medium,Standard
CUST204141,37,Two Year,Basic,Mailed Check,1,29.79,1023.61,39.0,0,4,2,No,52,1549.08,0,Loyal Steady,4.1,Low,Standard
CUST204142,25,Month-to-Month,Standard,Credit Card,1,63.33,1459.27,41.2,2,2,1,Yes,18,1139.94,3,At Risk,55.9,High,Standard
CUST204143,23,Month-to-Month,Premium,Credit Card,1,91.08,1957.26,84.7,2,4,2,No,18,1639.44,1,Champions,35.6,Medium,Standard
CUST204144,39,Month-to-Month,Premium,Bank Transfer,1,91.42,3393.17,118.5,1,2,1,No,18,1645.56,1,Champions,48.0,High,Standard
CUST204145,56,Two Year,Premium,Credit Card,0,102.87,5492.38,96.7,2,4,2,No,52,5349.24,1,Champions,7.4,Low,Standard
CUST204146,23,Month-to-Month,Premium,Mailed Check,1,102.23,2214.31,80.3,4,2,0,Yes,18,1840.14,1,Champions,83.8,Very High,Standard
CUST204147,45,Month-to-Month,Standard,Mailed Check,0,51.92,2245.63,60.9,1,2,2,No,18,934.56,3,At Risk,48.6,High,Standard
CUST204148,17,One Year,Premium,Digital Wallet,0,91.55,1471.01,104.4,1,2,1,Yes,34,3112.7,1,Champions,41.8,Medium,Standard
CUST204149,41,Month-to-Month,Basic,Digital Wallet,1,27.6,1123.35,46.1,0,4,1,Yes,18,496.8,0,Loyal Steady,12.0,Low,Standard
CUST204150,32,Month-to-Month,Standard,Digital Wallet,1,53.56,1614.43,66.3,2,2,2,No,18,964.08,3,At Risk,49.6,High,Standard
CUST204151,29,Two Year,Basic,Digital Wallet,1,26.46,763.69,33.6,5,3,1,Yes,52,1375.92,3,At Risk,24.8,Medium,Standard
CUST204152,5,Two Year,Standard,Mailed Check,1,60.66,294.77,52.6,2,2,1,No,52,3154.32,3,At Risk,43.3,Medium,Standard
CUST204153,12,Month-to-Month,Standard,Digital Wallet,0,55.75,648.56,44.1,0,4,2,Yes,18,1003.5,0,Loyal Steady,30.2,Medium,Standard
CUST204154,36,Month-to-Month,Standard,Bank Transfer,0,53.92,1927.13,39.5,2,2,2,No,18,970.56,3,At Risk,52.3,High,Standard
CUST204155,13,Two Year,Premium,Credit Card,1,102.05,1252.38,107.1,1,5,1,No,52,5306.6,1,Champions,8.8,Low,Standard
CUST204156,35,Month-to-Month,Standard,Digital Wallet,0,54.93,1862.35,55.2,0,2,1,No,18,988.74,3,At Risk,44.1,High,Standard
CUST204157,13,One Year,Standard,Mailed Check,1,52.91,670.8,38.8,1,3,0,No,34,1798.94,3,At Risk,29.8,Medium,Standard
CUST204158,26,Month-to-Month,Standard,Credit Card,1,47.96,1225.62,50.9,2,2,2,No,18,863.28,3,At Risk,52.3,High,Standard
CUST204159,20,Month-to-Month,Basic,Mailed Check,1,38.23,714.3,28.6,1,5,2,No,18,688.14,0,Loyal Steady,17.0,Low,Standard
CUST204160,21,Month-to-Month,Premium,Credit Card,1,96.83,1880.78,98.6,1,3,1,No,18,1742.94,1,Champions,46.1,High,Standard
CUST204161,45,Month-to-Month,Basic,Bank Transfer,1,28.82,1286.56,4.6,3,3,2,Yes,18,518.76,2,Low Engagement,27.2,Medium,Standard
CUST204162,22,One Year,Basic,Digital Wallet,1,31.82,649.19,51.4,2,2,2,No,34,1081.88,3,At Risk,22.8,Low,Standard
CUST204163,27,Two Year,Standard,Mailed Check,1,59.37,1530.89,35.2,0,3,0,No,52,3087.24,3,At Risk,14.6,Low,Standard
CUST204164,11,Month-to-Month,Premium,Credit Card,1,87.61,905.74,113.0,1,3,2,No,18,1576.98,1,Champions,49.2,High,Standard
CUST204165,24,Month-to-Month,Standard,Bank Transfer,1,59.23,1315.27,35.3,1,4,0,No,18,1066.14,0,Loyal Steady,29.5,Medium,Standard
CUST204166,49,One Year,Basic,Credit Card,1,30.63,1387.51,21.9,2,4,1,No,34,1041.42,2,Low Engagement,5.6,Low,Standard
CUST204167,72,One Year,Basic,Credit Card,1,18.68,1276.79,43.1,2,3,1,No,34,635.12,2,Low Engagement,5.5,Low,Standard
CUST204168,29,One Year,Standard,Digital Wallet,1,53.31,1509.09,67.1,0,3,2,No,34,1812.54,3,At Risk,10.4,Low,Standard
CUST204169,72,One Year,Basic,Credit Card,1,32.81,2253.78,31.4,1,5,2,No,34,1115.54,2,Low Engagement,1.3,Low,Standard
CUST204170,6,Month-to-Month,Standard,Digital Wallet,0,53.75,299.37,55.0,0,4,0,No,18,967.5,0,Loyal Steady,41.7,Medium,Standard
CUST204171,63,One Year,Premium,Credit Card,1,89.58,5304.64,90.2,1,4,2,No,34,3045.72,1,Champions,4.7,Low,Standard
CUST204172,34,Month-to-Month,Standard,Credit Card,1,58.92,1994.08,62.7,1,4,0,No,18,1060.56,0,Loyal Steady,25.2,Medium,Standard
CUST204173,11,One Year,Standard,Digital Wallet,1,57.65,596.4,79.6,3,4,2,No,34,1960.1,0,Loyal Steady,21.1,Low,Standard
CUST204174,21,Month-to-Month,Basic,Digital Wallet,1,29.63,588.79,18.3,0,4,1,No,18,533.34,0,Loyal Steady,17.9,Low,Standard
CUST204175,11,Month-to-Month,Standard,Digital Wallet,0,48.72,525.98,17.0,3,4,0,Yes,18,876.96,0,Loyal Steady,59.3,High,Standard
CUST204176,65,One Year,Basic,Digital Wallet,1,24.12,1450.21,39.4,1,3,1,No,34,820.08,2,Low Engagement,5.0,Low,Standard
CUST204177,32,Month-to-Month,Standard,Bank Transfer,1,51.84,1528.29,76.3,1,3,0,Yes,18,933.12,3,At Risk,37.6,Medium,Standard
CUST204178,16,Month-to-Month,Premium,Mailed Check,0,85.27,1309.02,88.4,2,2,2,Yes,18,1534.86,1,Champions,77.5,Very High,Standard
CUST204179,58,One Year,Premium,Bank Transfer,0,102.49,5940.86,88.4,1,3,0,No,34,3484.66,1,Champions,14.2,Low,Standard
CUST204180,6,One Year,Basic,Credit Card,1,17.86,99.25,46.2,1,2,3,Yes,34,607.24,3,At Risk,21.7,Low,Standard
CUST204181,68,One Year,Standard,Credit Card,0,53.59,3607.47,67.3,1,4,0,No,34,1822.06,2,Low Engagement,5.9,Low,Standard
CUST204182,9,Two Year,Premium,Digital Wallet,1,95.54,858.97,84.3,1,4,1,No,52,4968.08,1,Champions,15.4,Low,Standard
CUST204183,63,Month-to-Month,Premium,Bank Transfer,1,89.97,5651.95,71.7,1,4,1,No,18,1619.46,1,Champions,14.8,Low,Standard
CUST204184,51,Month-to-Month,Standard,Credit Card,1,56.11,2788.82,44.3,2,4,1,No,18,1009.98,2,Low Engagement,19.6,Low,Standard
CUST204185,21,One Year,Standard,Credit Card,1,55.69,1087.67,47.3,1,3,2,No,34,1893.46,3,At Risk,15.1,Low,Standard
CUST204186,6,Two Year,Standard,Credit Card,0,60.13,359.3,25.1,3,4,0,No,52,3126.76,0,Loyal Steady,28.4,Medium,Standard
CUST204187,38,Month-to-Month,Standard,Credit Card,1,52.31,1956.74,47.7,2,4,2,No,18,941.58,0,Loyal Steady,22.5,Low,Standard
CUST204188,72,Month-to-Month,Standard,Digital Wallet,0,60.94,4192.22,28.3,2,4,0,No,18,1096.92,2,Low Engagement,18.5,Low,Standard
CUST204189,10,One Year,Premium,Bank Transfer,0,93.93,906.4,87.4,0,3,3,Yes,34,3193.62,1,Champions,20.5,Low,Standard
CUST204190,12,One Year,Premium,Mailed Check,1,91.62,1046.94,129.4,0,5,0,No,34,3115.08,1,Champions,14.2,Low,Standard
CUST204191,32,Month-to-Month,Premium,Bank Transfer,1,95.03,2910.91,77.6,0,4,3,No,18,1710.54,1,Champions,16.9,Low,Standard
CUST204192,15,Two Year,Basic,Credit Card,0,22.66,322.48,29.7,2,3,0,No,52,1178.32,3,At Risk,23.0,Low,Standard
CUST204193,50,Two Year,Premium,Bank Transfer,1,85.66,4106.07,71.4,3,2,1,No,52,4454.32,1,Champions,23.3,Low,Standard
CUST204194,3,Month-to-Month,Standard,Digital Wallet,0,55.7,160.55,72.4,1,3,1,Yes,18,1002.6,3,At Risk,59.5,High,Standard
CUST204195,47,Month-to-Month,Premium,Credit Card,0,91.72,4003.36,89.0,2,3,2,No,18,1650.96,1,Champions,40.0,Medium,Standard
CUST204196,50,One Year,Standard,Digital Wallet,0,68.95,3315.14,87.9,0,3,1,No,34,2344.3,1,Champions,9.6,Low,Standard
CUST204197,19,Month-to-Month,Premium,Bank Transfer,1,99.38,1819.93,92.7,2,4,0,No,18,1788.84,1,Champions,45.8,High,Standard
CUST204198,15,Month-to-Month,Premium,Credit Card,1,84.95,1190.4,109.3,2,3,0,Yes,18,1529.1,1,Champions,62.1,High,Standard
CUST204199,58,Month-to-Month,Standard,Mailed Check,1,52.57,3021.01,61.2,2,3,0,No,18,946.26,2,Low Engagement,36.5,Medium,Standard
CUST204200,3,Two Year,Basic,Credit Card,0,25.78,76.24,2.0,0,4,4,No,52,1340.56,0,Loyal Steady,6.3,Low,Standard
CUST204201,13,Month-to-Month,Standard,Credit Card,0,66.0,840.53,62.9,0,3,1,No,18,1188.0,3,At Risk,44.1,High,Standard
CUST204202,9,Two Year,Standard,Digital Wallet,1,53.5,468.62,74.4,3,2,1,No,52,2782.0,3,At Risk,41.7,Medium,Standard
CUST204203,14,Two Year,Premium,Digital Wallet,1,101.92,1332.55,80.5,1,5,1,No,52,5299.84,1,Champions,8.7,Low,Standard
CUST204204,36,Month-to-Month,Standard,Bank Transfer,1,48.79,1652.4,69.9,3,2,0,Yes,18,878.22,3,At Risk,61.7,High,Standard
CUST204205,11,Month-to-Month,Basic,Digital Wallet,1,22.65,242.9,48.4,1,3,1,Yes,18,407.7,3,At Risk,39.6,Medium,Standard
CUST204206,20,Month-to-Month,Standard,Bank Transfer,0,47.7,902.98,37.0,1,5,1,No,18,858.6,0,Loyal Steady,24.5,Medium,Standard
CUST204207,43,Month-to-Month,Standard,Mailed Check,0,48.72,2045.11,46.6,1,2,3,No,18,876.96,3,At Risk,45.5,High,Standard
CUST204208,14,One Year,Premium,Bank Transfer,0,100.09,1302.09,115.9,1,4,1,No,34,3403.06,1,Champions,21.2,Low,Standard
CUST204209,17,One Year,Basic,Bank Transfer,1,32.89,518.65,50.6,0,4,2,No,34,1118.26,0,Loyal Steady,6.1,Low,Standard
CUST204210,62,One Year,Basic,Credit Card,1,20.8,1186.71,35.2,0,5,3,No,34,707.2,2,Low Engagement,1.1,Low,Standard
CUST204211,29,Month-to-Month,Standard,Digital Wallet,1,49.21,1422.71,75.9,2,3,1,No,18,885.78,3,At Risk,43.7,High,Standard
CUST204212,4,One Year,Standard,Digital Wallet,1,63.61,254.23,66.6,3,2,4,No,34,2162.74,3,At Risk,37.8,Medium,Standard
CUST204213,22,Two Year,Basic,Credit Card,1,26.06,538.22,13.4,2,5,1,No,52,1355.12,0,Loyal Steady,5.3,Low,Standard
CUST204214,43,Month-to-Month,Basic,Mailed Check,1,15.0,642.51,2.0,0,3,2,No,18,270.0,2,Low Engagement,19.2,Low,Standard
CUST204215,8,Month-to-Month,Premium,Credit Card,1,97.8,779.07,118.7,1,5,1,Yes,18,1760.4,1,Champions,30.8,Medium,Standard
CUST204216,72,Two Year,Basic,Credit Card,0,21.48,1442.34,13.9,5,2,1,No,52,1116.96,2,Low Engagement,18.8,Low,Standard
CUST204217,17,Month-to-Month,Standard,Digital Wallet,0,52.0,866.67,44.5,2,2,1,No,18,936.0,3,At Risk,69.0,Very High,Standard
CUST204218,50,Month-to-Month,Premium,Credit Card,0,98.32,4698.05,81.9,2,4,1,Yes,18,1769.76,1,Champions,30.1,Medium,Standard
CUST204219,6,Two Year,Standard,Digital Wallet,0,64.41,368.95,43.6,1,3,0,Yes,52,3349.32,3,At Risk,27.9,Medium,Standard
CUST204220,38,Two Year,Standard,Digital Wallet,1,63.13,2312.21,67.2,3,2,0,No,52,3282.76,3,At Risk,28.2,Medium,Standard
CUST204221,15,Two Year,Premium,Credit Card,1,87.67,1305.82,98.8,1,5,0,No,52,4558.84,1,Champions,10.0,Low,Standard
CUST204222,12,Month-to-Month,Standard,Credit Card,1,61.28,694.86,67.4,0,3,1,No,18,1103.04,3,At Risk,38.2,Medium,Standard
CUST204223,72,One Year,Premium,Mailed Check,1,93.89,6675.96,86.9,0,3,1,No,34,3192.26,1,Champions,7.3,Low,Standard
CUST204224,30,Month-to-Month,Basic,Digital Wallet,0,15.0,425.53,22.9,3,3,1,No,18,270.0,3,At Risk,48.9,High,Standard
CUST204225,23,Month-to-Month,Standard,Digital Wallet,1,42.76,942.24,34.4,1,4,2,No,18,769.68,0,Loyal Steady,25.0,Medium,Standard
CUST204226,43,Two Year,Standard,Credit Card,0,53.28,2138.13,28.4,3,1,1,No,52,2770.56,3,At Risk,37.7,Medium,Standard
CUST204227,55,Month-to-Month,Standard,Credit Card,1,55.54,2919.97,39.4,1,3,0,No,18,999.72,2,Low Engagement,24.3,Low,Standard
CUST204228,53,Month-to-Month,Standard,Credit Card,1,76.94,4069.29,37.4,4,1,2,No,18,1384.92,3,At Risk,60.1,High,Standard
CUST204229,45,One Year,Premium,Credit Card,1,92.2,3936.83,58.9,2,4,1,No,34,3134.8,1,Champions,10.5,Low,Standard
CUST204230,13,Month-to-Month,Basic,Credit Card,1,23.21,294.89,21.3,2,2,2,Yes,18,417.78,3,At Risk,52.1,High,Standard
CUST204231,11,Month-to-Month,Premium,Digital Wallet,1,100.56,1057.36,95.4,1,3,0,No,18,1810.08,1,Champions,57.3,High,Standard
CUST204232,8,Month-to-Month,Basic,Credit Card,0,19.22,142.34,4.8,2,2,1,Yes,18,345.96,3,At Risk,65.8,Very High,Standard
CUST204233,17,Two Year,Basic,Bank Transfer,1,24.75,405.45,5.8,1,5,2,No,52,1287.0,0,Loyal Steady,3.8,Low,Standard
CUST204234,26,One Year,Basic,Credit Card,1,31.25,780.29,31.0,1,4,1,No,34,1062.5,0,Loyal Steady,7.5,Low,Standard
CUST204235,8,One Year,Premium,Bank Transfer,1,94.08,749.71,91.5,1,5,1,No,34,3198.72,1,Champions,12.2,Low,Standard
CUST204236,35,Month-to-Month,Basic,Credit Card,1,15.0,492.79,8.3,0,3,1,No,18,270.0,3,At Risk,19.9,Low,Standard
CUST204237,62,Two Year,Basic,Mailed Check,0,22.64,1321.18,20.2,0,5,1,No,52,1177.28,2,Low Engagement,2.1,Low,Standard
CUST204238,40,Month-to-Month,Premium,Bank Transfer,1,101.86,3823.79,83.8,2,3,2,No,18,1833.48,1,Champions,36.6,Medium,Standard
CUST204239,34,One Year,Basic,Bank Transfer,1,21.28,694.87,22.1,1,2,1,No,34,723.52,3,At Risk,15.4,Low,Standard
CUST204240,17,Month-to-Month,Basic,Bank Transfer,1,24.35,402.09,2.4,4,3,1,Yes,18,438.3,3,At Risk,54.9,High,Standard
CUST204241,25,Two Year,Basic,Digital Wallet,0,35.91,831.6,17.5,2,4,1,No,52,1867.32,0,Loyal Steady,10.5,Low,Standard
CUST204242,12,Month-to-Month,Premium,Digital Wallet,0,93.37,1085.52,106.7,2,4,3,No,18,1680.66,1,Champions,46.8,High,Standard
CUST204243,36,Month-to-Month,Premium,Digital Wallet,1,99.95,3521.04,78.6,0,3,1,No,18,1799.1,1,Champions,30.6,Medium,Standard
CUST204244,46,Two Year,Standard,Bank Transfer,1,61.54,2694.59,98.4,2,3,2,No,52,3200.08,1,Champions,9.3,Low,Standard
CUST204245,8,Month-to-Month,Premium,Bank Transfer,1,106.31,818.85,98.4,1,4,1,No,18,1913.58,1,Champions,41.2,Medium,Standard
CUST204246,13,One Year,Standard,Bank Transfer,1,52.11,651.13,28.0,1,2,0,No,34,1771.74,3,At Risk,33.0,Medium,Standard
CUST204247,33,Month-to-Month,Premium,Bank Transfer,1,107.59,3513.22,80.5,1,4,0,No,18,1936.62,1,Champions,29.9,Medium,Standard
CUST204248,32,One Year,Basic,Bank Transfer,1,19.84,613.73,18.8,1,3,1,No,34,674.56,3,At Risk,10.3,Low,Standard
CUST204249,55,One Year,Standard,Bank Transfer,1,55.35,2811.87,58.9,1,2,2,Yes,34,1881.9,2,Low Engagement,11.1,Low,Standard
CUST204250,32,Month-to-Month,Standard,Digital Wallet,0,65.84,1985.84,32.3,2,3,1,Yes,18,1185.12,3,At Risk,46.7,High,Standard
CUST204251,17,Month-to-Month,Basic,Digital Wallet,1,23.12,392.78,33.2,3,3,3,Yes,18,416.16,3,At Risk,41.5,Medium,Standard
CUST204252,64,One Year,Basic,Digital Wallet,1,15.0,897.06,17.0,3,3,0,No,34,510.0,2,Low Engagement,10.3,Low,Standard
CUST204253,17,Month-to-Month,Standard,Digital Wallet,1,51.71,877.9,73.6,0,3,0,Yes,18,930.78,3,At Risk,40.8,Medium,Standard
CUST204254,19,One Year,Premium,Digital Wallet,1,98.26,1803.22,96.0,5,2,0,Yes,34,3340.84,1,Champions,65.4,Very High,Priority Save
CUST204255,7,Month-to-Month,Standard,Bank Transfer,1,73.39,487.78,40.8,4,4,3,No,18,1321.02,0,Loyal Steady,47.7,High,Standard
CUST204256,30,One Year,Basic,Digital Wallet,1,20.19,569.65,4.9,0,4,0,No,34,686.46,0,Loyal Steady,6.3,Low,Standard
CUST204257,33,Month-to-Month,Standard,Mailed Check,1,46.85,1478.94,53.3,1,4,0,No,18,843.3,0,Loyal Steady,33.0,Medium,Standard
CUST204258,1,One Year,Standard,Credit Card,1,53.65,51.05,67.7,1,4,1,No,34,1824.1,0,Loyal Steady,17.9,Low,Standard
CUST204259,40,Month-to-Month,Standard,Bank Transfer,0,61.26,2321.28,61.9,1,3,0,No,18,1102.68,3,At Risk,38.7,Medium,Standard
CUST204260,72,Two Year,Premium,Mailed Check,1,97.33,6681.46,105.9,1,3,0,No,52,5061.16,1,Champions,9.0,Low,Standard
CUST204261,24,Two Year,Standard,Credit Card,1,69.22,1595.99,54.4,0,4,1,No,52,3599.44,0,Loyal Steady,6.3,Low,Standard
CUST204262,33,Two Year,Premium,Bank Transfer,1,96.08,3029.6,93.9,2,5,1,No,52,4996.16,1,Champions,7.2,Low,Standard
CUST204263,53,One Year,Standard,Digital Wallet,0,64.69,3320.75,53.5,1,4,0,No,34,2199.46,2,Low Engagement,8.4,Low,Standard
CUST204264,53,One Year,Premium,Digital Wallet,0,95.55,4780.69,101.7,1,4,0,No,34,3248.7,1,Champions,10.9,Low,Standard
CUST204265,23,Month-to-Month,Standard,Bank Transfer,1,64.38,1432.19,56.4,5,1,0,Yes,18,1158.84,3,At Risk,86.3,Very High,Standard
CUST204266,14,Month-to-Month,Standard,Credit Card,0,67.01,936.48,44.8,0,4,3,No,18,1206.18,0,Loyal Steady,24.5,Medium,Standard
CUST204267,28,Month-to-Month,Standard,Credit Card,0,50.55,1332.09,52.4,3,4,1,No,18,909.9,0,Loyal Steady,44.4,High,Standard
CUST204268,20,Month-to-Month,Premium,Bank Transfer,1,97.36,1908.06,91.7,0,3,1,Yes,18,1752.48,1,Champions,39.2,Medium,Standard
CUST204269,23,One Year,Standard,Digital Wallet,0,54.96,1255.68,61.2,1,4,1,No,34,1868.64,0,Loyal Steady,14.6,Low,Standard
CUST204270,18,Two Year,Standard,Credit Card,1,60.98,1015.24,46.7,0,4,4,No,52,3170.96,0,Loyal Steady,4.6,Low,Standard
CUST204271,34,Two Year,Premium,Credit Card,0,92.41,2918.86,120.5,5,3,2,Yes,52,4805.32,1,Champions,36.9,Medium,Standard
CUST204272,24,Month-to-Month,Basic,Credit Card,1,19.24,456.41,48.0,2,3,2,No,18,346.32,3,At Risk,34.1,Medium,Standard
CUST204273,16,Month-to-Month,Basic,Bank Transfer,1,30.23,469.3,43.0,2,2,1,Yes,18,544.14,3,At Risk,54.4,High,Standard
CUST204274,18,One Year,Standard,Digital Wallet,1,57.93,976.73,70.7,0,5,0,No,34,1969.62,0,Loyal Steady,7.2,Low,Standard
CUST204275,62,Month-to-Month,Basic,Bank Transfer,1,25.29,1563.91,16.6,4,3,1,No,18,455.22,2,Low Engagement,28.2,Medium,Standard
CUST204276,21,One Year,Premium,Credit Card,1,96.69,1885.28,88.8,0,3,4,No,34,3287.46,1,Champions,11.0,Low,Standard
CUST204277,55,Two Year,Premium,Mailed Check,1,93.24,4773.77,79.6,0,3,0,No,52,4848.48,1,Champions,10.0,Low,Standard
CUST204278,52,One Year,Premium,Credit Card,0,94.83,4702.05,84.6,1,3,3,No,34,3224.22,1,Champions,10.6,Low,Standard
CUST204279,43,Two Year,Basic,Credit Card,1,26.96,1114.09,33.8,1,5,1,No,52,1401.92,0,Loyal Steady,2.5,Low,Standard
CUST204280,30,Month-to-Month,Premium,Mailed Check,1,96.63,2703.25,95.8,2,5,0,No,18,1739.34,1,Champions,35.4,Medium,Standard
CUST204281,49,Two Year,Basic,Mailed Check,1,15.0,717.83,12.3,0,1,0,No,52,780.0,3,At Risk,16.7,Low,Standard
CUST204282,37,Month-to-Month,Standard,Bank Transfer,1,67.08,2424.56,65.9,1,4,2,No,18,1207.44,0,Loyal Steady,17.9,Low,Standard
CUST204283,63,Month-to-Month,Basic,Bank Transfer,0,27.6,1628.55,32.7,0,3,2,No,18,496.8,2,Low Engagement,12.0,Low,Standard
CUST204284,64,Two Year,Premium,Credit Card,0,91.28,5632.3,92.9,0,4,0,No,52,4746.56,1,Champions,4.9,Low,Standard
CUST204285,47,Month-to-Month,Basic,Credit Card,1,25.59,1163.66,31.7,2,4,0,No,18,460.62,2,Low Engagement,19.0,Low,Standard
CUST204286,35,One Year,Standard,Credit Card,1,55.29,1850.87,63.7,1,4,1,No,34,1879.86,0,Loyal Steady,8.3,Low,Standard
CUST204287,41,Month-to-Month,Premium,Credit Card,1,109.17,4169.74,74.0,3,2,0,Yes,18,1965.06,1,Champions,63.0,Very High,Priority Save
CUST204288,22,Month-to-Month,Premium,Bank Transfer,1,96.65,1988.59,84.8,1,3,1,Yes,18,1739.7,1,Champions,44.9,High,Standard
CUST204289,17,Two Year,Standard,Credit Card,1,56.68,929.62,54.5,0,4,1,No,52,2947.36,0,Loyal Steady,7.6,Low,Standard
CUST204290,21,Two Year,Premium,Credit Card,0,104.39,2124.75,95.2,1,1,0,Yes,52,5428.28,1,Champions,47.8,High,Priority Save
CUST204291,72,One Year,Premium,Digital Wallet,0,91.76,6470.33,90.3,3,3,0,No,34,3119.84,1,Champions,18.2,Low,Standard
CUST204292,26,Month-to-Month,Standard,Credit Card,1,66.62,1653.74,88.5,1,4,1,Yes,18,1199.16,1,Champions,26.1,Medium,Standard
CUST204293,26,Month-to-Month,Premium,Bank Transfer,1,99.26,2559.34,93.9,4,1,0,Yes,18,1786.68,1,Champions,85.2,Very High,Standard
CUST204294,20,Month-to-Month,Premium,Digital Wallet,0,99.8,1933.63,80.7,3,5,2,No,18,1796.4,1,Champions,39.6,Medium,Standard
CUST204295,17,Two Year,Premium,Bank Transfer,0,100.12,1584.79,117.8,2,4,0,Yes,52,5206.24,1,Champions,23.6,Low,Standard
CUST204296,38,Two Year,Standard,Credit Card,1,58.97,2129.33,58.4,1,5,0,Yes,52,3066.44,0,Loyal Steady,4.4,Low,Standard
CUST204297,72,Month-to-Month,Standard,Digital Wallet,1,53.25,3692.25,31.2,2,4,3,No,18,958.5,2,Low Engagement,9.5,Low,Standard
CUST204298,11,One Year,Standard,Credit Card,1,46.36,471.68,63.7,1,2,2,Yes,34,1576.24,3,At Risk,28.3,Medium,Standard
CUST204299,19,Month-to-Month,Standard,Digital Wallet,0,59.73,1099.02,47.1,0,3,2,No,18,1075.14,3,At Risk,37.3,Medium,Standard
CUST204300,13,Month-to-Month,Basic,Credit Card,0,34.17,427.03,20.2,2,4,1,No,18,615.06,0,Loyal Steady,37.9,Medium,Standard
CUST204301,67,Month-to-Month,Basic,Bank Transfer,1,23.25,1512.07,47.2,0,4,1,No,18,418.5,2,Low Engagement,6.4,Low,Standard
CUST204302,29,Month-to-Month,Standard,Bank Transfer,1,54.06,1509.13,48.6,2,3,0,No,18,973.08,3,At Risk,45.6,High,Standard
CUST204303,20,Month-to-Month,Standard,Credit Card,0,58.91,1110.09,48.1,3,4,2,No,18,1060.38,0,Loyal Steady,44.7,High,Standard
CUST204304,68,Month-to-Month,Premium,Mailed Check,1,99.92,6333.68,89.7,1,4,2,No,18,1798.56,1,Champions,15.4,Low,Standard
CUST204305,21,Month-to-Month,Basic,Digital Wallet,1,32.46,629.3,44.2,5,2,1,No,18,584.28,3,At Risk,72.5,Very High,Standard
CUST204306,46,Month-to-Month,Standard,Credit Card,1,38.74,1776.75,56.8,1,3,2,No,18,697.32,2,Low Engagement,23.4,Low,Standard
CUST204307,40,Month-to-Month,Standard,Bank Transfer,1,49.14,1901.17,51.4,4,4,1,No,18,884.52,0,Loyal Steady,37.0,Medium,Standard
CUST204308,54,Two Year,Basic,Bank Transfer,0,26.55,1320.36,41.6,0,5,2,No,52,1380.6,2,Low Engagement,1.6,Low,Standard
CUST204309,28,Two Year,Premium,Bank Transfer,1,100.63,2786.38,103.6,2,3,0,No,52,5232.76,1,Champions,22.1,Low,Standard
CUST204310,7,One Year,Basic,Bank Transfer,1,29.63,191.13,30.1,1,5,1,No,34,1007.42,0,Loyal Steady,7.3,Low,Standard
CUST204311,72,Month-to-Month,Premium,Bank Transfer,0,93.76,6273.96,102.1,2,4,2,No,18,1687.68,1,Champions,17.6,Low,Standard
CUST204312,42,One Year,Basic,Credit Card,0,23.01,962.51,10.2,0,5,0,No,34,782.34,0,Loyal Steady,3.7,Low,Standard
CUST204313,17,Month-to-Month,Standard,Bank Transfer,1,55.07,908.94,83.4,0,4,1,No,18,991.26,0,Loyal Steady,25.2,Medium,Standard
CUST204314,23,Month-to-Month,Basic,Digital Wallet,1,16.13,356.47,52.2,2,5,1,No,18,290.34,0,Loyal Steady,19.4,Low,Standard
CUST204315,21,Two Year,Premium,Digital Wallet,0,110.4,2177.34,87.3,1,2,2,No,52,5740.8,1,Champions,28.8,Medium,Standard
CUST204316,6,One Year,Basic,Bank Transfer,1,42.58,246.84,35.4,1,4,0,No,34,1447.72,0,Loyal Steady,13.4,Low,Standard
CUST204317,54,One Year,Standard,Credit Card,1,56.56,3009.64,68.4,1,5,1,No,34,1923.04,2,Low Engagement,3.3,Low,Standard
CUST204318,22,Month-to-Month,Standard,Credit Card,1,56.23,1144.98,30.9,3,3,0,Yes,18,1012.14,3,At Risk,56.8,High,Standard
CUST204319,17,Month-to-Month,Standard,Digital Wallet,1,53.3,851.07,39.4,1,3,2,No,18,959.4,3,At Risk,38.7,Medium,Standard
CUST204320,10,Month-to-Month,Standard,Bank Transfer,1,44.81,423.59,91.0,1,3,0,Yes,18,806.58,3,At Risk,52.1,High,Standard
CUST204321,52,One Year,Standard,Bank Transfer,0,59.81,2875.34,56.0,3,3,1,No,34,2033.54,2,Low Engagement,18.5,Low,Standard
CUST204322,28,One Year,Standard,Credit Card,0,57.6,1595.75,51.6,2,4,2,No,34,1958.4,0,Loyal Steady,13.8,Low,Standard
CUST204323,71,One Year,Basic,Credit Card,1,30.49,2038.44,2.0,0,3,1,No,34,1036.66,2,Low Engagement,3.0,Low,Standard
CUST204324,1,One Year,Premium,Digital Wallet,0,104.45,100.28,90.9,3,2,0,Yes,34,3551.3,1,Champions,68.6,Very High,Priority Save
CUST204325,29,Month-to-Month,Standard,Digital Wallet,1,53.87,1521.99,52.5,3,4,1,No,18,969.66,0,Loyal Steady,37.6,Medium,Standard
CUST204326,44,One Year,Premium,Bank Transfer,1,100.48,4116.86,102.0,3,3,1,No,34,3416.32,1,Champions,21.4,Low,Standard
CUST204327,72,One Year,Basic,Bank Transfer,1,24.78,1737.23,41.6,1,3,3,No,34,842.52,2,Low Engagement,2.9,Low,Standard
CUST204328,9,Two Year,Premium,Mailed Check,0,85.9,767.54,93.4,2,2,1,Yes,52,4466.8,1,Champions,55.4,High,Priority Save
CUST204329,9,Month-to-Month,Standard,Credit Card,0,49.2,433.14,46.2,0,3,2,Yes,18,885.6,3,At Risk,43.0,Medium,Standard
CUST204330,72,Month-to-Month,Standard,Credit Card,1,54.44,3707.08,44.7,2,2,1,No,18,979.92,2,Low Engagement,28.2,Medium,Standard
CUST204331,32,Two Year,Basic,Bank Transfer,1,23.22,702.06,33.0,1,4,0,No,52,1207.44,0,Loyal Steady,6.1,Low,Standard
CUST204332,31,Month-to-Month,Basic,Mailed Check,1,28.15,817.96,9.5,3,4,2,Yes,18,506.7,0,Loyal Steady,31.4,Medium,Standard
CUST204333,22,Month-to-Month,Basic,Credit Card,0,23.54,486.89,29.1,1,4,3,Yes,18,423.72,0,Loyal Steady,21.2,Low,Standard
CUST204334,18,One Year,Standard,Bank Transfer,1,52.9,903.58,79.6,0,3,1,No,34,1798.6,3,At Risk,15.0,Low,Standard
CUST204335,11,One Year,Premium,Credit Card,1,98.52,1001.26,85.7,2,2,1,Yes,34,3349.68,1,Champions,43.7,High,Priority Save
CUST204336,8,Month-to-Month,Standard,Credit Card,1,55.93,438.3,38.4,3,3,0,Yes,18,1006.74,3,At Risk,65.4,Very High,Standard
CUST204337,59,Month-to-Month,Premium,Bank Transfer,0,105.7,6007.02,94.1,1,3,4,No,18,1902.6,1,Champions,20.3,Low,Standard
CUST204338,13,One Year,Basic,Digital Wallet,1,27.4,342.04,5.5,0,3,2,No,34,931.6,3,At Risk,10.7,Low,Standard
CUST204339,50,One Year,Basic,Credit Card,1,23.74,1181.96,28.8,1,3,2,No,34,807.16,2,Low Engagement,5.9,Low,Standard
CUST204340,20,Two Year,Standard,Credit Card,1,51.3,1015.0,45.6,1,3,0,No,52,2667.6,3,At Risk,16.8,Low,Standard
CUST204341,30,Month-to-Month,Premium,Credit Card,1,101.81,2901.63,114.3,4,4,0,Yes,18,1832.58,1,Champions,54.0,High,Standard
CUST204342,61,Month-to-Month,Basic,Digital Wallet,1,25.61,1459.79,37.1,2,4,3,No,18,460.98,2,Low Engagement,9.5,Low,Standard
CUST204343,38,One Year,Standard,Mailed Check,0,47.0,1768.25,34.8,1,4,1,No,34,1598.0,0,Loyal Steady,13.4,Low,Standard
CUST204344,25,One Year,Standard,Digital Wallet,1,59.07,1399.02,56.1,1,4,1,No,34,2008.38,0,Loyal Steady,10.7,Low,Standard
CUST204345,17,Month-to-Month,Basic,Bank Transfer,0,26.9,421.36,29.9,1,2,2,Yes,18,484.2,3,At Risk,49.3,High,Standard
CUST204346,42,Month-to-Month,Premium,Bank Transfer,1,100.4,4078.71,92.0,2,4,1,No,18,1807.2,1,Champions,28.4,Medium,Standard
CUST204347,26,Month-to-Month,Standard,Credit Card,0,59.49,1453.61,47.6,1,5,1,No,18,1070.82,0,Loyal Steady,21.6,Low,Standard
CUST204348,21,Month-to-Month,Standard,Credit Card,0,48.61,1001.45,42.2,0,5,0,No,18,874.98,0,Loyal Steady,22.0,Low,Standard
CUST204349,12,Month-to-Month,Standard,Digital Wallet,1,60.67,718.18,65.8,4,3,1,Yes,18,1092.06,3,At Risk,67.3,Very High,Standard
CUST204350,18,Month-to-Month,Premium,Mailed Check,1,88.67,1492.51,87.4,0,4,1,Yes,18,1596.06,1,Champions,37.0,Medium,Standard
CUST204351,16,Month-to-Month,Premium,Bank Transfer,1,94.17,1451.23,74.6,3,2,1,Yes,18,1695.06,1,Champions,73.7,Very High,Standard
CUST204352,31,Two Year,Basic,Bank Transfer,1,22.99,658.54,14.5,1,5,1,No,52,1195.48,0,Loyal Steady,3.2,Low,Standard
CUST204353,20,One Year,Standard,Mailed Check,0,52.98,1030.7,38.1,1,3,1,No,34,1801.32,3,At Risk,28.6,Medium,Standard
CUST204354,17,Month-to-Month,Premium,Credit Card,0,90.61,1433.05,67.3,2,4,1,Yes,18,1630.98,1,Champions,49.9,High,Standard
CUST204355,15,One Year,Premium,Credit Card,0,90.17,1294.91,106.8,1,3,1,Yes,34,3065.78,1,Champions,30.6,Medium,Standard
CUST204356,44,Month-to-Month,Basic,Credit Card,0,33.25,1439.16,19.5,1,2,1,No,18,598.5,3,At Risk,36.2,Medium,Standard
CUST204357,23,Month-to-Month,Premium,Bank Transfer,0,77.79,1710.25,76.5,0,3,4,Yes,18,1400.22,1,Champions,33.1,Medium,Standard
CUST204358,65,Month-to-Month,Standard,Credit Card,0,49.36,3071.01,40.4,0,4,4,No,18,888.48,2,Low Engagement,7.2,Low,Standard
CUST204359,16,One Year,Premium,Credit Card,1,98.73,1461.53,77.5,2,3,2,No,34,3356.82,1,Champions,25.7,Medium,Standard
CUST204360,31,Two Year,Basic,Bank Transfer,0,15.0,462.26,6.6,2,2,1,No,52,780.0,3,At Risk,21.5,Low,Standard
CUST204361,8,Month-to-Month,Basic,Credit Card,0,19.96,156.17,37.2,3,4,2,No,18,359.28,0,Loyal Steady,45.2,High,Standard
CUST204362,7,Month-to-Month,Basic,Digital Wallet,1,16.69,111.08,52.3,3,3,1,No,18,300.42,3,At Risk,57.0,High,Standard
CUST204363,18,Month-to-Month,Standard,Bank Transfer,1,45.37,762.89,42.3,1,4,0,No,18,816.66,0,Loyal Steady,33.6,Medium,Standard
CUST204364,26,Month-to-Month,Standard,Bank Transfer,1,53.25,1311.64,71.4,0,3,1,No,18,958.5,3,At Risk,30.5,Medium,Standard
CUST204365,32,Month-to-Month,Basic,Bank Transfer,1,28.4,872.09,35.9,0,3,0,No,18,511.2,3,At Risk,24.0,Low,Standard
CUST204366,29,Month-to-Month,Premium,Credit Card,0,81.75,2313.83,113.8,2,2,1,Yes,18,1471.5,1,Champions,68.5,Very High,Standard
CUST204367,72,Month-to-Month,Premium,Digital Wallet,1,99.16,6932.0,90.9,1,3,0,No,18,1784.88,1,Champions,22.1,Low,Standard
CUST204368,33,Two Year,Standard,Credit Card,1,54.62,1793.42,63.1,3,2,0,Yes,52,2840.24,3,At Risk,30.3,Medium,Standard
CUST204369,14,Two Year,Basic,Digital Wallet,1,20.26,275.39,18.8,0,2,1,No,52,1053.52,3,At Risk,15.6,Low,Standard
CUST204370,39,Month-to-Month,Standard,Bank Transfer,1,52.98,2018.92,62.0,3,4,0,Yes,18,953.64,0,Loyal Steady,34.8,Medium,Standard
CUST204371,29,Month-to-Month,Premium,Credit Card,1,94.95,2686.41,92.2,0,4,1,No,18,1709.1,1,Champions,23.9,Low,Standard
CUST204372,23,Two Year,Premium,Credit Card,1,92.27,2013.19,86.6,1,1,3,No,52,4798.04,1,Champions,28.7,Medium,Standard
CUST204373,20,One Year,Premium,Credit Card,1,92.85,1801.33,94.4,1,2,0,No,34,3156.9,1,Champions,35.8,Medium,Standard
CUST204374,26,Two Year,Standard,Bank Transfer,1,52.8,1300.78,62.1,3,3,0,No,52,2745.6,3,At Risk,23.8,Low,Standard
CUST204375,39,Month-to-Month,Basic,Digital Wallet,1,18.63,689.02,41.7,2,4,2,No,18,335.34,0,Loyal Steady,18.1,Low,Standard
CUST204376,17,Month-to-Month,Basic,Bank Transfer,1,28.0,475.07,56.4,1,5,1,Yes,18,504.0,0,Loyal Steady,16.4,Low,Standard
CUST204377,48,Month-to-Month,Standard,Credit Card,0,66.29,3064.33,73.7,1,5,2,No,18,1193.22,0,Loyal Steady,11.9,Low,Standard
CUST204378,38,Month-to-Month,Standard,Digital Wallet,1,52.49,1906.66,51.4,1,4,2,No,18,944.82,0,Loyal Steady,18.5,Low,Standard
CUST204379,28,One Year,Standard,Credit Card,1,57.45,1606.22,52.2,2,3,0,No,34,1953.3,3,At Risk,21.8,Low,Standard
CUST204380,45,One Year,Premium,Credit Card,1,107.95,4716.35,73.9,3,2,1,No,34,3670.3,1,Champions,29.7,Medium,Standard
CUST204381,28,Month-to-Month,Basic,Bank Transfer,1,27.98,782.69,6.8,0,4,2,No,18,503.64,0,Loyal Steady,12.7,Low,Standard
CUST204382,30,One Year,Standard,Digital Wallet,0,47.3,1315.4,51.6,2,3,2,No,34,1608.2,3,At Risk,21.2,Low,Standard
CUST204383,20,One Year,Basic,Credit Card,0,24.24,452.56,34.2,0,3,1,No,34,824.16,3,At Risk,13.7,Low,Standard
CUST204384,15,Month-to-Month,Standard,Mailed Check,0,62.28,867.94,54.4,2,3,0,No,18,1121.04,3,At Risk,69.0,Very High,Standard
CUST204385,15,Month-to-Month,Premium,Credit Card,1,91.16,1315.38,88.5,3,4,1,No,18,1640.88,1,Champions,51.9,High,Standard
CUST204386,34,Month-to-Month,Standard,Digital Wallet,1,53.26,1674.76,37.7,2,5,3,No,18,958.68,0,Loyal Steady,14.5,Low,Standard
CUST204387,9,One Year,Premium,Bank Transfer,1,86.85,736.78,73.2,2,3,2,No,34,2952.9,1,Champions,29.5,Medium,Standard
CUST204388,26,Month-to-Month,Standard,Credit Card,1,51.24,1264.75,80.6,0,2,3,No,18,922.32,3,At Risk,34.7,Medium,Standard
CUST204389,21,Two Year,Standard,Mailed Check,1,59.34,1234.86,24.9,1,3,1,No,52,3085.68,3,At Risk,18.2,Low,Standard
CUST204390,24,One Year,Basic,Digital Wallet,1,30.11,692.42,13.6,3,4,0,No,34,1023.74,0,Loyal Steady,15.6,Low,Standard
CUST204391,15,Month-to-Month,Standard,Bank Transfer,1,54.15,776.14,43.1,1,4,0,Yes,18,974.7,0,Loyal Steady,34.9,Medium,Standard
CUST204392,31,One Year,Premium,Credit Card,1,95.43,2808.21,60.0,0,5,2,No,34,3244.62,1,Champions,4.5,Low,Standard
CUST204393,49,One Year,Standard,Credit Card,1,53.99,2542.35,69.2,1,3,3,No,34,1835.66,2,Low Engagement,7.1,Low,Standard
CUST204394,25,Month-to-Month,Standard,Digital Wallet,1,60.26,1452.7,43.2,1,4,0,No,18,1084.68,0,Loyal Steady,30.1,Medium,Standard
CUST204395,43,One Year,Standard,Bank Transfer,1,66.07,2703.59,58.1,0,3,0,No,34,2246.38,2,Low Engagement,9.4,Low,Standard
CUST204396,42,Two Year,Standard,Digital Wallet,1,55.42,2254.69,56.8,1,3,1,No,52,2881.84,2,Low Engagement,9.2,Low,Standard
CUST204397,72,Month-to-Month,Basic,Bank Transfer,1,16.85,1117.87,36.0,3,4,2,No,18,303.3,2,Low Engagement,10.8,Low,Standard
CUST204398,44,One Year,Basic,Credit Card,1,30.14,1308.47,26.5,1,4,0,No,34,1024.76,2,Low Engagement,5.7,Low,Standard
CUST204399,67,Month-to-Month,Basic,Credit Card,0,24.52,1634.12,28.3,1,4,1,Yes,18,441.36,2,Low Engagement,10.6,Low,Standard
CUST204400,15,Month-to-Month,Standard,Digital Wallet,1,50.18,701.49,51.4,0,5,1,Yes,18,903.24,0,Loyal Steady,17.9,Low,Standard
CUST204401,9,Month-to-Month,Premium,Bank Transfer,1,95.12,807.68,97.4,1,5,2,Yes,18,1712.16,1,Champions,26.3,Medium,Standard
CUST204402,13,Two Year,Basic,Credit Card,0,24.67,317.76,42.5,3,2,3,No,52,1282.84,3,At Risk,29.8,Medium,Standard
CUST204403,4,Month-to-Month,Premium,Bank Transfer,0,92.29,360.14,68.6,2,1,0,No,18,1661.22,3,At Risk,88.1,Very High,Standard
CUST204404,72,Month-to-Month,Basic,Credit Card,1,24.17,1635.95,22.9,2,3,2,No,18,435.06,2,Low Engagement,12.8,Low,Standard
CUST204405,25,One Year,Premium,Mailed Check,0,104.09,2484.0,91.3,2,2,0,Yes,34,3539.06,1,Champions,54.4,High,Priority Save
CUST204406,24,Two Year,Basic,Bank Transfer,1,21.22,476.47,10.3,1,3,1,Yes,52,1103.44,3,At Risk,9.9,Low,Standard
CUST204407,26,Two Year,Premium,Bank Transfer,0,99.93,2390.76,83.5,0,3,2,Yes,52,5196.36,1,Champions,13.5,Low,Standard
CUST204408,34,One Year,Premium,Credit Card,0,93.75,3162.53,106.2,1,4,1,No,34,3187.5,1,Champions,14.0,Low,Standard
CUST204409,5,Month-to-Month,Basic,Digital Wallet,0,21.35,103.93,13.7,3,2,0,No,18,384.3,3,At Risk,77.5,Very High,Standard
CUST204410,15,Month-to-Month,Standard,Mailed Check,0,63.23,922.06,36.6,2,3,0,Yes,18,1138.14,3,At Risk,68.5,Very High,Standard
CUST204411,22,Two Year,Standard,Credit Card,1,49.12,1025.77,79.7,0,3,2,No,52,2554.24,3,At Risk,9.7,Low,Standard
CUST204412,28,Month-to-Month,Premium,Credit Card,0,101.21,2768.91,68.4,0,5,1,No,18,1821.78,1,Champions,19.9,Low,Standard
CUST204413,15,Month-to-Month,Standard,Bank Transfer,1,52.62,761.93,65.1,1,3,1,No,18,947.16,3,At Risk,43.6,Medium,Standard
CUST204414,63,Two Year,Basic,Bank Transfer,1,19.51,1149.31,34.5,0,2,2,Yes,52,1014.52,2,Low Engagement,4.2,Low,Standard
CUST204415,24,Two Year,Standard,Digital Wallet,1,64.37,1468.19,53.4,2,4,4,No,52,3347.24,0,Loyal Steady,7.1,Low,Standard
CUST204416,33,One Year,Standard,Bank Transfer,1,62.26,2026.36,35.8,3,2,1,No,34,2116.84,3,At Risk,30.7,Medium,Standard
CUST204417,11,Month-to-Month,Standard,Credit Card,0,65.45,695.34,50.5,2,4,0,No,18,1178.1,0,Loyal Steady,51.2,High,Standard
CUST204418,25,One Year,Standard,Bank Transfer,0,57.55,1341.27,49.1,0,3,4,No,34,1956.7,3,At Risk,10.2,Low,Standard
CUST204419,15,Month-to-Month,Premium,Digital Wallet,0,88.86,1256.25,123.6,2,4,1,No,18,1599.48,1,Champions,54.0,High,Standard
CUST204420,22,Month-to-Month,Standard,Bank Transfer,0,60.46,1323.43,43.5,0,3,0,No,18,1088.28,3,At Risk,42.2,Medium,Standard
CUST204421,21,Month-to-Month,Premium,Bank Transfer,1,86.98,1711.41,94.6,3,4,0,Yes,18,1565.64,1,Champions,52.5,High,Standard
CUST204422,15,Month-to-Month,Standard,Bank Transfer,0,58.43,814.9,63.8,2,3,2,Yes,18,1051.74,3,At Risk,53.5,High,Standard
CUST204423,72,Two Year,Basic,Bank Transfer,1,35.42,2387.43,34.5,1,3,1,No,52,1841.84,2,Low Engagement,3.1,Low,Standard
CUST204424,18,One Year,Standard,Digital Wallet,1,60.89,1030.57,42.4,2,2,0,Yes,34,2070.26,3,At Risk,37.8,Medium,Standard
CUST204425,18,One Year,Standard,Bank Transfer,0,55.62,950.65,76.6,0,3,2,No,34,1891.08,3,At Risk,16.4,Low,Standard
CUST204426,25,One Year,Standard,Credit Card,0,56.34,1334.29,57.8,1,3,0,No,34,1915.56,3,At Risk,23.2,Low,Standard
CUST204427,23,Month-to-Month,Basic,Credit Card,1,17.99,402.39,13.0,0,3,0,Yes,18,323.82,3,At Risk,28.4,Medium,Standard
CUST204428,7,Month-to-Month,Basic,Credit Card,1,25.2,168.16,43.2,0,4,0,No,18,453.6,0,Loyal Steady,26.9,Medium,Standard
CUST204429,11,Month-to-Month,Standard,Credit Card,1,51.69,542.69,75.9,0,2,4,No,18,930.42,3,At Risk,39.6,Medium,Standard
CUST204430,51,Two Year,Premium,Mailed Check,1,90.31,4280.99,107.9,1,3,2,No,52,4696.12,1,Champions,10.9,Low,Standard
CUST204431,14,Month-to-Month,Standard,Credit Card,1,56.46,734.08,87.2,1,2,0,Yes,18,1016.28,3,At Risk,61.4,High,Standard
CUST204432,25,Month-to-Month,Standard,Bank Transfer,0,45.49,1064.31,62.8,1,5,2,No,18,818.82,0,Loyal Steady,20.0,Low,Standard
CUST204433,3,Month-to-Month,Standard,Credit Card,1,48.83,142.15,63.2,2,4,0,Yes,18,878.94,0,Loyal Steady,50.4,High,Standard
CUST204434,56,Month-to-Month,Basic,Bank Transfer,0,23.54,1217.5,16.8,1,4,1,No,18,423.72,2,Low Engagement,13.4,Low,Standard
CUST204435,10,Month-to-Month,Standard,Digital Wallet,1,56.73,550.16,61.4,2,3,2,No,18,1021.14,3,At Risk,50.7,High,Standard
CUST204436,35,Month-to-Month,Standard,Mailed Check,1,58.56,1999.72,79.0,1,4,2,No,18,1054.08,0,Loyal Steady,25.2,Medium,Standard
CUST204437,35,Month-to-Month,Premium,Bank Transfer,0,104.25,3385.9,80.3,1,3,1,No,18,1876.5,1,Champions,43.3,Medium,Standard
CUST204438,33,Two Year,Premium,Mailed Check,0,96.45,3149.03,104.5,1,3,1,No,52,5015.4,1,Champions,23.1,Low,Standard
CUST204439,36,Month-to-Month,Premium,Credit Card,1,89.54,3133.26,100.3,2,4,0,Yes,18,1611.72,1,Champions,36.2,Medium,Standard
CUST204440,12,Month-to-Month,Standard,Digital Wallet,0,52.87,609.67,52.0,2,3,0,Yes,18,951.66,3,At Risk,64.5,Very High,Standard
CUST204441,33,One Year,Standard,Credit Card,1,50.21,1599.69,61.9,0,4,1,No,34,1707.14,0,Loyal Steady,6.7,Low,Standard
CUST204442,51,One Year,Premium,Credit Card,0,100.43,5010.97,89.9,0,2,2,No,34,3414.62,1,Champions,15.0,Low,Standard
CUST204443,61,One Year,Standard,Bank Transfer,0,54.07,3247.36,64.4,1,3,0,No,34,1838.38,2,Low Engagement,10.9,Low,Standard
CUST204444,31,One Year,Standard,Bank Transfer,0,61.45,1762.62,68.6,3,3,1,No,34,2089.3,3,At Risk,28.1,Medium,Standard
CUST204445,67,One Year,Standard,Digital Wallet,0,58.54,3656.06,52.5,4,3,2,Yes,34,1990.36,2,Low Engagement,15.5,Low,Standard
CUST204446,19,Month-to-Month,Standard,Mailed Check,0,48.53,866.65,79.8,0,5,3,No,18,873.54,0,Loyal Steady,20.8,Low,Standard
CUST204447,35,One Year,Premium,Digital Wallet,1,96.69,3317.14,84.6,1,4,1,Yes,34,3287.46,1,Champions,10.7,Low,Standard
CUST204448,34,Month-to-Month,Standard,Digital Wallet,1,61.13,2020.12,62.0,0,4,1,No,18,1100.34,0,Loyal Steady,18.1,Low,Standard
CUST204449,15,Month-to-Month,Premium,Credit Card,1,90.26,1326.93,81.7,2,3,1,No,18,1624.68,1,Champions,57.0,High,Standard
CUST204450,15,Month-to-Month,Basic,Credit Card,0,18.16,272.34,20.3,2,4,1,No,18,326.88,0,Loyal Steady,37.5,Medium,Standard
CUST204451,38,Month-to-Month,Basic,Credit Card,1,19.42,698.53,37.0,3,2,3,No,18,349.56,3,At Risk,40.1,Medium,Standard
CUST204452,22,Two Year,Basic,Credit Card,1,22.69,483.04,8.9,1,4,3,No,52,1179.88,0,Loyal Steady,4.8,Low,Standard
CUST204453,25,Month-to-Month,Premium,Bank Transfer,1,92.17,2165.55,122.2,1,3,0,Yes,18,1659.06,1,Champions,48.5,High,Standard
CUST204454,36,Month-to-Month,Premium,Digital Wallet,0,98.23,3255.83,79.4,2,3,2,No,18,1768.14,1,Champions,47.2,High,Standard
CUST204455,14,Month-to-Month,Standard,Credit Card,1,59.17,825.37,39.1,3,4,1,Yes,18,1065.06,0,Loyal Steady,45.2,High,Standard
CUST204456,12,One Year,Standard,Credit Card,1,46.89,518.26,35.5,1,3,2,No,34,1594.26,3,At Risk,18.4,Low,Standard
CUST204457,71,Month-to-Month,Premium,Mailed Check,1,89.93,6381.74,91.6,1,4,1,No,18,1618.74,1,Champions,17.0,Low,Standard
CUST204458,20,Month-to-Month,Basic,Credit Card,1,26.3,487.45,15.0,3,3,2,No,18,473.4,3,At Risk,42.0,Medium,Standard
CUST204459,10,One Year,Basic,Bank Transfer,1,33.15,328.23,50.7,1,3,2,Yes,34,1127.1,3,At Risk,14.7,Low,Standard
CUST204460,31,Month-to-Month,Standard,Digital Wallet,1,56.51,1687.22,73.0,0,2,0,No,18,1017.18,3,At Risk,44.1,High,Standard
CUST204461,36,One Year,Standard,Digital Wallet,1,65.11,2165.98,25.6,2,3,2,No,34,2213.74,3,At Risk,13.9,Low,Standard
CUST204462,4,Month-to-Month,Standard,Credit Card,1,56.16,220.94,62.9,3,2,1,Yes,18,1010.88,3,At Risk,75.1,Very High,Standard
CUST204463,22,Month-to-Month,Standard,Bank Transfer,0,62.53,1276.22,59.6,4,3,2,Yes,18,1125.54,3,At Risk,63.0,Very High,Standard
CUST204464,21,Month-to-Month,Standard,Digital Wallet,1,59.59,1202.66,64.3,1,5,0,Yes,18,1072.62,0,Loyal Steady,22.8,Low,Standard
CUST204465,23,Two Year,Standard,Credit Card,1,53.17,1192.0,61.7,1,4,1,No,52,2764.84,0,Loyal Steady,8.8,Low,Standard
CUST204466,11,One Year,Standard,Bank Transfer,1,52.1,563.26,68.2,2,3,1,No,34,1771.4,3,At Risk,27.1,Medium,Standard
CUST204467,7,One Year,Basic,Bank Transfer,0,26.2,178.98,32.5,1,3,0,No,34,890.8,3,At Risk,25.6,Medium,Standard
CUST204468,7,Month-to-Month,Premium,Credit Card,1,91.77,641.72,95.8,0,2,0,Yes,18,1651.86,1,Champions,64.3,Very High,Standard
CUST204469,19,One Year,Standard,Bank Transfer,1,52.39,980.41,74.4,1,4,1,No,34,1781.26,0,Loyal Steady,12.1,Low,Standard
CUST204470,2,Month-to-Month,Basic,Digital Wallet,1,19.33,36.38,41.3,3,4,2,Yes,18,347.94,0,Loyal Steady,43.0,Medium,Standard
CUST204471,27,Month-to-Month,Standard,Bank Transfer,1,55.37,1406.98,42.0,0,3,2,No,18,996.66,3,At Risk,25.8,Medium,Standard
CUST204472,31,One Year,Basic,Digital Wallet,1,25.68,767.58,28.6,2,1,0,Yes,34,873.12,3,At Risk,34.9,Medium,Standard
CUST204473,29,One Year,Standard,Credit Card,0,40.09,1087.56,59.9,3,2,1,No,34,1363.06,3,At Risk,41.6,Medium,Standard
CUST204474,28,Two Year,Standard,Credit Card,1,54.47,1450.03,61.9,0,3,0,No,52,2832.44,3,At Risk,11.0,Low,Standard
CUST204475,39,One Year,Premium,Digital Wallet,1,97.1,3640.77,80.6,3,2,0,No,34,3301.4,1,Champions,38.5,Medium,Standard
CUST204476,22,One Year,Basic,Digital Wallet,0,31.36,666.39,17.7,1,4,2,Yes,34,1066.24,0,Loyal Steady,9.4,Low,Standard
CUST204477,29,One Year,Premium,Credit Card,0,92.2,2465.5,78.2,1,4,1,No,34,3134.8,1,Champions,15.2,Low,Standard
CUST204478,18,Month-to-Month,Standard,Digital Wallet,0,47.93,806.55,47.9,0,5,1,No,18,862.74,0,Loyal Steady,21.3,Low,Standard
CUST204479,6,Month-to-Month,Basic,Digital Wallet,0,22.79,131.65,35.6,2,2,2,No,18,410.22,3,At Risk,64.7,Very High,Standard
CUST204480,17,Two Year,Premium,Credit Card,1,92.79,1495.15,96.0,0,4,0,Yes,52,4825.08,1,Champions,11.4,Low,Standard
CUST204481,10,Two Year,Basic,Bank Transfer,0,20.21,201.94,8.3,0,4,0,No,52,1050.92,0,Loyal Steady,10.0,Low,Standard
CUST204482,10,Two Year,Basic,Credit Card,1,21.83,203.23,42.4,4,3,1,No,52,1135.16,3,At Risk,28.1,Medium,Standard
CUST204483,39,One Year,Standard,Credit Card,1,48.6,1888.82,71.8,1,3,0,No,34,1652.4,3,At Risk,14.1,Low,Standard
CUST204484,47,Month-to-Month,Standard,Mailed Check,0,51.27,2357.97,47.7,2,3,1,Yes,18,922.86,2,Low Engagement,45.9,High,Standard
CUST204485,12,Month-to-Month,Standard,Digital Wallet,1,58.58,656.39,42.4,2,2,2,No,18,1054.44,3,At Risk,61.2,High,Standard
CUST204486,46,Two Year,Basic,Digital Wallet,1,21.4,943.08,30.2,1,4,1,No,52,1112.8,2,Low Engagement,3.9,Low,Standard
CUST204487,17,Month-to-Month,Standard,Bank Transfer,1,54.74,929.42,79.8,1,4,1,Yes,18,985.32,0,Loyal Steady,31.0,Medium,Standard
CUST204488,16,Month-to-Month,Standard,Bank Transfer,0,49.15,780.76,40.7,1,3,1,Yes,18,884.7,3,At Risk,49.6,High,Standard
CUST204489,25,One Year,Premium,Mailed Check,1,97.52,2254.53,97.4,0,5,1,Yes,34,3315.68,1,Champions,8.7,Low,Standard
CUST204490,38,Month-to-Month,Basic,Bank Transfer,1,41.16,1538.6,28.9,0,1,3,Yes,18,740.88,3,At Risk,30.2,Medium,Standard
CUST204491,32,One Year,Standard,Bank Transfer,1,46.06,1381.25,58.0,2,3,1,No,34,1566.04,3,At Risk,17.9,Low,Standard
CUST204492,57,Month-to-Month,Standard,Credit Card,1,65.7,3526.85,41.4,1,2,0,Yes,18,1182.6,2,Low Engagement,33.0,Medium,Standard
CUST204493,41,One Year,Standard,Digital Wallet,1,50.09,2018.59,85.4,2,4,1,Yes,34,1703.06,0,Loyal Steady,10.1,Low,Standard
CUST204494,22,One Year,Standard,Credit Card,0,64.75,1313.33,38.2,2,5,0,No,34,2201.5,0,Loyal Steady,13.3,Low,Standard
CUST204495,21,Month-to-Month,Basic,Bank Transfer,1,22.18,451.44,47.2,2,4,0,Yes,18,399.24,0,Loyal Steady,31.7,Medium,Standard
CUST204496,59,Month-to-Month,Basic,Credit Card,0,30.5,1790.8,26.6,1,3,0,No,18,549.0,2,Low Engagement,21.9,Low,Standard
CUST204497,10,Month-to-Month,Standard,Bank Transfer,1,56.91,535.45,53.1,0,3,4,Yes,18,1024.38,3,At Risk,27.9,Medium,Standard
CUST204498,72,One Year,Premium,Credit Card,0,106.27,7577.4,82.1,0,2,0,No,34,3613.18,1,Champions,12.4,Low,Standard
CUST204499,29,Two Year,Basic,Mailed Check,0,18.51,534.65,4.1,2,3,3,No,52,962.52,3,At Risk,14.8,Low,Standard
CUST204500,13,Month-to-Month,Standard,Credit Card,1,55.76,709.33,47.4,0,3,1,No,18,1003.68,3,At Risk,37.3,Medium,Standard
CUST204501,7,Month-to-Month,Premium,Mailed Check,1,91.6,618.19,130.9,3,3,0,Yes,18,1648.8,1,Champions,79.2,Very High,Standard
CUST204502,31,Month-to-Month,Standard,Credit Card,1,45.79,1398.74,73.0,3,2,0,Yes,18,824.22,3,At Risk,65.0,Very High,Standard
CUST204503,47,Month-to-Month,Standard,Bank Transfer,1,49.46,2322.36,59.6,1,2,0,No,18,890.28,3,At Risk,40.1,Medium,Standard
CUST204504,62,One Year,Premium,Digital Wallet,1,89.69,5505.36,84.5,0,4,0,No,34,3049.46,1,Champions,5.1,Low,Standard
CUST204505,46,Month-to-Month,Basic,Credit Card,1,30.94,1391.08,27.1,1,5,2,No,18,556.92,0,Loyal Steady,7.1,Low,Standard
CUST204506,55,Two Year,Premium,Bank Transfer,0,84.44,4494.23,93.5,1,4,0,No,52,4390.88,1,Champions,8.1,Low,Standard
CUST204507,36,Month-to-Month,Premium,Bank Transfer,0,94.25,3284.62,88.3,1,3,3,Yes,18,1696.5,1,Champions,35.5,Medium,Standard
CUST204508,54,Two Year,Basic,Mailed Check,0,32.93,1728.08,52.8,4,3,1,No,52,1712.36,2,Low Engagement,19.1,Low,Standard
CUST204509,27,Month-to-Month,Standard,Bank Transfer,1,61.72,1663.01,59.7,4,1,0,Yes,18,1110.96,3,At Risk,81.1,Very High,Standard
CUST204510,4,Month-to-Month,Basic,Digital Wallet,1,27.11,102.19,34.1,2,3,0,Yes,18,487.98,3,At Risk,54.7,High,Standard
CUST204511,24,Month-to-Month,Basic,Digital Wallet,1,22.55,507.1,34.1,4,4,0,Yes,18,405.9,0,Loyal Steady,44.3,High,Standard
CUST204512,18,One Year,Standard,Mailed Check,1,55.55,981.47,44.6,4,2,0,Yes,34,1888.7,3,At Risk,59.8,High,Standard
CUST204513,17,Month-to-Month,Standard,Digital Wallet,1,58.06,939.82,47.4,3,4,1,No,18,1045.08,0,Loyal Steady,44.6,High,Standard
CUST204514,25,Month-to-Month,Standard,Credit Card,0,58.41,1362.26,64.8,0,4,0,No,18,1051.38,0,Loyal Steady,29.8,Medium,Standard
CUST204515,7,Month-to-Month,Basic,Credit Card,1,29.39,200.68,2.0,2,3,1,Yes,18,529.02,3,At Risk,46.6,High,Standard
CUST204516,20,Two Year,Standard,Mailed Check,1,56.98,1109.35,71.7,2,4,0,No,52,2962.96,0,Loyal Steady,18.8,Low,Standard
CUST204517,36,One Year,Premium,Mailed Check,0,97.77,3438.97,98.6,1,5,0,No,34,3324.18,1,Champions,13.2,Low,Standard
CUST204518,13,Month-to-Month,Basic,Bank Transfer,1,30.01,361.65,45.3,3,2,2,No,18,540.18,3,At Risk,59.4,High,Standard
CUST204519,20,Two Year,Standard,Credit Card,0,65.11,1200.96,46.2,2,1,2,Yes,52,3385.72,3,At Risk,40.6,Medium,Standard
CUST204520,27,Two Year,Standard,Digital Wallet,0,45.2,1182.78,48.7,4,4,1,No,52,2350.4,0,Loyal Steady,22.6,Low,Standard
CUST204521,35,Month-to-Month,Premium,Bank Transfer,0,93.19,3138.7,81.8,1,5,2,No,18,1677.42,1,Champions,19.5,Low,Standard
CUST204522,38,Month-to-Month,Basic,Credit Card,0,26.14,955.91,22.9,3,4,3,Yes,18,470.52,0,Loyal Steady,24.0,Low,Standard
CUST204523,24,One Year,Premium,Mailed Check,1,95.29,2265.79,88.0,4,2,1,Yes,34,3239.86,1,Champions,58.5,High,Priority Save
CUST204524,36,Two Year,Standard,Bank Transfer,1,59.1,1978.6,80.8,2,3,1,Yes,52,3073.2,1,Champions,13.4,Low,Standard
CUST204525,13,One Year,Basic,Credit Card,0,26.73,329.29,20.8,1,5,1,No,34,908.82,0,Loyal Steady,8.3,Low,Standard
CUST204526,38,Two Year,Basic,Credit Card,1,30.76,1095.21,37.9,4,3,3,No,52,1599.52,3,At Risk,11.8,Low,Standard
CUST204527,56,Month-to-Month,Premium,Mailed Check,1,98.49,5292.42,118.0,1,4,2,No,18,1772.82,1,Champions,20.4,Low,Standard
CUST204528,1,Month-to-Month,Basic,Bank Transfer,1,18.47,17.75,19.5,0,5,1,No,18,332.46,0,Loyal Steady,17.7,Low,Standard
CUST204529,18,Month-to-Month,Standard,Credit Card,0,47.65,832.83,63.2,1,3,1,Yes,18,857.7,3,At Risk,49.2,High,Standard
CUST204530,45,Month-to-Month,Basic,Bank Transfer,1,23.27,998.26,20.8,2,3,2,No,18,418.86,2,Low Engagement,22.4,Low,Standard
CUST204531,47,One Year,Standard,Digital Wallet,0,52.17,2372.81,60.5,0,5,1,No,34,1773.78,0,Loyal Steady,4.0,Low,Standard
CUST204532,27,Two Year,Standard,Bank Transfer,1,56.65,1463.75,54.7,2,4,3,No,52,2945.8,0,Loyal Steady,7.6,Low,Standard
CUST204533,13,Month-to-Month,Premium,Credit Card,0,105.9,1368.12,95.1,3,3,1,Yes,18,1906.2,1,Champions,71.0,Very High,Standard
CUST204534,19,One Year,Basic,Bank Transfer,0,29.7,538.22,6.8,0,4,0,No,34,1009.8,0,Loyal Steady,9.9,Low,Standard
CUST204535,35,Month-to-Month,Standard,Digital Wallet,1,49.32,1657.42,62.4,0,3,2,Yes,18,887.76,3,At Risk,23.6,Low,Standard
CUST204536,48,Month-to-Month,Basic,Mailed Check,1,18.96,908.18,2.0,2,1,4,No,18,341.28,3,At Risk,42.2,Medium,Standard
CUST204537,37,Month-to-Month,Standard,Credit Card,1,52.53,1888.95,38.2,0,4,3,No,18,945.54,0,Loyal Steady,12.2,Low,Standard
CUST204538,18,One Year,Premium,Credit Card,1,89.65,1591.84,81.3,0,4,2,No,34,3048.1,1,Champions,10.2,Low,Standard
CUST204539,15,Two Year,Standard,Bank Transfer,1,60.19,893.15,52.9,2,4,1,No,52,3129.88,0,Loyal Steady,13.3,Low,Standard
CUST204540,11,Month-to-Month,Premium,Credit Card,0,90.24,981.39,108.9,1,3,1,Yes,18,1624.32,1,Champions,60.2,High,Standard
CUST204541,31,Month-to-Month,Basic,Digital Wallet,1,28.55,836.91,35.4,4,2,1,Yes,18,513.9,3,At Risk,60.4,High,Standard
CUST204542,20,Two Year,Premium,Digital Wallet,1,108.37,2112.97,91.7,2,3,1,No,52,5635.24,1,Champions,23.1,Low,Standard
CUST204543,32,Month-to-Month,Basic,Digital Wallet,1,24.23,759.08,23.3,1,4,0,No,18,436.14,0,Loyal Steady,21.0,Low,Standard
CUST204544,22,One Year,Standard,Bank Transfer,0,54.68,1118.12,34.8,1,3,0,No,34,1859.12,3,At Risk,24.1,Low,Standard
CUST204545,41,One Year,Standard,Credit Card,1,50.58,1946.23,60.4,1,4,0,No,34,1719.72,0,Loyal Steady,8.5,Low,Standard
CUST204546,50,Month-to-Month,Basic,Bank Transfer,1,30.03,1448.79,23.9,2,3,1,No,18,540.54,2,Low Engagement,22.9,Low,Standard
CUST204547,36,Month-to-Month,Premium,Credit Card,0,96.88,3251.36,99.3,1,4,3,No,18,1743.84,1,Champions,25.2,Medium,Standard
CUST204548,13,Month-to-Month,Standard,Bank Transfer,1,60.04,728.48,74.0,3,4,1,No,18,1080.72,0,Loyal Steady,46.7,High,Standard
CUST204549,18,Month-to-Month,Premium,Digital Wallet,1,107.83,1794.96,96.8,1,1,0,Yes,18,1940.94,1,Champions,75.2,Very High,Priority Save
CUST204550,12,Month-to-Month,Premium,Digital Wallet,0,92.53,1043.49,55.7,2,3,0,Yes,18,1665.54,1,Champions,69.4,Very High,Standard
CUST204551,14,One Year,Standard,Credit Card,1,46.73,603.91,67.9,0,3,1,No,34,1588.82,3,At Risk,16.4,Low,Standard
CUST204552,20,One Year,Standard,Digital Wallet,1,46.34,883.41,56.8,2,4,0,No,34,1575.56,0,Loyal Steady,18.1,Low,Standard
CUST204553,13,Month-to-Month,Basic,Digital Wallet,1,22.58,290.65,42.6,2,4,1,No,18,406.44,0,Loyal Steady,33.4,Medium,Standard
CUST204554,20,Month-to-Month,Standard,Bank Transfer,1,51.53,962.84,33.8,1,4,1,No,18,927.54,0,Loyal Steady,28.4,Medium,Standard
CUST204555,64,Month-to-Month,Standard,Bank Transfer,1,52.01,3104.15,51.1,1,3,0,No,18,936.18,2,Low Engagement,20.5,Low,Standard
CUST204556,13,Two Year,Standard,Bank Transfer,0,59.58,730.37,57.8,0,4,1,Yes,52,3098.16,0,Loyal Steady,10.8,Low,Standard
CUST204557,18,Month-to-Month,Standard,Digital Wallet,1,56.93,996.6,63.1,0,4,2,No,18,1024.74,0,Loyal Steady,22.1,Low,Standard
CUST204558,26,Month-to-Month,Standard,Mailed Check,1,50.52,1271.17,72.2,0,3,4,No,18,909.36,3,At Risk,27.4,Medium,Standard
CUST204559,16,Month-to-Month,Premium,Credit Card,0,85.36,1272.94,57.2,0,2,1,Yes,18,1536.48,3,At Risk,61.0,High,Standard
CUST204560,20,Month-to-Month,Standard,Mailed Check,0,48.34,914.81,75.3,1,3,2,No,18,870.12,3,At Risk,52.5,High,Standard
CUST204561,42,One Year,Standard,Digital Wallet,0,58.32,2305.23,55.0,0,3,0,No,34,1982.88,2,Low Engagement,13.2,Low,Standard
CUST204562,15,Month-to-Month,Basic,Bank Transfer,1,15.0,208.63,48.8,3,2,0,Yes,18,270.0,3,At Risk,66.9,Very High,Standard
CUST204563,42,One Year,Premium,Credit Card,1,95.32,3722.1,108.5,2,3,2,No,34,3240.88,1,Champions,15.7,Low,Standard
CUST204564,24,Month-to-Month,Basic,Credit Card,0,34.65,812.94,17.0,0,4,2,No,18,623.7,0,Loyal Steady,17.8,Low,Standard
CUST204565,27,Two Year,Standard,Digital Wallet,1,64.11,1673.17,70.0,3,4,2,No,52,3333.72,0,Loyal Steady,12.0,Low,Standard
CUST204566,21,One Year,Basic,Bank Transfer,0,25.28,493.55,9.6,2,3,0,No,34,859.52,3,At Risk,23.9,Low,Standard
CUST204567,53,Month-to-Month,Standard,Bank Transfer,0,49.0,2526.33,55.8,3,5,0,No,18,882.0,2,Low Engagement,23.2,Low,Standard
CUST204568,68,Month-to-Month,Premium,Digital Wallet,1,93.15,5844.11,89.0,5,4,0,No,18,1676.7,1,Champions,38.1,Medium,Standard
CUST204569,17,Month-to-Month,Premium,Credit Card,1,88.35,1398.24,102.3,1,4,0,No,18,1590.3,1,Champions,40.9,Medium,Standard
CUST204570,26,Two Year,Standard,Credit Card,1,65.33,1572.37,44.1,1,4,2,No,52,3397.16,0,Loyal Steady,6.7,Low,Standard
CUST204571,61,Two Year,Basic,Digital Wallet,0,30.92,1758.79,24.3,0,4,0,No,52,1607.84,2,Low Engagement,3.1,Low,Standard
CUST204572,52,Month-to-Month,Standard,Digital Wallet,1,57.98,2787.92,44.7,3,2,3,No,18,1043.64,2,Low Engagement,39.3,Medium,Standard
CUST204573,54,Month-to-Month,Premium,Mailed Check,1,98.65,5221.45,93.7,1,3,0,Yes,18,1775.7,1,Champions,37.7,Medium,Standard
CUST204574,22,One Year,Basic,Mailed Check,1,15.0,328.18,44.2,1,3,0,Yes,34,510.0,3,At Risk,20.5,Low,Standard
CUST204575,43,Month-to-Month,Basic,Digital Wallet,0,21.67,920.77,30.1,1,3,2,No,18,390.06,2,Low Engagement,24.4,Low,Standard
CUST204576,35,Month-to-Month,Standard,Mailed Check,0,70.29,2431.75,81.3,2,4,3,No,18,1265.22,1,Champions,33.1,Medium,Standard
CUST204577,29,One Year,Standard,Credit Card,1,47.89,1308.62,65.3,1,2,1,No,34,1628.26,3,At Risk,22.8,Low,Standard
CUST204578,37,Month-to-Month,Standard,Mailed Check,1,54.16,1951.87,33.8,1,4,2,No,18,974.88,0,Loyal Steady,23.4,Low,Standard
CUST204579,60,Two Year,Standard,Credit Card,0,55.48,3226.72,64.8,2,5,1,No,52,2884.96,2,Low Engagement,3.9,Low,Standard
CUST204580,27,Month-to-Month,Standard,Digital Wallet,1,61.54,1615.09,60.0,0,3,2,Yes,18,1107.72,3,At Risk,26.9,Medium,Standard
CUST204581,19,Month-to-Month,Standard,Bank Transfer,1,46.97,828.77,47.0,3,4,1,No,18,845.46,0,Loyal Steady,42.8,Medium,Standard
CUST204582,16,One Year,Premium,Bank Transfer,0,94.94,1418.11,97.4,2,3,2,No,34,3227.96,1,Champions,32.1,Medium,Standard
CUST204583,49,Two Year,Standard,Digital Wallet,1,66.24,3179.42,34.2,2,5,0,No,52,3444.48,0,Loyal Steady,4.5,Low,Standard
CUST204584,24,Month-to-Month,Standard,Digital Wallet,1,48.49,1140.77,42.3,2,4,0,No,18,872.82,0,Loyal Steady,37.7,Medium,Standard
CUST204585,24,Month-to-Month,Premium,Credit Card,1,101.76,2425.07,101.9,1,2,1,Yes,18,1831.68,1,Champions,56.6,High,Standard
CUST204586,50,Month-to-Month,Standard,Digital Wallet,0,45.2,2178.26,51.5,2,2,4,No,18,813.6,2,Low Engagement,37.3,Medium,Standard
CUST204587,9,One Year,Standard,Bank Transfer,0,61.94,525.11,61.0,1,4,1,No,34,2105.96,0,Loyal Steady,18.6,Low,Standard
CUST204588,42,One Year,Premium,Digital Wallet,1,92.76,3662.43,117.5,1,3,0,No,34,3153.84,1,Champions,17.1,Low,Standard
CUST204589,54,One Year,Standard,Bank Transfer,1,50.82,2584.84,53.9,0,4,1,No,34,1727.88,2,Low Engagement,4.0,Low,Standard
CUST204590,24,Two Year,Standard,Bank Transfer,1,56.12,1323.51,54.6,0,3,0,No,52,2918.24,3,At Risk,11.9,Low,Standard
CUST204591,29,One Year,Basic,Bank Transfer,0,36.7,1017.47,16.7,3,4,0,No,34,1247.8,0,Loyal Steady,17.0,Low,Standard
CUST204592,23,Month-to-Month,Standard,Credit Card,1,46.25,994.9,65.8,1,2,2,No,18,832.5,3,At Risk,47.4,High,Standard
CUST204593,14,Two Year,Premium,Mailed Check,0,96.24,1345.99,61.5,3,3,1,No,52,5004.48,1,Champions,45.4,High,Priority Save
CUST204594,14,Two Year,Basic,Credit Card,1,30.27,415.87,2.0,1,4,2,No,52,1574.04,0,Loyal Steady,6.6,Low,Standard
CUST204595,47,One Year,Premium,Credit Card,0,97.53,4494.06,89.7,0,5,1,No,34,3316.02,1,Champions,4.9,Low,Standard
CUST204596,3,One Year,Standard,Bank Transfer,0,58.34,171.62,67.6,2,3,0,No,34,1983.56,3,At Risk,41.5,Medium,Standard
CUST204597,39,Two Year,Standard,Credit Card,0,42.75,1637.77,49.5,1,3,0,Yes,52,2223.0,3,At Risk,14.5,Low,Standard
CUST204598,9,Month-to-Month,Standard,Mailed Check,1,56.1,490.39,45.2,7,3,1,No,18,1009.8,3,At Risk,87.6,Very High,Standard
CUST204599,14,One Year,Basic,Digital Wallet,1,31.21,407.63,15.1,2,3,0,No,34,1061.14,3,At Risk,22.7,Low,Standard
CUST204600,14,Month-to-Month,Standard,Digital Wallet,1,63.92,870.59,55.2,0,4,1,No,18,1150.56,0,Loyal Steady,26.6,Medium,Standard
CUST204601,9,Month-to-Month,Basic,Bank Transfer,0,19.31,169.18,48.4,1,5,0,No,18,347.58,0,Loyal Steady,27.7,Medium,Standard
CUST204602,21,Two Year,Basic,Credit Card,1,33.85,675.81,22.7,0,3,2,No,52,1760.2,3,At Risk,6.9,Low,Standard
CUST204603,31,Month-to-Month,Standard,Credit Card,0,46.43,1359.52,58.8,1,4,1,Yes,18,835.74,0,Loyal Steady,29.6,Medium,Standard
CUST204604,18,Month-to-Month,Standard,Credit Card,1,56.27,1011.01,37.7,1,2,1,Yes,18,1012.86,3,At Risk,53.4,High,Standard
CUST204605,10,Month-to-Month,Basic,Credit Card,1,22.65,211.4,31.7,1,5,5,No,18,407.7,0,Loyal Steady,10.6,Low,Standard
CUST204606,20,Month-to-Month,Basic,Digital Wallet,1,15.0,280.16,2.0,1,3,1,Yes,18,270.0,3,At Risk,33.5,Medium,Standard
CUST204607,24,Month-to-Month,Standard,Credit Card,0,62.47,1481.54,60.8,0,4,1,No,18,1124.46,0,Loyal Steady,26.6,Medium,Standard
CUST204608,72,Month-to-Month,Premium,Credit Card,1,104.22,7083.31,88.0,1,3,0,No,18,1875.96,1,Champions,21.1,Low,Standard
CUST204609,24,Two Year,Standard,Bank Transfer,1,56.97,1334.6,59.6,3,3,0,No,52,2962.44,3,At Risk,24.5,Medium,Standard
CUST204610,24,Month-to-Month,Standard,Bank Transfer,1,54.19,1207.39,64.0,1,3,0,Yes,18,975.42,3,At Risk,42.0,Medium,Standard
CUST204611,13,Month-to-Month,Premium,Bank Transfer,1,106.51,1367.53,67.5,0,3,0,Yes,18,1917.18,1,Champions,46.4,High,Priority Save
CUST204612,21,Two Year,Premium,Bank Transfer,1,96.23,1931.51,115.3,1,4,1,No,52,5003.96,1,Champions,11.7,Low,Standard
CUST204613,4,Month-to-Month,Standard,Credit Card,1,56.32,209.38,51.5,1,3,1,No,18,1013.76,3,At Risk,50.1,High,Standard
CUST204614,27,Month-to-Month,Premium,Bank Transfer,1,96.87,2493.05,73.7,3,5,2,No,18,1743.66,1,Champions,28.1,Medium,Standard
CUST204615,19,Month-to-Month,Standard,Credit Card,1,56.65,1062.01,64.7,0,4,0,Yes,18,1019.7,0,Loyal Steady,27.1,Medium,Standard
CUST204616,23,Month-to-Month,Premium,Bank Transfer,0,102.69,2229.25,73.0,3,2,1,Yes,18,1848.42,1,Champions,75.4,Very High,Standard
CUST204617,15,Two Year,Basic,Credit Card,0,24.58,346.15,38.9,3,4,2,No,52,1278.16,0,Loyal Steady,14.8,Low,Standard
CUST204618,44,Month-to-Month,Premium,Digital Wallet,0,93.9,3918.86,94.7,0,3,1,Yes,18,1690.2,1,Champions,33.1,Medium,Standard
CUST204619,60,Month-to-Month,Basic,Bank Transfer,1,17.16,992.77,23.1,1,4,1,No,18,308.88,2,Low Engagement,9.7,Low,Standard
CUST204620,33,One Year,Basic,Digital Wallet,1,31.4,974.81,37.6,0,4,2,No,34,1067.6,0,Loyal Steady,4.3,Low,Standard
CUST204621,56,Month-to-Month,Standard,Credit Card,1,48.74,2600.54,76.0,1,4,2,No,18,877.32,2,Low Engagement,12.5,Low,Standard
CUST204622,11,Month-to-Month,Standard,Mailed Check,1,60.26,656.5,27.3,1,2,0,Yes,18,1084.68,3,At Risk,68.9,Very High,Standard
CUST204623,23,One Year,Standard,Bank Transfer,1,50.68,1113.29,87.0,1,3,1,Yes,34,1723.12,3,At Risk,17.4,Low,Standard
CUST204624,19,Month-to-Month,Standard,Mailed Check,1,55.11,983.55,34.4,0,4,0,No,18,991.98,0,Loyal Steady,33.5,Medium,Standard
CUST204625,24,Month-to-Month,Standard,Digital Wallet,1,60.78,1432.96,35.5,0,5,2,No,18,1094.04,0,Loyal Steady,12.4,Low,Standard
CUST204626,13,Month-to-Month,Standard,Credit Card,1,62.74,805.4,31.4,1,4,1,Yes,18,1129.32,0,Loyal Steady,31.7,Medium,Standard
CUST204627,42,Month-to-Month,Basic,Credit Card,0,25.26,1002.61,6.8,2,4,1,No,18,454.68,2,Low Engagement,22.6,Low,Standard
CUST204628,19,One Year,Basic,Credit Card,1,28.87,523.0,19.1,2,3,1,No,34,981.58,3,At Risk,17.5,Low,Standard
CUST204629,72,One Year,Standard,Bank Transfer,0,54.24,3707.55,48.8,2,3,1,No,34,1844.16,2,Low Engagement,9.3,Low,Standard
CUST204630,28,Month-to-Month,Basic,Credit Card,1,17.45,453.91,16.8,1,3,0,Yes,18,314.1,3,At Risk,32.0,Medium,Standard
CUST204631,17,Month-to-Month,Standard,Mailed Check,1,44.42,711.14,41.4,1,4,1,No,18,799.56,0,Loyal Steady,38.3,Medium,Standard
CUST204632,23,One Year,Standard,Bank Transfer,0,58.66,1283.89,59.8,1,4,1,No,34,1994.44,0,Loyal Steady,13.9,Low,Standard
CUST204633,10,Two Year,Basic,Digital Wallet,1,25.91,256.79,38.2,0,3,0,No,52,1347.32,3,At Risk,12.9,Low,Standard
CUST204634,10,Month-to-Month,Standard,Bank Transfer,1,53.94,499.73,62.9,2,3,0,Yes,18,970.92,3,At Risk,58.0,High,Standard
CUST204635,15,Month-to-Month,Premium,Bank Transfer,0,70.31,1018.75,100.4,2,3,1,Yes,18,1265.58,1,Champions,65.3,Very High,Standard
CUST204636,72,Month-to-Month,Basic,Credit Card,1,33.15,2232.87,23.6,1,3,0,No,18,596.7,2,Low Engagement,13.0,Low,Standard
CUST204637,35,One Year,Premium,Bank Transfer,1,97.35,3320.77,106.4,3,4,2,No,34,3309.9,1,Champions,15.1,Low,Standard
CUST204638,31,Month-to-Month,Standard,Digital Wallet,1,46.83,1404.97,77.2,1,3,0,No,18,842.94,3,At Risk,39.6,Medium,Standard
CUST204639,36,Month-to-Month,Basic,Bank Transfer,1,16.91,568.07,3.8,1,4,1,Yes,18,304.38,0,Loyal Steady,16.1,Low,Standard
CUST204640,21,Month-to-Month,Standard,Digital Wallet,0,55.91,1164.24,50.5,0,3,0,Yes,18,1006.38,3,At Risk,44.4,High,Standard
CUST204641,72,Month-to-Month,Standard,Bank Transfer,1,54.49,3775.14,47.7,0,4,1,No,18,980.82,2,Low Engagement,7.4,Low,Standard
CUST204642,42,One Year,Basic,Bank Transfer,1,28.69,1120.63,26.6,1,4,1,No,34,975.46,2,Low Engagement,5.1,Low,Standard
CUST204643,16,Month-to-Month,Premium,Credit Card,1,104.15,1555.66,74.1,0,5,1,No,18,1874.7,1,Champions,20.2,Low,Standard
CUST204644,72,Month-to-Month,Standard,Digital Wallet,1,54.37,3668.21,54.8,2,5,2,Yes,18,978.66,2,Low Engagement,7.2,Low,Standard
CUST204645,10,Two Year,Basic,Digital Wallet,0,21.15,210.33,13.3,0,2,0,No,52,1099.8,3,At Risk,24.3,Low,Standard
CUST204646,15,Month-to-Month,Standard,Digital Wallet,0,51.5,735.66,69.1,4,4,1,Yes,18,927.0,0,Loyal Steady,61.2,High,Standard
CUST204647,36,Month-to-Month,Basic,Digital Wallet,1,23.19,789.15,34.2,4,2,0,Yes,18,417.42,3,At Risk,61.6,High,Standard
CUST204648,1,One Year,Premium,Bank Transfer,1,85.65,82.58,71.5,3,3,2,Yes,34,2912.1,1,Champions,40.8,Medium,Standard
CUST204649,53,One Year,Standard,Mailed Check,1,59.73,3055.72,39.3,3,4,1,Yes,34,2030.82,2,Low Engagement,12.2,Low,Standard
CUST204650,72,Month-to-Month,Premium,Credit Card,0,94.14,6585.23,138.1,0,4,3,No,18,1694.52,1,Champions,9.6,Low,Standard
CUST204651,22,Two Year,Standard,Digital Wallet,1,46.78,980.02,53.8,2,3,1,Yes,52,2432.56,3,At Risk,18.7,Low,Standard
CUST204652,34,Month-to-Month,Basic,Bank Transfer,1,25.53,814.22,17.5,0,5,2,No,18,459.54,0,Loyal Steady,7.2,Low,Standard
CUST204653,37,Month-to-Month,Premium,Mailed Check,0,97.92,3408.4,86.5,1,5,2,No,18,1762.56,1,Champions,24.4,Medium,Standard
CUST204654,28,Two Year,Basic,Bank Transfer,0,41.23,1131.36,46.3,3,3,0,No,52,2143.96,3,At Risk,21.8,Low,Standard
CUST204655,32,Month-to-Month,Premium,Bank Transfer,0,92.24,2803.43,110.9,1,4,2,Yes,18,1660.32,1,Champions,31.0,Medium,Standard
CUST204656,34,Month-to-Month,Basic,Credit Card,1,24.57,826.9,22.7,1,5,3,No,18,442.26,0,Loyal Steady,8.1,Low,Standard
CUST204657,20,Month-to-Month,Premium,Bank Transfer,1,86.02,1592.33,112.5,2,3,2,Yes,18,1548.36,1,Champions,50.7,High,Standard
CUST204658,41,Two Year,Premium,Mailed Check,0,92.91,3688.17,77.5,3,3,1,No,52,4831.32,1,Champions,30.0,Medium,Standard
CUST204659,34,Month-to-Month,Standard,Digital Wallet,0,59.88,1955.29,57.5,3,3,1,Yes,18,1077.84,3,At Risk,53.8,High,Standard
CUST204660,72,Month-to-Month,Basic,Digital Wallet,1,20.23,1345.53,3.6,0,3,0,No,18,364.14,2,Low Engagement,10.5,Low,Standard
CUST204661,15,One Year,Standard,Mailed Check,1,64.35,951.03,71.7,0,3,0,No,34,2187.9,3,At Risk,23.4,Low,Standard
CUST204662,58,Month-to-Month,Premium,Digital Wallet,1,100.13,5504.53,101.4,2,3,1,No,18,1802.34,1,Champions,31.6,Medium,Standard
CUST204663,17,Month-to-Month,Premium,Credit Card,0,98.26,1667.17,59.6,4,4,0,Yes,18,1768.68,1,Champions,67.3,Very High,Standard
CUST204664,56,One Year,Basic,Credit Card,1,16.6,926.58,27.8,0,4,0,Yes,34,564.4,2,Low Engagement,3.3,Low,Standard
CUST204665,4,Month-to-Month,Premium,Credit Card,0,93.32,344.22,108.1,3,1,0,Yes,18,1679.76,1,Champions,91.2,Very High,Standard
CUST204666,7,Month-to-Month,Standard,Mailed Check,1,58.55,391.36,68.9,0,2,1,No,18,1053.9,3,At Risk,62.1,High,Standard
CUST204667,18,One Year,Standard,Digital Wallet,1,49.74,860.13,55.4,2,3,0,No,34,1691.16,3,At Risk,27.7,Medium,Standard
CUST204668,31,One Year,Standard,Mailed Check,0,59.91,1834.14,64.7,1,3,1,Yes,34,2036.94,3,At Risk,23.5,Low,Standard
CUST204669,25,Month-to-Month,Standard,Credit Card,0,51.14,1234.13,89.4,2,4,0,No,18,920.52,0,Loyal Steady,44.3,High,Standard
CUST204670,44,Month-to-Month,Standard,Digital Wallet,1,57.53,2338.09,61.9,0,3,1,No,18,1035.54,2,Low Engagement,22.2,Low,Standard
CUST204671,34,Month-to-Month,Premium,Bank Transfer,0,92.63,3127.39,106.1,3,3,0,Yes,18,1667.34,1,Champions,63.7,Very High,Standard
CUST204672,19,Month-to-Month,Premium,Credit Card,1,103.37,1807.81,95.0,2,2,1,Yes,18,1860.66,1,Champions,66.2,Very High,Standard
CUST204673,24,One Year,Premium,Bank Transfer,1,87.37,1977.05,120.8,1,3,0,No,34,2970.58,1,Champions,24.0,Low,Standard
CUST204674,26,Two Year,Premium,Credit Card,0,96.69,2439.65,98.3,1,4,2,No,52,5027.88,1,Champions,11.5,Low,Standard
CUST204675,15,Month-to-Month,Premium,Credit Card,1,90.74,1270.31,57.9,0,4,4,Yes,18,1633.32,1,Champions,20.8,Low,Standard
CUST204676,24,Month-to-Month,Premium,Credit Card,1,96.65,2316.04,95.8,1,4,0,No,18,1739.7,1,Champions,36.1,Medium,Standard
CUST204677,34,One Year,Basic,Bank Transfer,1,28.69,972.8,43.5,1,3,0,No,34,975.46,3,At Risk,11.6,Low,Standard
CUST204678,19,Month-to-Month,Standard,Credit Card,1,43.33,785.48,60.9,1,4,3,No,18,779.94,0,Loyal Steady,23.6,Low,Standard
CUST204679,38,Month-to-Month,Premium,Bank Transfer,0,98.81,3671.38,85.0,2,3,1,No,18,1778.58,1,Champions,49.1,High,Standard
CUST204680,70,Month-to-Month,Basic,Credit Card,1,31.51,2194.04,25.1,1,3,0,No,18,567.18,2,Low Engagement,13.7,Low,Standard
CUST204681,38,Two Year,Premium,Digital Wallet,0,96.64,3603.09,88.2,1,2,1,No,52,5025.28,1,Champions,24.2,Low,Standard
CUST204682,14,One Year,Basic,Digital Wallet,0,20.66,281.1,26.0,1,3,2,No,34,702.44,3,At Risk,17.9,Low,Standard
CUST204683,41,Month-to-Month,Standard,Credit Card,1,58.28,2358.32,32.6,2,3,2,Yes,18,1049.04,2,Low Engagement,30.2,Medium,Standard
CUST204684,20,Two Year,Basic,Digital Wallet,1,26.98,497.84,28.2,3,4,1,No,52,1402.96,0,Loyal Steady,12.2,Low,Standard
CUST204685,3,Month-to-Month,Standard,Credit Card,0,58.26,173.56,69.5,3,3,3,No,18,1048.68,3,At Risk,64.2,Very High,Standard
CUST204686,13,Month-to-Month,Standard,Credit Card,1,56.56,720.55,59.1,1,5,0,No,18,1018.08,0,Loyal Steady,25.8,Medium,Standard
CUST204687,42,One Year,Premium,Bank Transfer,1,89.39,3497.58,65.8,1,3,1,No,34,3039.26,1,Champions,13.6,Low,Standard
CUST204688,60,Month-to-Month,Premium,Mailed Check,1,96.68,5593.85,71.2,1,3,1,No,18,1740.24,1,Champions,30.1,Medium,Standard
CUST204689,44,One Year,Standard,Credit Card,0,39.15,1635.85,45.3,3,2,1,No,34,1331.1,3,At Risk,32.4,Medium,Standard
CUST204690,13,Month-to-Month,Premium,Bank Transfer,0,94.91,1144.08,105.5,1,3,2,No,18,1708.38,1,Champions,54.3,High,Standard
CUST204691,42,Month-to-Month,Premium,Credit Card,1,93.49,3857.17,84.9,1,3,1,No,18,1682.82,1,Champions,33.2,Medium,Standard
CUST204692,44,Month-to-Month,Premium,Mailed Check,1,90.76,3879.98,84.6,2,3,2,No,18,1633.68,1,Champions,43.0,Medium,Standard
CUST204693,21,One Year,Basic,Credit Card,1,24.95,497.69,39.4,2,4,0,No,34,848.3,0,Loyal Steady,13.0,Low,Standard
CUST204694,11,Month-to-Month,Premium,Bank Transfer,1,91.52,966.43,84.9,4,2,2,No,18,1647.36,1,Champions,78.6,Very High,Standard
CUST204695,17,Month-to-Month,Standard,Digital Wallet,0,50.12,826.69,45.1,1,3,0,No,18,902.16,3,At Risk,54.4,High,Standard
CUST204696,29,One Year,Basic,Credit Card,1,19.24,551.8,25.8,1,4,1,No,34,654.16,0,Loyal Steady,7.1,Low,Standard
CUST204697,51,Month-to-Month,Standard,Credit Card,0,47.37,2381.8,46.0,3,3,0,Yes,18,852.66,2,Low Engagement,46.5,High,Standard
CUST204698,38,Two Year,Standard,Credit Card,1,45.31,1714.14,78.7,1,4,2,No,52,2356.12,0,Loyal Steady,5.5,Low,Standard
CUST204699,14,One Year,Standard,Bank Transfer,1,56.09,767.47,63.9,1,4,1,No,34,1907.06,0,Loyal Steady,13.3,Low,Standard
CUST204700,1,Two Year,Standard,Digital Wallet,1,49.23,45.76,55.8,2,2,0,Yes,52,2559.96,3,At Risk,43.4,Medium,Standard
CUST204701,18,Month-to-Month,Standard,Bank Transfer,1,63.46,1128.22,13.1,2,3,1,Yes,18,1142.28,3,At Risk,46.8,High,Standard
CUST204702,37,One Year,Standard,Mailed Check,1,55.26,1978.81,77.1,0,4,4,No,34,1878.84,0,Loyal Steady,5.3,Low,Standard
CUST204703,6,Two Year,Basic,Credit Card,0,22.87,133.2,58.8,0,1,1,No,52,1189.24,3,At Risk,33.4,Medium,Standard
CUST204704,32,One Year,Standard,Digital Wallet,1,54.09,1636.51,49.1,0,3,1,No,34,1839.06,3,At Risk,11.1,Low,Standard
CUST204705,67,Month-to-Month,Basic,Bank Transfer,1,24.41,1568.59,21.2,0,3,0,No,18,439.38,2,Low Engagement,11.4,Low,Standard
CUST204706,30,One Year,Basic,Bank Transfer,1,21.85,617.55,32.9,0,4,3,No,34,742.9,0,Loyal Steady,3.8,Low,Standard
CUST204707,52,One Year,Premium,Credit Card,0,89.15,4601.4,109.6,0,4,0,No,34,3031.1,1,Champions,8.4,Low,Standard
CUST204708,22,Month-to-Month,Standard,Digital Wallet,0,52.25,1146.63,52.6,2,5,1,No,18,940.5,0,Loyal Steady,30.4,Medium,Standard
CUST204709,66,One Year,Standard,Digital Wallet,0,64.35,4062.13,62.0,1,4,1,No,34,2187.9,2,Low Engagement,5.3,Low,Standard
CUST204710,31,Month-to-Month,Premium,Mailed Check,0,99.8,3056.45,94.0,3,4,0,No,18,1796.4,1,Champions,61.0,High,Standard
CUST204711,53,Month-to-Month,Premium,Digital Wallet,1,99.19,4982.31,92.3,1,5,0,No,18,1785.42,1,Champions,14.4,Low,Standard
CUST204712,20,Month-to-Month,Premium,Credit Card,1,103.77,1965.22,83.1,1,4,1,No,18,1867.86,1,Champions,33.9,Medium,Standard
CUST204713,23,Month-to-Month,Basic,Credit Card,1,31.18,706.51,24.3,2,3,0,Yes,18,561.24,3,At Risk,41.2,Medium,Standard
CUST204714,15,Two Year,Basic,Digital Wallet,1,20.64,292.4,6.3,1,2,2,Yes,52,1073.28,3,At Risk,16.8,Low,Standard
CUST204715,10,Month-to-Month,Standard,Mailed Check,0,61.41,592.81,55.2,0,4,2,Yes,18,1105.38,0,Loyal Steady,37.9,Medium,Standard
CUST204716,47,Two Year,Premium,Credit Card,0,96.82,4264.93,75.2,1,4,1,No,52,5034.64,1,Champions,8.1,Low,Standard
CUST204717,30,Month-to-Month,Basic,Credit Card,0,22.71,647.64,45.7,0,5,0,No,18,408.78,0,Loyal Steady,14.3,Low,Standard
CUST204718,38,Month-to-Month,Standard,Credit Card,1,64.3,2406.49,60.6,2,3,0,Yes,18,1157.4,3,At Risk,39.9,Medium,Standard
CUST204719,55,Month-to-Month,Premium,Credit Card,1,95.72,4918.26,87.3,1,5,3,No,18,1722.96,1,Champions,8.5,Low,Standard
CUST204720,57,One Year,Premium,Credit Card,1,84.95,4757.7,105.2,1,2,0,No,34,2888.3,1,Champions,18.3,Low,Standard
CUST204721,19,One Year,Basic,Credit Card,1,28.17,513.12,21.1,1,5,2,No,34,957.78,0,Loyal Steady,4.7,Low,Standard
CUST204722,50,Month-to-Month,Standard,Credit Card,1,46.07,2190.26,46.5,1,3,2,Yes,18,829.26,2,Low Engagement,21.1,Low,Standard
CUST204723,43,Month-to-Month,Standard,Credit Card,1,50.16,2139.51,68.1,1,4,2,Yes,18,902.88,2,Low Engagement,16.4,Low,Standard
CUST204724,38,Month-to-Month,Basic,Credit Card,0,20.3,743.2,24.9,1,4,1,No,18,365.4,0,Loyal Steady,20.0,Low,Standard
CUST204725,30,Month-to-Month,Standard,Digital Wallet,1,59.3,1667.62,51.6,2,1,0,No,18,1067.4,3,At Risk,69.9,Very High,Standard
CUST204726,15,Month-to-Month,Basic,Bank Transfer,1,31.86,472.33,27.4,1,4,1,Yes,18,573.48,0,Loyal Steady,24.6,Medium,Standard
CUST204727,53,Month-to-Month,Standard,Credit Card,1,54.71,2877.4,58.0,0,3,1,No,18,984.78,2,Low Engagement,17.9,Low,Standard
CUST204728,23,Two Year,Standard,Digital Wallet,1,45.82,973.0,47.2,0,3,1,No,52,2382.64,3,At Risk,11.1,Low,Standard
CUST204729,34,One Year,Basic,Bank Transfer,1,21.95,728.91,27.1,3,2,2,No,34,746.3,3,At Risk,21.7,Low,Standard
CUST204730,30,Month-to-Month,Basic,Mailed Check,0,20.05,571.42,3.4,1,4,0,No,18,360.9,0,Loyal Steady,33.1,Medium,Standard
CUST204731,37,One Year,Basic,Digital Wallet,0,24.3,864.1,34.2,2,3,0,No,34,826.2,3,At Risk,18.5,Low,Standard
CUST204732,33,Month-to-Month,Premium,Credit Card,1,93.63,2889.16,118.2,2,3,1,Yes,18,1685.34,1,Champions,46.5,High,Standard
CUST204733,72,Month-to-Month,Standard,Bank Transfer,0,58.3,3963.61,65.1,1,4,2,No,18,1049.4,2,Low Engagement,10.9,Low,Standard
CUST204734,25,Month-to-Month,Premium,Bank Transfer,1,99.45,2432.44,116.2,1,3,2,No,18,1790.1,1,Champions,39.7,Medium,Standard
CUST204735,16,One Year,Premium,Bank Transfer,1,96.84,1460.23,65.0,0,4,2,No,34,3292.56,1,Champions,10.3,Low,Standard
CUST204736,34,One Year,Standard,Digital Wallet,0,55.72,1801.92,83.8,4,2,2,No,34,1894.48,3,At Risk,42.4,Medium,Standard
CUST204737,32,Month-to-Month,Standard,Credit Card,0,45.41,1445.06,40.8,1,4,2,No,18,817.38,0,Loyal Steady,25.4,Medium,Standard
CUST204738,72,Month-to-Month,Standard,Mailed Check,1,63.59,4242.66,67.1,2,4,0,No,18,1144.62,2,Low Engagement,19.3,Low,Standard
CUST204739,15,One Year,Standard,Credit Card,1,50.53,711.42,64.8,2,4,2,No,34,1718.02,0,Loyal Steady,14.7,Low,Standard
CUST204740,31,Month-to-Month,Premium,Digital Wallet,1,86.62,2537.19,70.2,1,3,0,No,18,1559.16,1,Champions,44.7,High,Standard
CUST204741,5,One Year,Standard,Digital Wallet,1,50.13,240.22,50.0,0,3,1,No,34,1704.42,3,At Risk,20.0,Low,Standard
CUST204742,22,One Year,Standard,Credit Card,0,42.73,885.97,65.2,2,4,3,No,34,1452.82,0,Loyal Steady,14.3,Low,Standard
CUST204743,29,Month-to-Month,Premium,Mailed Check,0,99.15,2764.27,77.7,1,4,1,No,18,1784.7,1,Champions,43.3,Medium,Standard
CUST204744,16,Month-to-Month,Standard,Digital Wallet,1,53.0,788.95,67.3,0,3,0,No,18,954.0,3,At Risk,41.1,Medium,Standard
CUST204745,20,Month-to-Month,Premium,Bank Transfer,1,102.3,1963.77,102.0,5,5,1,No,18,1841.4,1,Champions,50.3,High,Standard
CUST204746,72,Month-to-Month,Standard,Digital Wallet,1,61.79,4245.3,57.5,3,4,2,No,18,1112.22,2,Low Engagement,14.4,Low,Standard
CUST204747,23,One Year,Standard,Credit Card,1,65.21,1414.91,80.2,0,4,0,No,34,2217.14,1,Champions,9.8,Low,Standard
CUST204748,8,One Year,Standard,Bank Transfer,0,47.84,355.01,67.4,1,3,0,No,34,1626.56,3,At Risk,32.3,Medium,Standard
CUST204749,30,Month-to-Month,Basic,Bank Transfer,0,26.19,754.88,48.8,0,4,0,No,18,471.42,0,Loyal Steady,21.4,Low,Standard
CUST204750,34,Month-to-Month,Standard,Digital Wallet,0,58.47,1949.96,28.9,0,4,0,No,18,1052.46,0,Loyal Steady,25.2,Medium,Standard
CUST204751,33,One Year,Standard,Bank Transfer,0,53.63,1734.86,90.9,0,5,1,Yes,34,1823.42,0,Loyal Steady,5.6,Low,Standard
CUST204752,21,Two Year,Basic,Credit Card,0,28.25,557.28,48.8,1,1,0,No,52,1469.0,3,At Risk,34.6,Medium,Standard
CUST204753,21,Month-to-Month,Standard,Digital Wallet,1,56.34,1168.6,27.8,1,2,2,Yes,18,1014.12,3,At Risk,48.0,High,Standard
CUST204754,32,Month-to-Month,Basic,Digital Wallet,1,21.08,672.46,65.2,4,3,1,No,18,379.44,3,At Risk,48.6,High,Standard
CUST204755,22,Two Year,Standard,Credit Card,1,54.93,1150.01,53.5,2,2,0,No,52,2856.36,3,At Risk,29.8,Medium,Standard
CUST204756,22,Two Year,Premium,Bank Transfer,1,95.49,2050.81,106.3,1,3,0,No,52,4965.48,1,Champions,20.1,Low,Standard
CUST204757,14,One Year,Standard,Credit Card,1,41.89,573.37,52.3,2,4,0,No,34,1424.26,0,Loyal Steady,19.9,Low,Standard
CUST204758,17,Month-to-Month,Standard,Mailed Check,1,56.66,912.81,85.9,0,4,1,Yes,18,1019.88,0,Loyal Steady,32.2,Medium,Standard
CUST204759,26,Month-to-Month,Standard,Credit Card,0,48.13,1198.03,44.6,3,3,0,Yes,18,866.34,3,At Risk,62.1,High,Standard
CUST204760,55,Month-to-Month,Standard,Bank Transfer,1,49.36,2655.45,40.2,0,3,0,No,18,888.48,2,Low Engagement,19.4,Low,Standard
CUST204761,5,Month-to-Month,Standard,Digital Wallet,1,55.8,260.14,64.9,1,5,2,No,18,1004.4,0,Loyal Steady,24.3,Low,Standard
CUST204762,30,Month-to-Month,Basic,Digital Wallet,0,24.72,721.5,34.5,2,2,0,Yes,18,444.96,3,At Risk,58.1,High,Standard
CUST204763,28,Month-to-Month,Standard,Bank Transfer,1,62.32,1685.21,49.7,2,3,0,No,18,1121.76,3,At Risk,45.8,High,Standard
CUST204764,34,Month-to-Month,Standard,Bank Transfer,0,56.54,1888.84,44.4,3,3,0,Yes,18,1017.72,3,At Risk,56.6,High,Standard
CUST204765,11,Month-to-Month,Basic,Digital Wallet,1,15.0,155.59,31.9,4,4,0,No,18,270.0,0,Loyal Steady,52.9,High,Standard
CUST204766,72,Month-to-Month,Basic,Digital Wallet,1,22.75,1592.83,6.0,1,4,2,No,18,409.5,2,Low Engagement,6.3,Low,Standard
CUST204767,23,One Year,Standard,Bank Transfer,1,56.72,1272.13,55.4,0,5,2,No,34,1928.48,0,Loyal Steady,4.4,Low,Standard
CUST204768,13,Month-to-Month,Standard,Bank Transfer,1,48.37,601.13,68.5,2,4,1,No,18,870.66,0,Loyal Steady,40.0,Medium,Standard
CUST204769,6,Month-to-Month,Standard,Mailed Check,0,59.77,336.29,71.1,1,5,0,No,18,1075.86,0,Loyal Steady,43.9,High,Standard
CUST204770,44,One Year,Basic,Mailed Check,1,22.95,990.78,44.8,1,3,0,No,34,780.3,2,Low Engagement,12.7,Low,Standard
CUST204771,11,Month-to-Month,Standard,Credit Card,1,57.12,580.83,52.1,4,3,0,No,18,1028.16,3,At Risk,70.4,Very High,Standard
CUST204772,72,Month-to-Month,Premium,Bank Transfer,1,88.03,6155.47,112.6,1,4,1,No,18,1584.54,1,Champions,12.7,Low,Standard
CUST204773,11,Month-to-Month,Standard,Bank Transfer,1,54.52,586.38,39.0,0,3,0,No,18,981.36,3,At Risk,42.2,Medium,Standard
CUST204774,38,Month-to-Month,Premium,Credit Card,1,94.64,3537.66,113.4,1,4,1,No,18,1703.52,1,Champions,25.5,Medium,Standard
CUST204775,45,Month-to-Month,Standard,Digital Wallet,1,58.39,2583.17,63.8,0,4,0,No,18,1051.02,2,Low Engagement,16.6,Low,Standard
CUST204776,32,Month-to-Month,Standard,Credit Card,1,64.61,2059.47,65.9,3,4,1,No,18,1162.98,0,Loyal Steady,34.7,Medium,Standard
CUST204777,38,Month-to-Month,Basic,Credit Card,1,15.82,576.71,13.6,1,4,1,No,18,284.76,0,Loyal Steady,15.7,Low,Standard
CUST204778,19,Month-to-Month,Premium,Bank Transfer,1,101.83,1849.88,101.8,1,3,1,No,18,1832.94,1,Champions,47.0,High,Standard
CUST204779,21,Month-to-Month,Basic,Credit Card,1,27.31,566.13,20.5,3,2,0,Yes,18,491.58,3,At Risk,62.1,High,Standard
CUST204780,23,One Year,Standard,Credit Card,1,63.02,1430.06,67.6,1,4,1,No,34,2142.68,0,Loyal Steady,10.8,Low,Standard
CUST204781,42,Two Year,Premium,Digital Wallet,0,99.96,4074.84,101.9,1,3,1,No,52,5197.92,1,Champions,15.0,Low,Standard
CUST204782,27,One Year,Basic,Digital Wallet,0,28.52,721.99,27.0,3,3,0,No,34,969.68,3,At Risk,27.8,Medium,Standard
CUST204783,14,One Year,Standard,Credit Card,1,61.84,816.49,69.8,5,2,0,Yes,34,2102.56,3,At Risk,61.5,High,Priority Save
CUST204784,58,Month-to-Month,Standard,Mailed Check,0,51.95,2837.21,69.4,1,4,1,Yes,18,935.1,2,Low Engagement,22.8,Low,Standard
CUST204785,16,Month-to-Month,Standard,Credit Card,0,44.15,661.13,49.9,2,2,3,Yes,18,794.7,3,At Risk,61.6,High,Standard
CUST204786,30,Month-to-Month,Premium,Credit Card,1,90.0,2619.92,90.1,1,1,1,Yes,18,1620.0,1,Champions,65.2,Very High,Standard
CUST204787,47,Two Year,Premium,Digital Wallet,1,91.44,4019.5,89.9,4,2,2,No,52,4754.88,1,Champions,28.2,Medium,Standard
CUST204788,18,Month-to-Month,Basic,Bank Transfer,0,30.32,534.74,39.6,1,3,0,Yes,18,545.76,3,At Risk,44.6,High,Standard
CUST204789,12,One Year,Standard,Digital Wallet,1,51.48,610.09,54.0,4,3,1,Yes,34,1750.32,3,At Risk,40.2,Medium,Standard
CUST204790,16,One Year,Premium,Bank Transfer,1,89.54,1427.78,80.1,0,4,0,No,34,3044.36,1,Champions,14.2,Low,Standard
CUST204791,25,Month-to-Month,Basic,Credit Card,0,28.29,699.94,33.3,2,5,1,No,18,509.22,0,Loyal Steady,21.8,Low,Standard
CUST204792,10,Two Year,Basic,Credit Card,1,26.89,256.12,38.7,2,4,0,No,52,1398.28,0,Loyal Steady,13.3,Low,Standard
CUST204793,32,Month-to-Month,Standard,Credit Card,0,55.81,1781.6,47.6,1,4,1,Yes,18,1004.58,0,Loyal Steady,28.4,Medium,Standard
CUST204794,26,Month-to-Month,Basic,Digital Wallet,1,25.99,663.37,34.2,2,3,1,Yes,18,467.82,3,At Risk,36.9,Medium,Standard
CUST204795,22,Two Year,Basic,Credit Card,0,21.3,441.22,37.6,0,5,1,No,52,1107.6,0,Loyal Steady,4.2,Low,Standard
CUST204796,29,One Year,Premium,Digital Wallet,1,104.14,2933.14,97.2,1,5,0,No,34,3540.76,1,Champions,9.1,Low,Standard
CUST204797,17,Month-to-Month,Premium,Bank Transfer,1,88.29,1498.06,74.6,0,5,0,No,18,1589.22,1,Champions,23.1,Low,Standard
CUST204798,10,Month-to-Month,Premium,Bank Transfer,0,103.04,973.13,115.0,0,3,1,Yes,18,1854.72,1,Champions,53.0,High,Standard
CUST204799,63,One Year,Standard,Bank Transfer,1,47.2,2874.49,66.9,3,4,2,No,34,1604.8,2,Low Engagement,6.4,Low,Standard
CUST204800,21,One Year,Basic,Digital Wallet,0,28.57,588.18,2.0,2,4,2,No,34,971.38,0,Loyal Steady,12.3,Low,Standard
CUST204801,11,Month-to-Month,Standard,Credit Card,1,50.43,552.84,40.5,1,3,3,Yes,18,907.74,3,At Risk,37.6,Medium,Standard
CUST204802,54,Two Year,Basic,Mailed Check,1,20.38,1057.82,36.6,1,3,3,No,52,1059.76,2,Low Engagement,5.1,Low,Standard
CUST204803,29,Month-to-Month,Basic,Credit Card,1,20.81,573.72,23.9,1,3,0,No,18,374.58,3,At Risk,31.5,Medium,Standard
CUST204804,32,One Year,Premium,Credit Card,1,92.24,2861.33,120.3,1,4,3,No,34,3136.16,1,Champions,8.6,Low,Standard
CUST204805,37,Month-to-Month,Standard,Bank Transfer,0,65.15,2311.75,45.3,4,4,2,No,18,1172.7,0,Loyal Steady,40.7,Medium,Standard
CUST204806,36,Month-to-Month,Standard,Digital Wallet,0,47.97,1709.92,57.0,2,1,2,Yes,18,863.46,3,At Risk,66.3,Very High,Standard
CUST204807,9,Month-to-Month,Standard,Bank Transfer,0,54.64,480.55,52.9,0,3,1,Yes,18,983.52,3,At Risk,46.8,High,Standard
CUST204808,49,Month-to-Month,Standard,Bank Transfer,1,59.06,2844.8,37.3,1,5,0,No,18,1063.08,0,Loyal Steady,11.8,Low,Standard
CUST204809,22,Month-to-Month,Standard,Bank Transfer,0,55.82,1203.31,34.1,1,3,3,Yes,18,1004.76,3,At Risk,37.2,Medium,Standard
CUST204810,36,Month-to-Month,Standard,Credit Card,0,44.77,1603.46,43.3,0,4,4,No,18,805.86,0,Loyal Steady,14.2,Low,Standard
CUST204811,22,Month-to-Month,Basic,Digital Wallet,1,20.36,428.37,5.4,0,3,1,No,18,366.48,3,At Risk,26.2,Medium,Standard
CUST204812,33,Two Year,Standard,Mailed Check,1,62.9,2042.77,74.3,0,4,0,No,52,3270.8,0,Loyal Steady,8.4,Low,Standard
CUST204813,11,Month-to-Month,Premium,Credit Card,0,83.83,863.86,86.6,0,2,0,Yes,18,1508.94,1,Champions,68.6,Very High,Standard
CUST204814,21,Month-to-Month,Standard,Mailed Check,1,48.82,1001.55,37.2,0,4,1,No,18,878.76,0,Loyal Steady,29.2,Medium,Standard
CUST204815,39,Month-to-Month,Basic,Bank Transfer,1,19.96,757.8,32.4,1,2,1,No,18,359.28,3,At Risk,33.4,Medium,Standard
CUST204816,6,Month-to-Month,Premium,Bank Transfer,1,103.47,594.96,100.7,1,5,2,No,18,1862.46,1,Champions,27.5,Medium,Standard
CUST204817,11,Month-to-Month,Standard,Digital Wallet,0,56.98,588.36,74.2,2,2,2,No,18,1025.64,3,At Risk,69.2,Very High,Standard
CUST204818,51,Month-to-Month,Premium,Mailed Check,0,96.9,4557.29,102.3,3,5,1,No,18,1744.2,1,Champions,32.8,Medium,Standard
CUST204819,72,Month-to-Month,Basic,Bank Transfer,1,24.75,1703.23,10.2,1,2,0,No,18,445.5,2,Low Engagement,19.8,Low,Standard
CUST204820,26,Month-to-Month,Basic,Mailed Check,1,17.97,461.35,24.9,2,4,0,No,18,323.46,0,Loyal Steady,36.2,Medium,Standard
CUST204821,41,Month-to-Month,Standard,Mailed Check,0,59.62,2289.52,57.0,0,4,1,No,18,1073.16,0,Loyal Steady,24.8,Medium,Standard
CUST204822,72,Month-to-Month,Basic,Bank Transfer,1,25.88,1750.13,30.2,1,4,1,No,18,465.84,2,Low Engagement,7.2,Low,Standard
CUST204823,36,Month-to-Month,Standard,Credit Card,1,50.23,1808.2,85.2,2,3,1,No,18,904.14,3,At Risk,38.6,Medium,Standard
CUST204824,6,Two Year,Standard,Bank Transfer,1,60.63,350.33,54.5,0,4,0,No,52,3152.76,0,Loyal Steady,11.3,Low,Standard
CUST204825,15,Month-to-Month,Standard,Bank Transfer,0,51.31,721.03,85.3,0,4,0,No,18,923.58,0,Loyal Steady,36.1,Medium,Standard
CUST204826,7,One Year,Standard,Credit Card,1,46.68,314.35,46.1,2,2,1,No,34,1587.12,3,At Risk,40.4,Medium,Standard
CUST204827,8,Two Year,Standard,Credit Card,0,57.6,453.48,55.0,1,4,2,No,52,2995.2,0,Loyal Steady,13.6,Low,Standard
CUST204828,72,Month-to-Month,Standard,Credit Card,0,52.12,3556.5,41.1,2,4,3,No,18,938.16,2,Low Engagement,12.1,Low,Standard
CUST204829,29,One Year,Basic,Credit Card,0,21.25,588.88,20.5,1,3,1,No,34,722.5,3,At Risk,14.3,Low,Standard
CUST204830,6,Month-to-Month,Standard,Mailed Check,1,58.98,334.08,51.4,0,4,2,Yes,18,1061.64,0,Loyal Steady,33.7,Medium,Standard
CUST204831,57,One Year,Basic,Mailed Check,1,18.55,1023.19,48.3,1,3,0,No,34,630.7,2,Low Engagement,9.6,Low,Standard
CUST204832,21,One Year,Premium,Credit Card,1,90.74,1771.91,87.8,0,2,1,No,34,3085.16,1,Champions,25.5,Medium,Standard
CUST204833,24,Month-to-Month,Basic,Digital Wallet,0,32.88,778.64,32.7,7,2,0,Yes,18,591.84,3,At Risk,87.2,Very High,Standard
CUST204834,20,One Year,Basic,Bank Transfer,1,32.73,642.43,2.0,0,4,0,No,34,1112.82,0,Loyal Steady,7.4,Low,Standard
CUST204835,26,Month-to-Month,Standard,Credit Card,1,67.24,1660.35,60.2,1,3,1,Yes,18,1210.32,3,At Risk,36.1,Medium,Standard
CUST204836,16,Month-to-Month,Standard,Digital Wallet,0,63.6,975.55,23.5,0,3,3,No,18,1144.8,3,At Risk,34.4,Medium,Standard
CUST204837,31,Month-to-Month,Standard,Digital Wallet,1,50.1,1481.36,39.1,4,4,0,No,18,901.8,0,Loyal Steady,47.4,High,Standard
CUST204838,39,Month-to-Month,Basic,Digital Wallet,1,22.24,816.15,46.6,1,5,1,No,18,400.32,0,Loyal Steady,10.5,Low,Standard
CUST204839,15,One Year,Premium,Credit Card,0,95.51,1390.4,83.3,2,4,1,Yes,34,3247.34,1,Champions,25.5,Medium,Standard
CUST204840,30,Month-to-Month,Basic,Bank Transfer,1,31.97,888.79,43.5,1,4,0,No,18,575.46,0,Loyal Steady,21.2,Low,Standard
CUST204841,42,Month-to-Month,Basic,Digital Wallet,0,23.52,978.48,19.2,2,4,3,No,18,423.36,2,Low Engagement,18.2,Low,Standard
CUST204842,43,One Year,Premium,Digital Wallet,1,98.02,4030.38,108.6,0,4,0,No,34,3332.68,1,Champions,8.1,Low,Standard
CUST204843,17,Month-to-Month,Premium,Digital Wallet,0,108.9,1799.69,81.8,2,3,0,Yes,18,1960.2,1,Champions,66.5,Very High,Priority Save
CUST204844,16,One Year,Basic,Digital Wallet,1,23.85,375.2,12.1,1,3,0,No,34,810.9,3,At Risk,17.4,Low,Standard
CUST204845,30,One Year,Standard,Credit Card,1,51.2,1486.78,62.5,0,3,0,No,34,1740.8,3,At Risk,13.2,Low,Standard
CUST204846,3,Month-to-Month,Premium,Credit Card,1,92.89,264.85,91.0,0,2,0,No,18,1672.02,1,Champions,66.4,Very High,Standard
CUST204847,25,One Year,Basic,Digital Wallet,0,21.09,505.27,2.0,1,2,0,Yes,34,717.06,3,At Risk,26.9,Medium,Standard
CUST204848,20,One Year,Standard,Bank Transfer,1,58.65,1091.14,59.1,1,5,0,No,34,1994.1,0,Loyal Steady,8.5,Low,Standard
CUST204849,62,One Year,Basic,Digital Wallet,1,15.0,899.85,22.7,1,3,0,No,34,510.0,2,Low Engagement,6.3,Low,Standard
CUST204850,26,Two Year,Premium,Bank Transfer,1,103.29,2491.5,114.2,0,3,1,No,52,5371.08,1,Champions,12.5,Low,Standard
CUST204851,26,Two Year,Standard,Digital Wallet,0,49.8,1229.92,65.8,0,5,1,No,52,2589.6,0,Loyal Steady,5.4,Low,Standard
CUST204852,21,Month-to-Month,Standard,Mailed Check,1,58.35,1187.64,62.4,2,5,0,No,18,1050.3,0,Loyal Steady,34.7,Medium,Standard
CUST204853,10,Month-to-Month,Standard,Credit Card,0,55.03,514.22,41.6,0,3,0,No,18,990.54,3,At Risk,50.2,High,Standard
CUST204854,32,Month-to-Month,Standard,Credit Card,1,57.58,1784.16,44.3,1,4,0,No,18,1036.44,0,Loyal Steady,25.8,Medium,Standard
CUST204855,43,Month-to-Month,Standard,Mailed Check,1,50.17,2097.74,54.2,0,4,0,No,18,903.06,2,Low Engagement,22.1,Low,Standard
CUST204856,50,One Year,Premium,Digital Wallet,0,105.7,4918.2,115.5,1,2,1,No,34,3593.8,1,Champions,23.3,Low,Standard
CUST204857,16,Two Year,Premium,Credit Card,1,98.52,1452.85,86.1,0,3,1,No,52,5123.04,1,Champions,15.3,Low,Standard
CUST204858,72,Month-to-Month,Basic,Digital Wallet,0,27.31,1901.79,23.7,1,2,1,No,18,491.58,2,Low Engagement,22.8,Low,Standard
CUST204859,66,Month-to-Month,Basic,Digital Wallet,0,21.82,1425.75,21.6,1,4,1,No,18,392.76,2,Low Engagement,11.2,Low,Standard
CUST204860,64,Month-to-Month,Premium,Credit Card,1,98.42,6132.56,104.8,1,3,1,Yes,18,1771.56,1,Champions,22.3,Low,Standard
CUST204861,16,Two Year,Standard,Digital Wallet,1,58.1,869.85,88.5,2,2,1,Yes,52,3021.2,3,At Risk,31.1,Medium,Standard
CUST204862,35,Two Year,Premium,Credit Card,0,84.73,2840.01,144.8,1,3,3,No,52,4405.96,1,Champions,13.6,Low,Standard
CUST204863,44,Month-to-Month,Standard,Mailed Check,1,52.58,2163.54,47.0,2,4,1,No,18,946.44,2,Low Engagement,29.2,Medium,Standard
CUST204864,51,Month-to-Month,Premium,Credit Card,1,94.12,4746.94,87.8,0,3,3,No,18,1694.16,1,Champions,17.5,Low,Standard
CUST204865,33,Two Year,Basic,Credit Card,1,26.51,845.67,7.5,2,2,2,No,52,1378.52,3,At Risk,13.9,Low,Standard
CUST204866,53,Month-to-Month,Standard,Bank Transfer,0,55.63,2725.04,47.8,2,5,0,No,18,1001.34,2,Low Engagement,18.1,Low,Standard
CUST204867,8,Month-to-Month,Basic,Digital Wallet,0,30.69,233.18,45.6,1,3,0,No,18,552.42,3,At Risk,52.2,High,Standard
CUST204868,26,Two Year,Standard,Bank Transfer,1,70.23,1797.07,67.6,2,2,2,Yes,52,3651.96,3,At Risk,21.1,Low,Standard
CUST204869,57,Two Year,Standard,Digital Wallet,1,65.81,3478.96,39.2,2,2,1,No,52,3422.12,2,Low Engagement,12.8,Low,Standard
CUST204870,20,Month-to-Month,Basic,Credit Card,1,25.08,465.41,10.6,5,2,1,Yes,18,451.44,3,At Risk,71.7,Very High,Standard
CUST204871,42,Month-to-Month,Basic,Credit Card,1,31.18,1264.86,32.3,0,4,0,No,18,561.24,2,Low Engagement,12.8,Low,Standard
CUST204872,42,Two Year,Basic,Digital Wallet,0,28.84,1130.75,15.1,1,3,1,No,52,1499.68,2,Low Engagement,8.7,Low,Standard
CUST204873,57,Two Year,Standard,Mailed Check,0,56.63,3132.23,41.7,1,5,0,No,52,2944.76,2,Low Engagement,5.0,Low,Standard
CUST204874,33,Month-to-Month,Standard,Digital Wallet,0,56.32,1782.65,52.3,4,4,0,No,18,1013.76,0,Loyal Steady,53.3,High,Standard
CUST204875,5,Month-to-Month,Basic,Credit Card,0,16.07,75.51,12.3,2,4,0,No,18,289.26,0,Loyal Steady,47.7,High,Standard
CUST204876,36,One Year,Premium,Bank Transfer,0,99.58,3515.2,89.2,1,4,0,No,34,3385.72,1,Champions,14.9,Low,Standard
CUST204877,6,Month-to-Month,Standard,Credit Card,1,64.66,382.9,48.8,2,4,0,No,18,1163.88,0,Loyal Steady,47.2,High,Standard
CUST204878,32,Month-to-Month,Basic,Mailed Check,0,30.01,890.32,21.1,0,4,4,No,18,540.18,0,Loyal Steady,15.2,Low,Standard
CUST204879,36,Month-to-Month,Standard,Credit Card,1,52.01,1737.07,54.3,0,4,0,No,18,936.18,0,Loyal Steady,19.4,Low,Standard
CUST204880,43,Month-to-Month,Standard,Credit Card,0,59.64,2521.77,52.6,1,2,1,Yes,18,1073.52,3,At Risk,45.0,High,Standard
CUST204881,9,Month-to-Month,Basic,Digital Wallet,1,16.8,141.58,16.4,1,5,0,No,18,302.4,0,Loyal Steady,22.5,Low,Standard
CUST204882,7,Month-to-Month,Standard,Credit Card,1,51.09,356.25,39.9,1,5,1,Yes,18,919.62,0,Loyal Steady,25.3,Medium,Standard
CUST204883,60,One Year,Standard,Digital Wallet,0,53.72,3140.92,59.2,3,1,1,No,34,1826.48,2,Low Engagement,35.1,Medium,Standard
CUST204884,10,Two Year,Basic,Credit Card,1,26.14,256.17,14.2,1,3,0,No,52,1359.28,3,At Risk,15.6,Low,Standard
CUST204885,34,Month-to-Month,Standard,Credit Card,0,44.61,1435.74,71.0,4,3,1,Yes,18,802.98,3,At Risk,61.1,High,Standard
CUST204886,53,Month-to-Month,Standard,Credit Card,1,65.6,3221.62,81.4,0,2,0,No,18,1180.8,2,Low Engagement,30.0,Medium,Standard
CUST204887,47,Month-to-Month,Premium,Credit Card,1,83.28,3763.75,93.2,0,5,1,No,18,1499.04,1,Champions,11.0,Low,Standard
CUST204888,11,One Year,Premium,Bank Transfer,1,92.13,942.72,98.1,1,4,2,No,34,3132.42,1,Champions,15.5,Low,Standard
CUST204889,11,One Year,Premium,Bank Transfer,1,103.32,1126.4,100.3,3,3,1,Yes,34,3512.88,1,Champions,38.5,Medium,Standard
CUST204890,14,Month-to-Month,Standard,Credit Card,1,56.68,790.51,63.3,1,5,1,No,18,1020.24,0,Loyal Steady,22.4,Low,Standard
CUST204891,38,Two Year,Standard,Credit Card,1,59.07,2099.39,70.6,2,4,1,No,52,3071.64,0,Loyal Steady,8.1,Low,Standard
CUST204892,40,Month-to-Month,Standard,Bank Transfer,1,58.79,2313.7,45.4,0,2,0,No,18,1058.22,3,At Risk,36.6,Medium,Standard
CUST204893,16,Month-to-Month,Basic,Digital Wallet,0,38.14,564.19,42.8,2,2,0,Yes,18,686.52,3,At Risk,66.0,Very High,Standard
CUST204894,18,Month-to-Month,Basic,Bank Transfer,1,20.25,347.82,9.2,3,2,2,Yes,18,364.5,3,At Risk,55.8,High,Standard
CUST204895,65,Two Year,Premium,Digital Wallet,0,94.07,5823.73,77.9,3,2,4,No,52,4891.64,1,Champions,14.8,Low,Standard
CUST204896,37,Two Year,Basic,Bank Transfer,0,24.05,846.84,2.0,1,3,1,No,52,1250.6,3,At Risk,9.4,Low,Standard
CUST204897,14,One Year,Basic,Digital Wallet,1,15.14,208.72,32.5,2,2,0,Yes,34,514.76,3,At Risk,34.0,Medium,Standard
CUST204898,12,One Year,Basic,Bank Transfer,0,32.32,374.56,33.6,0,4,0,No,34,1098.88,0,Loyal Steady,11.9,Low,Standard
CUST204899,46,One Year,Premium,Bank Transfer,0,103.2,4443.57,104.9,1,2,0,Yes,34,3508.8,1,Champions,27.4,Medium,Standard
CUST204900,61,Two Year,Standard,Digital Wallet,0,59.71,3583.83,84.5,3,4,3,No,52,3104.92,2,Low Engagement,6.2,Low,Standard
CUST204901,67,One Year,Premium,Credit Card,1,84.7,5289.8,123.8,3,5,3,No,34,2879.8,1,Champions,4.1,Low,Standard
CUST204902,61,Month-to-Month,Premium,Digital Wallet,1,97.51,5870.66,95.2,0,4,0,No,18,1755.18,1,Champions,14.6,Low,Standard
CUST204903,24,Month-to-Month,Standard,Bank Transfer,1,61.9,1480.53,47.0,2,2,1,No,18,1114.2,3,At Risk,56.6,High,Standard
CUST204904,15,One Year,Standard,Bank Transfer,1,50.41,727.22,65.9,3,2,2,No,34,1713.94,3,At Risk,38.7,Medium,Standard
CUST204905,66,Month-to-Month,Basic,Bank Transfer,1,27.79,1721.39,42.5,0,3,1,No,18,500.22,2,Low Engagement,10.2,Low,Standard
CUST204906,28,Month-to-Month,Premium,Bank Transfer,0,98.3,2599.27,87.7,1,3,2,Yes,18,1769.4,1,Champions,44.1,High,Standard
CUST204907,17,Month-to-Month,Standard,Digital Wallet,0,57.39,898.28,64.4,4,3,1,No,18,1033.02,3,At Risk,70.9,Very High,Standard
CUST204908,16,Month-to-Month,Basic,Credit Card,1,30.87,489.79,5.8,2,2,0,No,18,555.66,3,At Risk,57.6,High,Standard
CUST204909,36,Two Year,Standard,Bank Transfer,0,52.93,1876.58,66.5,0,4,1,No,52,2752.36,0,Loyal Steady,6.5,Low,Standard
CUST204910,11,Month-to-Month,Basic,Bank Transfer,1,22.84,231.48,2.0,0,4,4,No,18,411.12,0,Loyal Steady,13.9,Low,Standard
CUST204911,13,One Year,Standard,Bank Transfer,1,54.67,686.97,41.9,1,5,0,No,34,1858.78,0,Loyal Steady,9.9,Low,Standard
CUST204912,71,Month-to-Month,Standard,Credit Card,1,45.57,3081.6,52.1,1,4,0,No,18,820.26,2,Low Engagement,11.8,Low,Standard
CUST204913,54,Month-to-Month,Standard,Credit Card,0,56.05,2986.59,63.1,0,5,2,No,18,1008.9,2,Low Engagement,8.1,Low,Standard
CUST204914,30,Month-to-Month,Basic,Digital Wallet,1,26.08,734.4,2.0,1,3,2,Yes,18,469.44,3,At Risk,24.3,Low,Standard
CUST204915,28,One Year,Basic,Credit Card,1,20.85,557.63,30.0,1,3,1,No,34,708.9,3,At Risk,11.5,Low,Standard
CUST204916,18,Month-to-Month,Standard,Credit Card,1,53.8,902.92,52.6,2,4,0,Yes,18,968.4,0,Loyal Steady,40.4,Medium,Standard
CUST204917,7,Month-to-Month,Standard,Bank Transfer,0,53.38,357.93,76.3,2,3,2,Yes,18,960.84,3,At Risk,59.1,High,Standard
CUST204918,7,One Year,Standard,Digital Wallet,0,55.3,380.25,88.7,2,3,0,Yes,34,1880.2,3,At Risk,40.9,Medium,Standard
CUST204919,72,One Year,Basic,Credit Card,1,26.41,1871.05,28.1,2,2,1,No,34,897.94,2,Low Engagement,8.5,Low,Standard
CUST204920,40,Month-to-Month,Basic,Bank Transfer,0,21.13,829.86,24.2,2,3,1,No,18,380.34,2,Low Engagement,34.3,Medium,Standard
CUST204921,17,Month-to-Month,Standard,Credit Card,1,64.6,1031.55,40.9,1,3,0,Yes,18,1162.8,3,At Risk,45.3,High,Standard
CUST204922,3,Month-to-Month,Basic,Credit Card,1,26.97,79.42,3.9,1,3,0,No,18,485.46,3,At Risk,46.2,High,Standard
CUST204923,5,Month-to-Month,Standard,Mailed Check,0,56.95,270.62,51.1,1,4,1,No,18,1025.1,0,Loyal Steady,52.5,High,Standard
CUST204924,20,Month-to-Month,Standard,Digital Wallet,0,51.93,978.25,35.2,0,5,3,No,18,934.74,0,Loyal Steady,15.2,Low,Standard
CUST204925,36,Two Year,Premium,Digital Wallet,1,95.23,3196.11,89.8,1,1,1,No,52,4951.96,1,Champions,29.5,Medium,Standard
CUST204926,72,Month-to-Month,Premium,Bank Transfer,1,96.51,6847.23,83.0,3,3,0,No,18,1737.18,1,Champions,32.5,Medium,Standard
CUST204927,60,Month-to-Month,Basic,Credit Card,1,29.83,1702.63,41.2,2,4,4,No,18,536.94,2,Low Engagement,8.0,Low,Standard
CUST204928,13,One Year,Basic,Bank Transfer,1,19.84,243.63,24.9,0,3,1,No,34,674.56,3,At Risk,12.3,Low,Standard
CUST204929,11,Two Year,Premium,Bank Transfer,1,103.85,1052.09,88.0,2,3,0,No,52,5400.2,1,Champions,29.9,Medium,Standard
CUST204930,35,Two Year,Standard,Credit Card,0,49.8,1613.0,55.1,4,4,2,No,52,2589.6,0,Loyal Steady,16.2,Low,Standard
CUST204931,22,Month-to-Month,Premium,Bank Transfer,0,105.67,2293.98,100.6,1,3,0,Yes,18,1902.06,1,Champions,56.2,High,Standard
CUST204932,38,Two Year,Standard,Credit Card,0,49.93,1862.43,46.3,1,2,3,No,52,2596.36,3,At Risk,14.6,Low,Standard
CUST204933,4,Month-to-Month,Basic,Bank Transfer,1,21.63,83.68,21.2,1,3,2,Yes,18,389.34,3,At Risk,38.1,Medium,Standard
CUST204934,47,Month-to-Month,Basic,Mailed Check,1,21.45,1003.84,19.1,2,2,3,No,18,386.1,2,Low Engagement,35.2,Medium,Standard
CUST204935,19,One Year,Premium,Digital Wallet,1,98.46,1750.24,110.4,2,3,1,No,34,3347.64,1,Champions,29.1,Medium,Standard
CUST204936,43,One Year,Premium,Digital Wallet,0,96.68,3990.18,92.9,1,3,1,No,34,3287.12,1,Champions,17.9,Low,Standard
CUST204937,26,Month-to-Month,Standard,Bank Transfer,1,63.57,1649.25,83.1,1,5,1,No,18,1144.26,0,Loyal Steady,17.5,Low,Standard
CUST204938,35,One Year,Standard,Bank Transfer,1,54.98,1819.75,85.0,2,4,1,No,34,1869.32,0,Loyal Steady,11.0,Low,Standard
CUST204939,38,Month-to-Month,Basic,Mailed Check,0,32.33,1161.07,20.6,3,4,0,No,18,581.94,0,Loyal Steady,41.8,Medium,Standard
CUST204940,45,Two Year,Standard,Mailed Check,1,51.79,2240.96,54.1,1,3,0,No,52,2693.08,2,Low Engagement,13.1,Low,Standard
CUST204941,72,Month-to-Month,Basic,Credit Card,1,25.51,1704.49,18.7,1,3,0,No,18,459.18,2,Low Engagement,13.1,Low,Standard
CUST204942,16,One Year,Standard,Bank Transfer,1,48.58,768.5,59.7,1,4,1,No,34,1651.72,0,Loyal Steady,12.9,Low,Standard
CUST204943,35,Two Year,Basic,Mailed Check,0,40.37,1303.02,38.0,4,3,1,No,52,2099.24,3,At Risk,27.0,Medium,Standard
CUST204944,11,Month-to-Month,Premium,Digital Wallet,0,95.34,1026.66,104.0,1,4,1,Yes,18,1716.12,1,Champions,48.3,High,Standard
CUST204945,24,Month-to-Month,Basic,Digital Wallet,0,21.88,499.09,25.3,4,4,0,No,18,393.84,0,Loyal Steady,51.2,High,Standard
CUST204946,13,One Year,Standard,Digital Wallet,1,53.65,693.9,72.9,0,3,0,No,34,1824.1,3,At Risk,19.7,Low,Standard
CUST204947,35,Two Year,Standard,Bank Transfer,0,55.38,1799.95,41.8,0,4,2,No,52,2879.76,0,Loyal Steady,5.5,Low,Standard
CUST204948,16,Month-to-Month,Premium,Digital Wallet,1,91.42,1443.2,106.6,1,1,0,Yes,18,1645.56,1,Champions,77.0,Very High,Standard
CUST204949,18,Two Year,Basic,Credit Card,0,21.29,372.47,48.1,2,2,0,No,52,1107.08,3,At Risk,31.9,Medium,Standard
CUST204950,12,Month-to-Month,Standard,Credit Card,1,55.29,635.21,54.1,2,3,0,No,18,995.22,3,At Risk,56.6,High,Standard
CUST204951,47,One Year,Basic,Credit Card,0,15.0,651.84,11.4,2,2,3,No,34,510.0,2,Low Engagement,14.4,Low,Standard
CUST204952,27,Two Year,Basic,Credit Card,0,16.47,418.87,2.0,3,4,0,No,52,856.44,0,Loyal Steady,14.8,Low,Standard
CUST204953,24,Two Year,Basic,Digital Wallet,0,30.08,664.62,19.3,0,3,0,No,52,1564.16,3,At Risk,11.8,Low,Standard
CUST204954,8,Month-to-Month,Standard,Digital Wallet,0,57.33,439.53,45.5,2,3,1,Yes,18,1031.94,3,At Risk,62.6,High,Standard
CUST204955,9,Two Year,Premium,Credit Card,1,95.74,841.31,104.1,2,3,1,No,52,4978.48,1,Champions,28.4,Medium,Standard
CUST204956,40,One Year,Basic,Digital Wallet,1,18.91,719.65,22.9,2,4,0,No,34,642.94,0,Loyal Steady,8.7,Low,Standard
CUST204957,18,Two Year,Standard,Credit Card,1,59.24,1022.91,66.4,0,4,0,No,52,3080.48,0,Loyal Steady,8.8,Low,Standard
CUST204958,32,One Year,Basic,Credit Card,1,30.52,973.94,26.3,1,5,2,No,34,1037.68,0,Loyal Steady,3.4,Low,Standard
CUST204959,21,Month-to-Month,Basic,Digital Wallet,1,28.57,593.14,36.8,0,3,1,Yes,18,514.26,3,At Risk,27.0,Medium,Standard
CUST204960,25,One Year,Premium,Digital Wallet,1,103.85,2425.36,91.7,1,2,0,No,34,3530.9,1,Champions,33.2,Medium,Standard
CUST204961,15,One Year,Premium,Credit Card,0,96.14,1404.69,80.4,0,5,2,No,34,3268.76,1,Champions,8.9,Low,Standard
CUST204962,50,Month-to-Month,Premium,Credit Card,1,97.96,4885.53,90.5,1,4,1,No,18,1763.28,1,Champions,19.6,Low,Standard
CUST204963,23,Month-to-Month,Standard,Digital Wallet,0,55.65,1205.68,59.2,0,3,3,No,18,1001.7,3,At Risk,31.8,Medium,Standard
CUST204964,15,One Year,Basic,Mailed Check,1,21.95,326.27,30.6,0,4,1,No,34,746.3,0,Loyal Steady,10.3,Low,Standard
CUST204965,24,One Year,Standard,Bank Transfer,1,55.5,1253.26,65.8,0,5,2,No,34,1887.0,0,Loyal Steady,4.4,Low,Standard
CUST204966,36,Month-to-Month,Premium,Credit Card,0,99.71,3394.51,78.7,1,3,2,Yes,18,1794.78,1,Champions,39.0,Medium,Standard
CUST204967,47,One Year,Premium,Bank Transfer,1,91.64,4204.81,123.7,0,3,1,No,34,3115.76,1,Champions,9.9,Low,Standard
CUST204968,27,Two Year,Standard,Credit Card,1,52.36,1399.49,55.7,2,3,0,No,52,2722.72,3,At Risk,18.5,Low,Standard
CUST204969,28,Two Year,Standard,Credit Card,1,59.64,1637.49,56.2,0,4,4,No,52,3101.28,0,Loyal Steady,3.6,Low,Standard
CUST204970,41,Month-to-Month,Premium,Digital Wallet,1,94.3,3664.73,90.7,1,4,4,Yes,18,1697.4,1,Champions,16.3,Low,Standard
CUST204971,38,Month-to-Month,Standard,Credit Card,1,58.93,2069.9,40.7,0,5,1,No,18,1060.74,0,Loyal Steady,10.2,Low,Standard
CUST204972,2,Month-to-Month,Standard,Digital Wallet,1,50.73,99.03,86.5,2,5,0,No,18,913.14,0,Loyal Steady,40.2,Medium,Standard
CUST204973,41,Month-to-Month,Standard,Credit Card,0,54.94,2141.38,52.5,0,3,2,No,18,988.92,2,Low Engagement,24.9,Medium,Standard
CUST204974,53,Month-to-Month,Standard,Mailed Check,0,53.1,2618.51,31.8,2,2,1,No,18,955.8,2,Low Engagement,54.0,High,Standard
CUST204975,5,Month-to-Month,Standard,Credit Card,1,54.33,252.75,49.2,1,2,1,No,18,977.94,3,At Risk,61.9,High,Standard
CUST204976,13,One Year,Premium,Credit Card,0,90.82,1095.51,103.5,0,3,2,No,34,3087.88,1,Champions,22.6,Low,Standard
CUST204977,22,Month-to-Month,Standard,Credit Card,1,63.25,1318.88,35.7,2,2,1,Yes,18,1138.5,3,At Risk,57.6,High,Standard
CUST204978,40,Month-to-Month,Basic,Bank Transfer,1,26.27,1018.89,22.6,1,4,0,Yes,18,472.86,0,Loyal Steady,17.1,Low,Standard
CUST204979,46,Month-to-Month,Basic,Bank Transfer,1,23.02,990.9,19.1,1,4,0,No,18,414.36,2,Low Engagement,15.1,Low,Standard
CUST204980,20,Month-to-Month,Standard,Credit Card,1,63.18,1228.66,32.8,1,3,3,No,18,1137.24,3,At Risk,31.6,Medium,Standard
CUST204981,35,One Year,Standard,Credit Card,1,50.24,1667.05,56.7,2,3,3,No,34,1708.16,3,At Risk,12.6,Low,Standard
CUST204982,56,One Year,Premium,Credit Card,1,91.97,4939.93,76.7,2,4,0,No,34,3126.98,1,Champions,9.7,Low,Standard
CUST204983,44,One Year,Premium,Credit Card,1,99.37,4352.96,78.6,1,4,0,No,34,3378.58,1,Champions,9.7,Low,Standard
CUST204984,10,One Year,Basic,Digital Wallet,1,27.12,256.09,48.0,2,4,1,No,34,922.08,0,Loyal Steady,14.9,Low,Standard
CUST204985,6,Two Year,Basic,Credit Card,0,26.91,150.0,19.7,0,5,0,No,52,1399.32,0,Loyal Steady,7.0,Low,Standard
CUST204986,31,Month-to-Month,Standard,Mailed Check,0,57.95,1668.29,78.4,0,4,0,No,18,1043.1,0,Loyal Steady,34.1,Medium,Standard
CUST204987,10,One Year,Standard,Digital Wallet,0,56.4,563.91,53.1,1,4,2,Yes,34,1917.6,0,Loyal Steady,16.6,Low,Standard
CUST204988,2,Month-to-Month,Standard,Digital Wallet,0,50.64,96.63,55.7,2,5,2,Yes,18,911.52,0,Loyal Steady,38.2,Medium,Standard
CUST204989,32,Month-to-Month,Premium,Mailed Check,1,103.84,3159.51,128.4,0,4,4,No,18,1869.12,1,Champions,20.2,Low,Standard
CUST204990,38,Month-to-Month,Basic,Digital Wallet,1,33.28,1200.28,61.7,3,4,1,Yes,18,599.04,0,Loyal Steady,26.2,Medium,Standard
CUST204991,45,One Year,Standard,Digital Wallet,1,61.02,2627.77,69.8,1,3,3,No,34,2074.68,2,Low Engagement,7.9,Low,Standard
CUST204992,41,Month-to-Month,Standard,Credit Card,0,50.7,1991.85,44.9,1,3,1,No,18,912.6,2,Low Engagement,34.4,Medium,Standard
CUST204993,23,One Year,Basic,Mailed Check,1,22.12,482.41,10.5,2,2,3,No,34,752.08,3,At Risk,24.2,Low,Standard
CUST204994,58,Month-to-Month,Standard,Credit Card,1,62.59,3381.93,46.1,0,4,3,No,18,1126.62,2,Low Engagement,7.4,Low,Standard
CUST204995,41,One Year,Basic,Bank Transfer,1,21.6,864.71,8.6,0,3,2,No,34,734.4,2,Low Engagement,5.4,Low,Standard
CUST204996,30,Month-to-Month,Basic,Digital Wallet,1,23.35,700.29,5.8,1,3,2,No,18,420.3,3,At Risk,24.5,Medium,Standard
CUST204997,72,Month-to-Month,Basic,Digital Wallet,0,24.55,1677.23,29.9,3,4,2,No,18,441.9,2,Low Engagement,14.2,Low,Standard
CUST204998,9,Two Year,Standard,Bank Transfer,0,53.01,469.59,31.0,1,3,0,No,52,2756.52,3,At Risk,25.7,Medium,Standard
CUST204999,33,Month-to-Month,Standard,Credit Card,1,55.99,1700.84,52.0,1,4,1,No,18,1007.82,0,Loyal Steady,22.5,Low,Standard
