Customer_ID,Tenure_Months,Contract_Type,Service_Tier,Payment_Method,Autopay_Enrolled,Monthly_Charges,Total_Charges,Avg_Monthly_Usage_GB,Num_Support_Tickets,Satisfaction_Score,Num_Addon_Services,Churn
CUST200000,37,Month-to-Month,Premium,Bank Transfer,1,91.34,3229.74,101.2,0,4,0,No
CUST200001,14,One Year,Basic,Credit Card,1,27.43,363.96,36.5,1,3,1,No
CUST200002,7,Month-to-Month,Premium,Credit Card,1,89.48,600.86,106.6,0,5,0,No
CUST200003,45,One Year,Standard,Bank Transfer,1,52.54,2231.21,48.7,4,2,3,No
CUST200004,50,Two Year,Premium,Credit Card,1,89.62,4176.4,87.1,4,4,1,No
CUST200005,5,Month-to-Month,Basic,Credit Card,0,29.83,145.91,27.1,1,2,0,Yes
CUST200006,37,Month-to-Month,Premium,Bank Transfer,1,95.64,3516.42,77.0,0,4,1,Yes
CUST200007,11,Month-to-Month,Standard,Bank Transfer,1,49.02,526.34,48.9,2,2,1,No
CUST200008,12,Month-to-Month,Premium,Mailed Check,1,85.48,989.94,89.1,1,3,0,Yes
CUST200009,17,Month-to-Month,Standard,Mailed Check,1,53.72,908.78,57.5,0,3,1,Yes
CUST200010,22,One Year,Premium,Credit Card,1,95.46,2062.9,101.6,2,4,1,No
CUST200011,72,One Year,Premium,Bank Transfer,1,106.57,7400.46,123.6,4,3,0,Yes
CUST200012,15,Month-to-Month,Basic,Credit Card,0,30.99,461.4,8.9,2,2,0,Yes
CUST200013,46,Month-to-Month,Standard,Credit Card,0,45.82,2024.98,39.9,0,3,0,Yes
CUST200014,25,Month-to-Month,Standard,Digital Wallet,1,61.99,1435.77,55.3,1,4,1,No
CUST200015,42,Two Year,Premium,Bank Transfer,1,98.8,3935.1,81.7,0,5,2,No
CUST200016,27,Month-to-Month,Premium,Credit Card,1,108.14,2843.6,88.8,5,2,1,Yes
CUST200017,39,Month-to-Month,Standard,Bank Transfer,1,62.57,2339.5,76.2,0,5,1,No
CUST200018,57,Two Year,Premium,Credit Card,1,103.25,5663.94,92.8,2,2,1,No
CUST200019,63,Month-to-Month,Premium,Digital Wallet,1,92.19,5504.78,68.3,0,3,0,Yes
CUST200020,60,One Year,Premium,Credit Card,1,89.72,5066.03,107.8,0,5,1,No
CUST200021,48,Two Year,Basic,Mailed Check,1,27.97,1267.1,30.9,0,4,2,No
CUST200022,15,Month-to-Month,Basic,Bank Transfer,0,28.72,415.02,53.1,1,5,2,No
CUST200023,37,Month-to-Month,Standard,Digital Wallet,1,61.46,2122.03,25.3,2,4,1,No
CUST200024,26,Two Year,Standard,Mailed Check,1,43.14,1089.27,53.9,1,2,3,No
CUST200025,55,Month-to-Month,Standard,Credit Card,1,52.15,2865.31,45.0,1,2,0,No
CUST200026,40,Month-to-Month,Standard,Digital Wallet,0,46.5,1727.31,55.2,0,4,2,No
CUST200027,60,One Year,Basic,Bank Transfer,1,30.95,1814.62,37.9,0,4,2,Yes
CUST200028,31,One Year,Standard,Bank Transfer,1,58.38,1673.62,35.7,2,3,0,Yes
CUST200029,15,Month-to-Month,Basic,Bank Transfer,1,30.8,460.73,11.5,2,3,2,No
CUST200030,8,Month-to-Month,Standard,Bank Transfer,1,55.3,416.24,60.5,1,3,1,No
CUST200031,7,Month-to-Month,Standard,Digital Wallet,0,42.8,275.92,40.8,0,3,0,Yes
CUST200032,14,Month-to-Month,Basic,Credit Card,1,25.88,344.59,24.1,0,3,3,Yes
CUST200033,4,Month-to-Month,Basic,Bank Transfer,0,27.51,106.47,13.4,0,3,2,No
CUST200034,16,Month-to-Month,Basic,Digital Wallet,1,22.07,327.46,33.7,2,4,0,No
CUST200035,13,Two Year,Basic,Bank Transfer,1,27.41,350.41,33.7,0,3,2,No
CUST200036,14,One Year,Basic,Credit Card,1,24.21,319.92,12.9,2,2,0,No
CUST200037,71,Month-to-Month,Standard,Mailed Check,1,58.52,4094.29,67.1,0,3,0,No
CUST200038,19,One Year,Premium,Credit Card,1,90.05,1703.79,97.4,1,4,0,No
CUST200039,23,Month-to-Month,Standard,Bank Transfer,1,46.49,1011.26,36.9,2,4,0,No
CUST200040,67,Month-to-Month,Standard,Bank Transfer,1,60.44,3732.7,64.6,2,2,4,No
CUST200041,72,Month-to-Month,Standard,Digital Wallet,1,71.68,4961.85,57.7,1,5,0,No
CUST200042,31,One Year,Premium,Mailed Check,1,86.94,2485.46,83.2,1,3,1,No
CUST200043,18,Month-to-Month,Premium,Mailed Check,1,89.47,1586.73,82.2,1,5,4,No
CUST200044,25,Month-to-Month,Basic,Credit Card,1,27.05,647.11,47.9,1,4,1,No
CUST200045,50,One Year,Standard,Digital Wallet,0,52.69,2480.27,55.7,0,3,0,No
CUST200046,22,Month-to-Month,Standard,Digital Wallet,1,61.44,1286.53,44.1,3,3,0,Yes
CUST200047,36,Two Year,Premium,Bank Transfer,1,94.55,3266.82,57.7,0,4,1,No
CUST200048,28,Month-to-Month,Standard,Digital Wallet,0,59.63,1642.87,51.3,3,3,0,Yes
CUST200049,9,One Year,Standard,Credit Card,0,49.77,432.4,62.4,3,2,3,No
CUST200050,21,Month-to-Month,Basic,Bank Transfer,1,21.48,437.9,42.9,1,3,0,No
CUST200051,30,Month-to-Month,Premium,Bank Transfer,1,96.29,2735.8,95.2,0,4,2,No
CUST200052,27,One Year,Basic,Digital Wallet,1,22.05,572.92,49.2,1,2,2,No
CUST200053,60,Month-to-Month,Standard,Credit Card,1,43.3,2400.32,51.8,3,3,1,Yes
CUST200054,26,Month-to-Month,Basic,Mailed Check,1,30.28,745.31,37.7,4,3,3,Yes
CUST200055,39,Month-to-Month,Basic,Digital Wallet,1,36.58,1361.95,37.5,6,3,0,Yes
CUST200056,8,Month-to-Month,Basic,Digital Wallet,1,20.65,159.7,21.4,1,3,4,Yes
CUST200057,70,One Year,Premium,Mailed Check,1,85.97,5732.61,111.9,1,4,2,Yes
CUST200058,15,Month-to-Month,Standard,Bank Transfer,1,65.5,954.21,82.6,3,4,4,No
CUST200059,11,One Year,Standard,Bank Transfer,1,55.22,580.17,54.8,3,4,1,Yes
CUST200060,30,Two Year,Basic,Credit Card,1,31.63,879.71,10.1,3,3,3,No
CUST200061,50,One Year,Premium,Credit Card,1,95.87,4778.14,79.1,2,2,1,No
CUST200062,33,Month-to-Month,Standard,Digital Wallet,0,63.01,1972.56,51.3,1,3,1,Yes
CUST200063,31,Month-to-Month,Premium,Bank Transfer,1,90.73,2613.57,81.9,1,3,0,Yes
CUST200064,42,One Year,Standard,Digital Wallet,1,67.32,2826.02,44.2,0,5,0,No
CUST200065,17,Month-to-Month,Standard,Bank Transfer,1,49.59,842.05,63.2,3,2,1,Yes
CUST200066,21,Two Year,Basic,Credit Card,0,30.22,620.35,22.4,0,5,2,No
CUST200067,18,Two Year,Standard,Credit Card,1,60.48,1087.88,60.5,1,3,1,No
CUST200068,34,Two Year,Standard,Mailed Check,1,47.88,1627.3,50.8,1,2,2,No
CUST200069,39,Month-to-Month,Premium,Digital Wallet,1,99.31,3871.72,86.9,2,3,1,Yes
CUST200070,72,Two Year,Standard,Credit Card,1,52.38,3534.36,63.4,1,4,2,No
CUST200071,54,Month-to-Month,Premium,Credit Card,0,98.12,5158.51,86.6,4,3,1,Yes
CUST200072,17,Month-to-Month,Premium,Credit Card,0,99.18,1649.45,75.7,1,4,0,Yes
CUST200073,42,Month-to-Month,Basic,Credit Card,1,15.0,616.37,17.2,0,3,1,Yes
CUST200074,72,One Year,Basic,Bank Transfer,1,30.32,2095.64,10.5,1,2,0,No
CUST200075,32,Month-to-Month,Standard,Bank Transfer,1,47.78,1508.64,36.5,3,3,1,Yes
CUST200076,16,Month-to-Month,Standard,Digital Wallet,1,60.1,896.32,46.7,0,1,2,No
CUST200077,6,Month-to-Month,Standard,Credit Card,1,62.69,365.51,64.4,4,3,1,Yes
CUST200078,53,Month-to-Month,Basic,Credit Card,0,20.29,1041.76,43.2,1,3,0,No
CUST200079,8,Month-to-Month,Standard,Digital Wallet,0,44.55,347.19,68.9,0,3,0,Yes
CUST200080,49,Month-to-Month,Basic,Digital Wallet,0,28.05,1343.28,36.8,0,5,0,No
CUST200081,10,Month-to-Month,Basic,Digital Wallet,1,31.19,298.04,15.0,1,4,2,Yes
CUST200082,23,Month-to-Month,Premium,Credit Card,1,91.12,2059.84,98.5,1,3,1,No
CUST200083,21,One Year,Premium,Bank Transfer,1,93.19,1840.38,104.1,1,3,0,Yes
CUST200084,47,One Year,Standard,Credit Card,1,56.67,2631.33,59.8,2,4,1,No
CUST200085,7,Month-to-Month,Premium,Bank Transfer,0,102.69,715.17,92.4,3,3,2,Yes
CUST200086,13,Month-to-Month,Premium,Bank Transfer,1,89.7,1139.32,74.6,1,3,1,Yes
CUST200087,46,One Year,Standard,Credit Card,1,52.6,2373.51,29.0,2,5,1,No
CUST200088,9,Two Year,Standard,Digital Wallet,1,52.56,447.93,36.6,4,1,2,Yes
CUST200089,43,One Year,Standard,Mailed Check,1,47.67,1942.15,58.1,3,4,0,No
CUST200090,20,One Year,Standard,Credit Card,0,51.49,1029.0,37.1,2,3,2,Yes
CUST200091,47,Two Year,Basic,Digital Wallet,1,25.89,1171.56,35.4,0,4,2,No
CUST200092,23,Month-to-Month,Premium,Credit Card,0,96.86,2076.01,90.4,3,3,1,No
CUST200093,8,Two Year,Standard,Digital Wallet,0,64.63,478.21,73.4,1,3,2,No
CUST200094,55,Month-to-Month,Basic,Digital Wallet,1,29.73,1560.44,31.3,2,5,0,No
CUST200095,41,Month-to-Month,Premium,Bank Transfer,1,91.11,3712.85,89.5,1,2,2,Yes
CUST200096,7,One Year,Standard,Digital Wallet,0,53.84,361.32,51.9,0,3,3,No
CUST200097,7,One Year,Basic,Mailed Check,1,22.95,153.58,31.0,2,4,1,No
CUST200098,9,Month-to-Month,Basic,Bank Transfer,1,15.0,127.51,2.0,1,2,0,Yes
CUST200099,8,One Year,Standard,Bank Transfer,1,59.68,458.72,49.1,2,3,0,No
CUST200100,8,Month-to-Month,Standard,Mailed Check,1,59.06,471.96,69.4,0,4,2,No
CUST200101,18,Month-to-Month,Basic,Credit Card,0,23.22,408.69,24.8,0,5,5,No
CUST200102,17,One Year,Basic,Digital Wallet,1,35.19,594.43,16.6,1,4,2,No
CUST200103,32,Month-to-Month,Standard,Digital Wallet,0,51.9,1654.88,63.0,2,2,0,Yes
CUST200104,3,One Year,Premium,Digital Wallet,0,89.7,260.61,75.1,1,4,3,No
CUST200105,4,One Year,Premium,Digital Wallet,0,89.28,342.51,112.9,2,4,0,No
CUST200106,54,Two Year,Basic,Credit Card,0,27.87,1392.51,12.3,4,2,1,No
CUST200107,36,One Year,Standard,Digital Wallet,0,62.73,2159.47,85.8,2,2,1,Yes
CUST200108,31,Month-to-Month,Standard,Bank Transfer,0,61.98,1800.98,52.2,0,3,2,Yes
CUST200109,9,Month-to-Month,Standard,Credit Card,1,46.28,405.88,52.4,1,5,2,No
CUST200110,33,Month-to-Month,Basic,Credit Card,0,28.43,905.35,40.0,1,4,0,No
CUST200111,38,Month-to-Month,Premium,Digital Wallet,1,82.5,2888.63,100.0,3,2,1,No
CUST200112,64,Month-to-Month,Basic,Credit Card,1,25.0,1542.58,19.8,3,1,3,No
CUST200113,55,One Year,Standard,Bank Transfer,0,43.09,2243.26,33.7,1,4,0,No
CUST200114,50,Two Year,Premium,Credit Card,0,96.58,4725.74,89.7,0,3,2,Yes
CUST200115,23,Two Year,Standard,Mailed Check,1,58.23,1238.3,71.0,1,4,0,No
CUST200116,72,Month-to-Month,Standard,Digital Wallet,1,64.92,4619.62,48.8,2,4,1,No
CUST200117,17,Month-to-Month,Standard,Bank Transfer,1,52.71,843.93,51.3,3,3,0,No
CUST200118,8,One Year,Standard,Bank Transfer,0,59.88,446.56,60.5,3,3,1,No
CUST200119,8,Month-to-Month,Standard,Bank Transfer,0,54.05,413.86,77.9,0,4,0,No
CUST200120,25,Month-to-Month,Premium,Credit Card,1,95.28,2316.17,74.8,2,5,1,No
CUST200121,19,One Year,Standard,Bank Transfer,1,46.22,875.63,42.9,3,3,0,No
CUST200122,50,Month-to-Month,Standard,Bank Transfer,1,44.32,2042.33,56.8,0,3,1,No
CUST200123,28,One Year,Standard,Bank Transfer,1,66.56,1767.63,54.8,3,4,1,No
CUST200124,42,Two Year,Premium,Mailed Check,1,89.22,3518.58,91.1,0,5,1,No
CUST200125,17,Month-to-Month,Basic,Bank Transfer,1,23.37,395.65,27.7,3,4,3,No
CUST200126,31,Month-to-Month,Standard,Bank Transfer,0,55.13,1625.89,48.2,1,3,2,Yes
CUST200127,5,One Year,Basic,Bank Transfer,0,22.45,104.69,35.6,3,1,1,Yes
CUST200128,36,Two Year,Standard,Digital Wallet,1,57.49,1968.7,37.9,2,4,0,No
CUST200129,31,Month-to-Month,Premium,Mailed Check,0,100.69,3040.72,92.7,4,3,0,No
CUST200130,62,Month-to-Month,Standard,Bank Transfer,1,58.82,3621.1,63.0,1,2,0,No
CUST200131,51,Two Year,Basic,Credit Card,1,32.69,1637.9,16.0,1,4,1,No
CUST200132,46,Two Year,Premium,Bank Transfer,0,115.68,5034.51,100.5,3,3,1,No
CUST200133,52,Month-to-Month,Basic,Digital Wallet,1,26.64,1314.83,5.4,1,5,1,No
CUST200134,9,Month-to-Month,Premium,Bank Transfer,1,100.68,883.33,110.8,0,3,0,No
CUST200135,69,One Year,Standard,Mailed Check,0,59.19,4073.99,62.4,0,3,1,No
CUST200136,5,Two Year,Basic,Digital Wallet,1,23.49,112.62,50.9,3,3,3,No
CUST200137,11,Month-to-Month,Basic,Credit Card,1,30.93,339.09,39.8,1,2,1,No
CUST200138,33,One Year,Basic,Bank Transfer,0,22.14,675.22,6.3,1,3,1,No
CUST200139,34,One Year,Premium,Digital Wallet,0,87.74,2955.27,87.9,2,4,2,No
CUST200140,40,Month-to-Month,Basic,Mailed Check,0,28.7,1077.8,32.5,1,3,0,No
CUST200141,22,Month-to-Month,Standard,Credit Card,1,64.17,1315.81,41.6,2,3,2,No
CUST200142,31,Month-to-Month,Standard,Credit Card,1,47.98,1401.91,70.3,1,3,1,Yes
CUST200143,30,Month-to-Month,Standard,Bank Transfer,0,60.16,1665.92,66.2,2,2,1,Yes
CUST200144,13,One Year,Basic,Bank Transfer,1,29.42,370.3,39.5,0,3,0,No
CUST200145,10,Month-to-Month,Basic,Credit Card,1,21.15,202.37,2.0,1,3,2,No
CUST200146,14,Month-to-Month,Premium,Mailed Check,1,90.23,1171.1,67.4,0,4,2,No
CUST200147,35,Month-to-Month,Basic,Credit Card,0,15.0,503.14,21.0,3,4,2,No
CUST200148,41,Month-to-Month,Premium,Digital Wallet,0,92.74,3709.99,46.2,1,3,0,Yes
CUST200149,28,Month-to-Month,Premium,Digital Wallet,1,100.06,2602.7,90.3,1,4,2,No
CUST200150,19,Month-to-Month,Basic,Credit Card,0,32.35,611.97,50.8,1,3,0,No
CUST200151,22,Month-to-Month,Basic,Credit Card,1,39.21,803.43,23.8,1,4,0,No
CUST200152,72,One Year,Standard,Bank Transfer,1,57.86,3949.32,58.2,2,4,0,No
CUST200153,36,Month-to-Month,Basic,Credit Card,1,22.57,765.01,2.0,2,3,1,No
CUST200154,43,Month-to-Month,Standard,Credit Card,1,62.1,2495.12,73.1,0,5,0,No
CUST200155,72,Month-to-Month,Basic,Digital Wallet,1,31.9,2187.03,10.2,0,3,0,No
CUST200156,18,One Year,Premium,Bank Transfer,1,81.11,1358.44,97.2,1,4,1,No
CUST200157,37,Two Year,Premium,Bank Transfer,1,96.95,3307.23,89.5,1,3,1,No
CUST200158,11,Two Year,Basic,Mailed Check,1,22.08,239.26,10.9,3,4,1,No
CUST200159,13,Month-to-Month,Basic,Bank Transfer,1,37.66,462.44,27.2,1,1,2,No
CUST200160,15,Month-to-Month,Standard,Credit Card,1,57.69,864.34,68.4,4,5,0,No
CUST200161,31,Two Year,Basic,Bank Transfer,1,30.75,953.11,7.9,0,2,0,No
CUST200162,13,Two Year,Standard,Bank Transfer,1,51.85,623.03,55.5,0,4,0,No
CUST200163,16,Month-to-Month,Premium,Digital Wallet,1,94.54,1426.73,78.8,2,4,0,No
CUST200164,10,One Year,Premium,Digital Wallet,0,83.32,819.02,85.7,1,4,0,No
CUST200165,72,Two Year,Basic,Credit Card,1,23.42,1613.01,58.3,3,3,5,No
CUST200166,15,One Year,Standard,Bank Transfer,1,67.41,954.81,57.1,1,2,1,No
CUST200167,21,Two Year,Premium,Mailed Check,1,98.32,1951.24,86.0,2,3,0,No
CUST200168,16,Month-to-Month,Standard,Credit Card,1,51.35,821.33,48.1,0,4,1,No
CUST200169,15,Month-to-Month,Standard,Credit Card,1,49.59,702.3,73.7,2,2,0,Yes
CUST200170,25,Month-to-Month,Standard,Bank Transfer,0,60.4,1416.01,65.4,2,4,1,Yes
CUST200171,64,Month-to-Month,Premium,Mailed Check,0,96.89,5884.83,116.7,0,4,1,Yes
CUST200172,15,Two Year,Basic,Credit Card,1,24.02,353.23,27.8,1,2,1,Yes
CUST200173,23,Month-to-Month,Basic,Bank Transfer,0,21.89,493.58,39.4,1,2,0,Yes
CUST200174,36,One Year,Basic,Credit Card,1,30.58,1066.64,44.2,2,2,1,Yes
CUST200175,60,Month-to-Month,Standard,Credit Card,1,44.44,2468.45,40.0,1,3,2,No
CUST200176,27,Month-to-Month,Standard,Credit Card,0,51.36,1332.63,49.1,0,4,0,No
CUST200177,28,Month-to-Month,Basic,Bank Transfer,1,22.24,621.93,23.5,2,4,1,No
CUST200178,13,Month-to-Month,Basic,Digital Wallet,1,21.61,271.67,2.0,2,3,0,No
CUST200179,49,Month-to-Month,Basic,Bank Transfer,1,31.13,1452.56,37.6,0,4,2,No
CUST200180,4,Month-to-Month,Premium,Digital Wallet,1,100.84,374.53,80.2,0,5,2,No
CUST200181,72,Month-to-Month,Basic,Mailed Check,1,21.04,1414.09,6.9,1,3,1,No
CUST200182,12,One Year,Basic,Credit Card,0,29.08,328.06,17.6,3,2,2,Yes
CUST200183,47,Month-to-Month,Premium,Digital Wallet,1,92.67,4124.52,95.1,0,3,1,No
CUST200184,72,Month-to-Month,Premium,Credit Card,1,90.18,6240.97,117.9,1,4,0,No
CUST200185,61,Month-to-Month,Basic,Bank Transfer,0,21.13,1234.51,26.1,0,3,1,No
CUST200186,15,Month-to-Month,Standard,Credit Card,1,51.58,726.79,80.1,1,4,0,Yes
CUST200187,17,Month-to-Month,Standard,Bank Transfer,1,57.09,967.19,68.5,4,3,1,No
CUST200188,31,Two Year,Basic,Digital Wallet,1,24.07,745.33,35.1,0,2,3,No
CUST200189,16,Two Year,Basic,Credit Card,1,18.4,273.15,29.7,3,3,1,No
CUST200190,45,Month-to-Month,Standard,Digital Wallet,0,43.89,1925.33,44.3,0,2,4,No
CUST200191,16,Month-to-Month,Basic,Digital Wallet,0,26.72,393.35,30.1,1,4,2,No
CUST200192,36,Month-to-Month,Premium,Bank Transfer,1,100.68,3337.95,108.5,2,3,0,Yes
CUST200193,53,Month-to-Month,Premium,Credit Card,0,90.16,4756.47,81.1,1,4,3,Yes
CUST200194,2,Month-to-Month,Premium,Credit Card,1,98.29,181.35,119.9,0,2,1,No
CUST200195,30,Month-to-Month,Basic,Mailed Check,0,32.36,935.31,2.0,0,5,1,Yes
CUST200196,10,Two Year,Premium,Credit Card,0,91.92,917.14,97.1,1,4,0,Yes
CUST200197,6,Month-to-Month,Standard,Digital Wallet,1,61.55,369.25,63.9,1,5,0,No
CUST200198,26,One Year,Basic,Bank Transfer,1,22.48,547.1,30.5,4,4,2,No
CUST200199,8,One Year,Standard,Digital Wallet,1,53.44,415.49,50.0,1,3,1,Yes
CUST200200,42,One Year,Standard,Credit Card,1,48.57,2001.8,30.9,1,4,1,No
CUST200201,11,Month-to-Month,Standard,Digital Wallet,1,50.75,551.38,53.9,0,2,2,Yes
CUST200202,8,One Year,Basic,Mailed Check,1,22.43,167.39,26.1,2,3,1,Yes
CUST200203,15,Two Year,Premium,Digital Wallet,1,107.66,1519.91,98.7,1,3,0,No
CUST200204,6,One Year,Premium,Credit Card,0,90.19,512.75,71.7,1,3,0,No
CUST200205,64,Month-to-Month,Premium,Credit Card,0,95.88,5646.2,103.1,2,2,1,No
CUST200206,15,One Year,Basic,Bank Transfer,1,24.35,364.42,10.6,1,3,0,No
CUST200207,17,One Year,Basic,Digital Wallet,0,22.66,355.29,26.6,1,2,2,Yes
CUST200208,39,One Year,Standard,Digital Wallet,0,51.57,1888.99,59.9,0,4,2,No
CUST200209,8,Month-to-Month,Premium,Credit Card,1,92.75,695.39,100.6,0,4,1,Yes
CUST200210,46,Two Year,Standard,Bank Transfer,1,49.17,2226.88,80.2,1,5,2,No
CUST200211,29,Two Year,Premium,Credit Card,1,86.83,2334.4,102.2,1,5,1,No
CUST200212,12,Month-to-Month,Standard,Digital Wallet,1,51.03,596.4,65.3,1,3,1,No
CUST200213,28,One Year,Standard,Digital Wallet,1,62.33,1698.24,41.8,1,3,1,No
CUST200214,24,Month-to-Month,Standard,Credit Card,1,54.78,1234.59,46.2,0,3,0,No
CUST200215,44,Two Year,Standard,Mailed Check,1,50.83,2177.07,49.0,3,2,3,No
CUST200216,3,One Year,Premium,Bank Transfer,1,102.6,285.88,76.6,1,3,2,No
CUST200217,15,One Year,Basic,Bank Transfer,1,25.11,360.51,33.2,1,4,1,No
CUST200218,23,One Year,Basic,Credit Card,1,24.76,562.15,28.2,1,3,1,No
CUST200219,72,Month-to-Month,Standard,Credit Card,1,51.01,3419.39,75.5,2,4,2,No
CUST200220,45,Month-to-Month,Basic,Digital Wallet,0,30.35,1330.59,31.7,1,3,0,Yes
CUST200221,27,Month-to-Month,Basic,Digital Wallet,1,22.08,584.09,4.6,1,3,0,Yes
CUST200222,17,One Year,Premium,Mailed Check,1,88.08,1409.36,98.0,0,4,0,Yes
CUST200223,72,Month-to-Month,Standard,Credit Card,1,41.12,2932.81,31.8,0,5,1,No
CUST200224,53,Two Year,Premium,Digital Wallet,1,87.59,4438.41,111.5,1,4,0,No
CUST200225,13,Month-to-Month,Premium,Bank Transfer,1,95.2,1206.98,108.8,2,4,1,Yes
CUST200226,20,Month-to-Month,Standard,Mailed Check,0,51.68,1030.47,53.5,1,3,1,No
CUST200227,27,Month-to-Month,Standard,Digital Wallet,0,49.13,1303.1,32.2,2,2,1,Yes
CUST200228,56,One Year,Standard,Bank Transfer,1,55.2,3037.39,83.7,0,4,0,No
CUST200229,19,One Year,Premium,Digital Wallet,1,93.38,1759.9,106.7,2,2,0,Yes
CUST200230,7,One Year,Basic,Mailed Check,1,17.64,120.85,5.2,1,3,1,No
CUST200231,13,Month-to-Month,Standard,Credit Card,1,52.99,641.79,38.8,0,3,1,No
CUST200232,21,One Year,Basic,Credit Card,0,24.31,476.21,2.0,0,3,1,No
CUST200233,46,Month-to-Month,Basic,Bank Transfer,0,18.49,827.82,37.5,0,3,0,Yes
CUST200234,14,Two Year,Standard,Credit Card,0,56.29,770.85,63.8,1,5,1,No
CUST200235,29,One Year,Standard,Bank Transfer,1,68.18,1912.07,51.8,0,4,0,Yes
CUST200236,45,Month-to-Month,Standard,Bank Transfer,1,52.81,2215.38,27.6,0,3,1,Yes
CUST200237,25,Month-to-Month,Basic,Digital Wallet,0,31.41,771.66,28.5,2,3,2,No
CUST200238,8,One Year,Standard,Credit Card,0,55.46,428.47,39.5,0,3,2,No
CUST200239,18,Month-to-Month,Standard,Digital Wallet,1,51.23,897.84,33.7,1,3,1,No
CUST200240,31,Two Year,Standard,Credit Card,0,57.36,1739.73,46.6,2,3,2,No
CUST200241,16,Month-to-Month,Standard,Credit Card,1,58.32,917.96,51.8,1,3,1,No
CUST200242,63,Two Year,Premium,Digital Wallet,0,101.93,5984.79,95.3,3,4,3,No
CUST200243,7,Two Year,Basic,Credit Card,0,32.51,217.94,21.9,1,5,4,No
CUST200244,13,Month-to-Month,Basic,Credit Card,1,32.97,397.83,51.8,1,5,3,No
CUST200245,32,One Year,Standard,Credit Card,0,52.4,1656.5,72.0,0,5,2,No
CUST200246,27,Month-to-Month,Basic,Credit Card,0,21.09,534.12,31.1,3,3,3,Yes
CUST200247,2,One Year,Premium,Digital Wallet,0,100.84,187.64,132.3,0,3,0,No
CUST200248,17,Month-to-Month,Basic,Credit Card,0,15.0,243.19,26.5,3,3,3,No
CUST200249,30,Month-to-Month,Basic,Digital Wallet,1,28.89,797.83,59.6,0,4,0,No
CUST200250,36,Two Year,Standard,Bank Transfer,0,58.58,2042.12,46.7,1,4,1,No
CUST200251,32,Month-to-Month,Basic,Digital Wallet,0,27.05,861.67,5.6,3,3,1,Yes
CUST200252,8,One Year,Standard,Mailed Check,0,44.31,334.2,51.6,1,5,1,No
CUST200253,20,Month-to-Month,Premium,Mailed Check,0,89.0,1668.15,78.7,1,2,1,Yes
CUST200254,50,Month-to-Month,Premium,Bank Transfer,1,83.33,3874.38,92.4,0,4,0,Yes
CUST200255,6,One Year,Basic,Digital Wallet,0,30.23,174.06,18.1,1,4,0,No
CUST200256,35,One Year,Basic,Credit Card,1,19.76,657.5,36.0,0,3,1,No
CUST200257,31,Two Year,Standard,Credit Card,0,52.58,1538.98,51.5,4,3,3,No
CUST200258,18,One Year,Standard,Bank Transfer,0,57.71,1010.41,65.9,1,3,3,No
CUST200259,54,Month-to-Month,Standard,Credit Card,0,60.5,3123.5,76.6,1,4,1,No
CUST200260,20,Two Year,Premium,Bank Transfer,1,89.37,1703.05,71.6,2,4,1,No
CUST200261,41,Month-to-Month,Basic,Bank Transfer,1,21.91,834.0,42.9,2,5,1,Yes
CUST200262,30,Month-to-Month,Standard,Bank Transfer,0,54.13,1618.54,55.7,0,2,4,No
CUST200263,15,One Year,Standard,Bank Transfer,0,59.18,854.49,45.3,3,5,2,Yes
CUST200264,46,Month-to-Month,Standard,Credit Card,1,58.16,2639.31,81.4,4,3,1,Yes
CUST200265,16,Month-to-Month,Standard,Digital Wallet,0,64.51,1015.49,62.4,2,2,0,Yes
CUST200266,53,Two Year,Basic,Credit Card,0,21.32,1128.99,7.7,1,3,1,No
CUST200267,70,Month-to-Month,Standard,Credit Card,0,48.31,3145.59,58.8,3,3,1,No
CUST200268,30,Two Year,Standard,Credit Card,1,47.96,1436.42,26.9,1,3,1,No
CUST200269,36,One Year,Basic,Bank Transfer,1,26.86,920.18,51.0,2,3,0,No
CUST200270,15,Month-to-Month,Basic,Credit Card,0,25.61,373.32,51.3,2,3,0,No
CUST200271,40,Month-to-Month,Standard,Digital Wallet,1,59.81,2284.84,33.7,0,3,0,No
CUST200272,32,Month-to-Month,Premium,Credit Card,1,89.21,2672.54,96.4,1,4,0,No
CUST200273,36,Two Year,Standard,Credit Card,1,44.33,1475.38,43.8,1,4,2,No
CUST200274,57,Month-to-Month,Basic,Digital Wallet,1,19.16,1023.4,62.2,4,3,0,No
CUST200275,14,Month-to-Month,Basic,Digital Wallet,1,20.91,286.88,56.6,2,3,4,No
CUST200276,30,Month-to-Month,Premium,Credit Card,0,100.51,2822.47,97.8,2,3,0,No
CUST200277,11,Two Year,Basic,Digital Wallet,1,22.51,229.33,51.1,2,4,1,No
CUST200278,25,Month-to-Month,Basic,Credit Card,1,27.88,696.96,2.2,0,3,1,No
CUST200279,15,One Year,Premium,Mailed Check,1,96.16,1385.52,77.7,2,3,3,No
CUST200280,48,Month-to-Month,Basic,Credit Card,1,23.81,1052.2,11.1,2,4,0,No
CUST200281,39,Two Year,Standard,Bank Transfer,0,54.22,2035.76,23.4,1,5,1,No
CUST200282,22,Month-to-Month,Basic,Bank Transfer,0,16.79,346.46,41.6,0,2,1,No
CUST200283,32,Month-to-Month,Basic,Credit Card,1,28.44,869.77,10.9,2,1,0,Yes
CUST200284,8,Two Year,Basic,Digital Wallet,1,33.45,256.24,12.6,2,3,1,No
CUST200285,35,Month-to-Month,Premium,Mailed Check,1,96.35,3212.42,114.7,1,5,2,Yes
CUST200286,72,One Year,Standard,Credit Card,0,48.16,3314.93,47.8,1,2,2,No
CUST200287,38,Month-to-Month,Basic,Credit Card,0,21.71,820.41,31.7,3,3,2,No
CUST200288,49,Month-to-Month,Standard,Credit Card,1,48.06,2233.35,64.4,2,3,1,No
CUST200289,4,Month-to-Month,Basic,Bank Transfer,1,26.26,101.33,46.4,1,3,1,No
CUST200290,14,Month-to-Month,Basic,Credit Card,1,20.07,279.21,8.7,1,2,1,No
CUST200291,2,Month-to-Month,Standard,Bank Transfer,1,56.13,106.61,46.9,1,5,0,No
CUST200292,22,Month-to-Month,Standard,Bank Transfer,1,61.39,1272.75,50.5,3,5,1,Yes
CUST200293,13,Month-to-Month,Premium,Credit Card,1,91.13,1111.1,90.5,0,3,1,Yes
CUST200294,72,Two Year,Premium,Credit Card,1,77.14,5543.27,82.9,2,2,0,No
CUST200295,44,Month-to-Month,Standard,Bank Transfer,1,61.32,2519.76,60.0,1,4,1,Yes
CUST200296,43,Month-to-Month,Basic,Bank Transfer,1,24.48,968.88,15.4,2,3,0,No
CUST200297,25,Month-to-Month,Standard,Bank Transfer,0,55.25,1316.13,71.2,1,4,1,No
CUST200298,27,Month-to-Month,Standard,Credit Card,1,71.55,1816.76,32.1,1,5,0,No
CUST200299,13,One Year,Premium,Bank Transfer,0,88.73,1071.45,107.0,0,5,2,No
CUST200300,2,Two Year,Basic,Digital Wallet,0,25.22,47.05,2.0,2,3,1,No
CUST200301,33,Month-to-Month,Standard,Mailed Check,1,48.75,1541.99,63.1,3,4,0,No
CUST200302,37,Month-to-Month,Standard,Bank Transfer,0,57.08,2029.63,71.5,2,4,1,No
CUST200303,50,Two Year,Basic,Mailed Check,1,34.08,1601.47,2.0,2,4,0,No
CUST200304,72,Month-to-Month,Basic,Bank Transfer,1,21.58,1431.09,17.6,1,5,1,No
CUST200305,15,Month-to-Month,Basic,Digital Wallet,0,26.93,392.68,2.9,2,2,2,Yes
CUST200306,16,Month-to-Month,Premium,Digital Wallet,0,91.73,1385.92,112.4,1,4,2,No
CUST200307,33,Two Year,Standard,Bank Transfer,1,49.94,1532.06,60.7,3,2,1,No
CUST200308,25,Two Year,Standard,Credit Card,1,61.83,1474.48,69.5,1,4,0,No
CUST200309,26,One Year,Standard,Credit Card,1,51.37,1307.13,61.2,1,4,2,No
CUST200310,28,Month-to-Month,Premium,Credit Card,0,89.64,2366.62,102.9,2,5,1,No
CUST200311,34,Two Year,Basic,Bank Transfer,1,28.22,914.01,29.4,0,3,3,No
CUST200312,5,Two Year,Standard,Digital Wallet,0,59.28,292.72,33.8,0,3,0,No
CUST200313,31,Two Year,Standard,Bank Transfer,1,58.63,1676.28,45.4,2,3,0,Yes
CUST200314,20,One Year,Standard,Bank Transfer,1,47.32,893.5,68.5,0,5,1,No
CUST200315,22,Month-to-Month,Basic,Digital Wallet,1,16.15,352.43,45.7,1,3,0,No
CUST200316,4,Month-to-Month,Premium,Digital Wallet,0,98.27,376.58,83.9,0,5,0,No
CUST200317,3,Month-to-Month,Basic,Digital Wallet,1,35.06,100.32,32.7,1,3,1,No
CUST200318,4,Month-to-Month,Premium,Digital Wallet,0,88.24,329.09,108.0,1,4,0,No
CUST200319,72,Two Year,Standard,Bank Transfer,1,56.07,3895.09,29.5,1,3,2,No
CUST200320,72,Month-to-Month,Standard,Credit Card,0,54.09,3760.04,38.5,0,4,1,No
CUST200321,53,One Year,Standard,Bank Transfer,1,56.51,2906.08,39.7,1,4,1,No
CUST200322,32,Month-to-Month,Standard,Credit Card,0,64.61,1990.12,80.1,2,4,0,Yes
CUST200323,62,One Year,Basic,Credit Card,0,22.42,1280.85,37.1,1,2,2,No
CUST200324,55,Month-to-Month,Basic,Credit Card,1,26.92,1365.92,14.0,6,2,0,Yes
CUST200325,23,Month-to-Month,Standard,Digital Wallet,1,56.51,1248.01,54.5,0,3,0,No
CUST200326,52,Month-to-Month,Standard,Mailed Check,1,52.33,2627.72,61.7,3,3,0,Yes
CUST200327,28,Month-to-Month,Basic,Digital Wallet,0,29.43,806.7,42.5,0,4,0,No
CUST200328,58,Two Year,Premium,Digital Wallet,1,99.6,5608.06,96.9,1,2,1,No
CUST200329,63,Month-to-Month,Basic,Credit Card,1,25.29,1513.09,61.9,2,5,2,Yes
CUST200330,60,Two Year,Basic,Bank Transfer,0,30.95,1852.0,20.9,1,2,1,No
CUST200331,13,Month-to-Month,Standard,Bank Transfer,1,50.42,615.87,67.8,1,4,2,No
CUST200332,15,Month-to-Month,Standard,Bank Transfer,1,53.83,781.61,51.3,2,3,2,No
CUST200333,16,One Year,Standard,Credit Card,0,50.43,747.65,43.0,1,5,0,Yes
CUST200334,53,Month-to-Month,Standard,Mailed Check,1,57.61,2816.18,54.2,0,4,0,No
CUST200335,11,Two Year,Standard,Credit Card,1,55.28,599.63,55.9,2,3,1,No
CUST200336,72,Month-to-Month,Standard,Digital Wallet,0,60.37,4294.28,62.2,3,3,3,No
CUST200337,11,One Year,Standard,Bank Transfer,1,61.48,654.69,56.2,1,3,1,No
CUST200338,33,Month-to-Month,Premium,Mailed Check,0,99.52,3107.22,123.4,0,3,2,No
CUST200339,30,Month-to-Month,Basic,Credit Card,1,28.44,796.48,20.4,2,3,1,No
CUST200340,28,Two Year,Basic,Digital Wallet,0,28.38,738.92,37.9,1,4,0,No
CUST200341,43,Month-to-Month,Basic,Digital Wallet,1,34.93,1481.79,16.9,0,3,2,No
CUST200342,6,One Year,Premium,Digital Wallet,1,85.1,483.51,80.6,1,3,0,No
CUST200343,4,One Year,Standard,Credit Card,1,59.4,221.29,53.6,0,4,0,No
CUST200344,44,Month-to-Month,Basic,Credit Card,1,25.39,1028.99,23.0,0,4,0,Yes
CUST200345,26,Two Year,Premium,Bank Transfer,0,87.35,2214.36,85.7,0,4,1,No
CUST200346,14,Two Year,Basic,Bank Transfer,0,22.31,296.78,37.9,0,2,0,No
CUST200347,30,Month-to-Month,Basic,Credit Card,0,19.29,558.43,5.3,2,4,1,Yes
CUST200348,8,Month-to-Month,Basic,Credit Card,1,26.34,197.47,51.2,0,5,2,No
CUST200349,60,Month-to-Month,Standard,Bank Transfer,0,57.9,3255.4,68.3,1,3,2,No
CUST200350,16,One Year,Standard,Mailed Check,1,56.16,835.18,55.9,0,3,0,No
CUST200351,8,Month-to-Month,Standard,Bank Transfer,1,48.45,360.64,44.2,4,2,1,Yes
CUST200352,42,Month-to-Month,Standard,Credit Card,1,50.76,2007.84,46.9,1,4,0,No
CUST200353,51,One Year,Premium,Credit Card,1,94.51,4622.32,87.9,0,3,0,No
CUST200354,65,One Year,Standard,Mailed Check,0,50.66,3187.91,56.4,1,4,0,No
CUST200355,66,Month-to-Month,Basic,Digital Wallet,1,18.98,1240.59,24.1,0,4,0,No
CUST200356,25,Two Year,Standard,Credit Card,1,44.92,1100.69,62.8,2,1,1,Yes
CUST200357,29,Month-to-Month,Basic,Digital Wallet,1,23.6,656.94,15.0,2,2,0,No
CUST200358,70,One Year,Premium,Digital Wallet,1,99.93,6714.5,97.5,2,4,1,No
CUST200359,19,Month-to-Month,Premium,Credit Card,1,92.66,1701.07,80.3,2,4,0,Yes
CUST200360,26,Month-to-Month,Standard,Bank Transfer,1,55.99,1373.03,46.5,0,4,2,No
CUST200361,45,One Year,Standard,Bank Transfer,0,46.82,1944.34,77.3,3,3,2,No
CUST200362,26,One Year,Premium,Bank Transfer,1,90.85,2211.05,87.3,0,4,1,No
CUST200363,19,One Year,Standard,Bank Transfer,1,64.3,1155.49,64.5,2,4,1,No
CUST200364,12,Two Year,Premium,Digital Wallet,1,86.75,999.72,112.5,2,3,1,No
CUST200365,37,Month-to-Month,Premium,Credit Card,0,108.84,3820.58,64.9,2,2,0,No
CUST200366,1,Month-to-Month,Standard,Credit Card,0,51.83,48.66,55.5,1,3,0,Yes
CUST200367,10,Month-to-Month,Standard,Digital Wallet,1,44.94,438.82,71.0,2,3,0,No
CUST200368,16,Month-to-Month,Standard,Credit Card,0,54.32,868.42,83.9,0,3,4,No
CUST200369,24,Month-to-Month,Basic,Credit Card,1,25.23,565.99,26.7,2,4,0,No
CUST200370,11,Month-to-Month,Premium,Digital Wallet,0,98.4,1080.99,100.8,0,3,2,Yes
CUST200371,58,Month-to-Month,Standard,Bank Transfer,0,60.68,3469.2,59.1,2,4,3,Yes
CUST200372,15,Month-to-Month,Basic,Digital Wallet,0,22.73,339.55,17.1,1,2,1,Yes
CUST200373,28,Month-to-Month,Basic,Mailed Check,1,28.09,755.61,37.9,4,2,0,No
CUST200374,21,Month-to-Month,Standard,Credit Card,1,58.42,1163.24,52.0,0,2,0,No
CUST200375,19,Month-to-Month,Premium,Digital Wallet,1,100.47,1789.7,66.2,1,3,0,Yes
CUST200376,9,Month-to-Month,Premium,Bank Transfer,1,105.23,912.36,109.9,1,4,2,No
CUST200377,72,Two Year,Premium,Bank Transfer,0,100.04,7202.42,94.4,2,3,0,No
CUST200378,14,Month-to-Month,Standard,Bank Transfer,1,55.64,778.32,72.5,2,2,2,Yes
CUST200379,22,One Year,Standard,Bank Transfer,1,56.67,1246.4,59.4,2,4,0,Yes
CUST200380,23,One Year,Premium,Digital Wallet,1,99.56,2240.2,111.8,3,3,0,No
CUST200381,2,Month-to-Month,Standard,Credit Card,1,47.25,87.09,50.0,0,4,0,Yes
CUST200382,68,Month-to-Month,Standard,Bank Transfer,1,60.03,4064.0,22.5,1,4,0,No
CUST200383,24,Two Year,Basic,Credit Card,1,24.33,581.38,34.6,5,2,0,Yes
CUST200384,33,Month-to-Month,Standard,Credit Card,0,51.48,1565.03,24.4,1,3,1,No
CUST200385,9,One Year,Premium,Credit Card,1,101.54,881.77,97.6,2,4,2,Yes
CUST200386,49,Two Year,Premium,Mailed Check,1,101.33,4900.5,101.4,2,4,2,No
CUST200387,9,Month-to-Month,Premium,Bank Transfer,1,88.0,768.97,84.9,0,5,1,No
CUST200388,45,Two Year,Basic,Bank Transfer,1,22.82,1023.73,45.3,0,4,2,No
CUST200389,14,One Year,Basic,Credit Card,0,21.28,281.38,14.8,3,4,1,Yes
CUST200390,39,Month-to-Month,Basic,Bank Transfer,1,15.0,551.96,16.3,2,2,1,Yes
CUST200391,26,One Year,Standard,Credit Card,1,59.66,1493.01,75.2,3,3,0,No
CUST200392,45,Month-to-Month,Premium,Bank Transfer,1,95.43,4023.57,101.6,0,3,0,No
CUST200393,24,One Year,Basic,Credit Card,1,15.0,354.87,39.1,3,2,1,No
CUST200394,58,Month-to-Month,Standard,Bank Transfer,1,59.33,3268.8,37.0,5,3,0,No
CUST200395,16,Two Year,Standard,Credit Card,1,63.84,957.36,27.7,1,3,2,No
CUST200396,19,Month-to-Month,Basic,Digital Wallet,1,21.7,396.52,29.3,5,4,2,Yes
CUST200397,37,Month-to-Month,Basic,Credit Card,1,22.89,790.38,34.5,0,4,4,Yes
CUST200398,15,Month-to-Month,Premium,Credit Card,1,95.69,1398.04,99.1,2,3,2,Yes
CUST200399,41,Two Year,Basic,Digital Wallet,1,33.93,1304.17,36.9,0,4,1,No
CUST200400,10,One Year,Standard,Digital Wallet,1,49.61,477.02,75.8,0,4,3,No
CUST200401,25,Month-to-Month,Premium,Bank Transfer,0,98.74,2422.41,96.8,0,3,1,No
CUST200402,21,Month-to-Month,Standard,Digital Wallet,1,61.68,1270.84,65.8,1,1,1,Yes
CUST200403,13,Month-to-Month,Premium,Bank Transfer,1,95.37,1201.36,76.1,2,2,0,Yes
CUST200404,51,Two Year,Premium,Credit Card,1,94.69,4588.35,109.7,2,3,3,No
CUST200405,22,Month-to-Month,Standard,Credit Card,1,50.92,1090.95,59.1,2,3,0,No
CUST200406,25,Two Year,Premium,Bank Transfer,0,91.33,2273.53,92.8,1,3,0,No
CUST200407,32,Two Year,Standard,Digital Wallet,1,53.79,1702.81,52.5,2,5,1,No
CUST200408,35,Month-to-Month,Standard,Credit Card,0,48.14,1677.5,77.3,1,2,2,No
CUST200409,5,Month-to-Month,Standard,Credit Card,1,57.11,277.44,35.5,2,4,0,Yes
CUST200410,34,One Year,Standard,Digital Wallet,1,69.33,2327.86,48.8,0,4,1,No
CUST200411,13,One Year,Premium,Bank Transfer,1,99.93,1290.78,100.0,1,3,1,No
CUST200412,18,Two Year,Premium,Credit Card,1,90.52,1549.96,76.3,3,3,1,No
CUST200413,29,Two Year,Standard,Credit Card,0,54.18,1562.5,50.8,0,3,1,No
CUST200414,7,Month-to-Month,Standard,Digital Wallet,1,52.59,359.99,25.3,0,4,1,No
CUST200415,53,Month-to-Month,Basic,Bank Transfer,0,15.61,777.48,32.6,3,4,0,No
CUST200416,11,Month-to-Month,Standard,Digital Wallet,0,68.0,690.24,61.9,1,3,1,No
CUST200417,39,One Year,Standard,Bank Transfer,1,40.42,1569.42,85.8,1,3,3,No
CUST200418,12,One Year,Premium,Credit Card,0,92.15,1104.85,75.2,2,3,1,No
CUST200419,26,Month-to-Month,Basic,Credit Card,1,23.47,610.09,23.7,2,3,0,No
CUST200420,42,One Year,Premium,Bank Transfer,0,89.51,3576.3,91.8,3,3,1,No
CUST200421,15,Two Year,Standard,Credit Card,1,61.41,877.65,78.2,2,4,2,No
CUST200422,13,Two Year,Basic,Mailed Check,1,20.14,247.9,17.6,1,3,2,No
CUST200423,29,Two Year,Standard,Digital Wallet,1,48.44,1312.99,66.6,0,3,2,No
CUST200424,41,Two Year,Premium,Digital Wallet,1,96.76,3668.25,61.6,2,4,1,No
CUST200425,27,Two Year,Premium,Mailed Check,1,94.86,2371.8,108.3,1,4,1,No
CUST200426,28,Month-to-Month,Basic,Bank Transfer,0,15.0,417.44,14.0,2,3,0,Yes
CUST200427,41,Two Year,Premium,Credit Card,1,91.35,3672.2,86.0,1,3,1,No
CUST200428,11,Month-to-Month,Standard,Digital Wallet,1,53.04,573.08,69.4,2,3,0,Yes
CUST200429,6,Month-to-Month,Basic,Digital Wallet,1,39.2,228.06,20.9,1,3,0,Yes
CUST200430,39,Month-to-Month,Standard,Credit Card,1,55.3,1986.33,51.7,1,4,1,Yes
CUST200431,45,Two Year,Standard,Credit Card,0,71.42,3010.95,49.8,3,3,1,Yes
CUST200432,44,One Year,Premium,Digital Wallet,0,90.09,3939.34,99.0,0,3,1,No
CUST200433,14,Month-to-Month,Basic,Credit Card,0,20.1,258.99,36.3,2,4,0,No
CUST200434,18,Month-to-Month,Basic,Credit Card,1,28.7,487.43,23.6,4,4,0,No
CUST200435,5,Two Year,Basic,Credit Card,0,34.26,167.66,14.6,1,3,1,Yes
CUST200436,37,Two Year,Standard,Digital Wallet,1,43.48,1607.86,40.9,1,3,5,No
CUST200437,12,Month-to-Month,Standard,Digital Wallet,1,56.32,671.73,54.8,2,3,1,Yes
CUST200438,38,Month-to-Month,Standard,Credit Card,1,47.39,1686.5,57.3,2,4,1,No
CUST200439,24,Month-to-Month,Standard,Credit Card,1,57.76,1375.16,72.2,1,3,2,Yes
CUST200440,6,Month-to-Month,Basic,Bank Transfer,1,19.35,112.82,30.8,0,2,0,Yes
CUST200441,37,One Year,Basic,Bank Transfer,1,27.4,952.83,2.0,2,3,0,No
CUST200442,14,Month-to-Month,Standard,Credit Card,0,54.98,710.7,65.7,3,4,0,Yes
CUST200443,7,One Year,Standard,Credit Card,0,49.34,340.92,8.1,1,3,1,No
CUST200444,3,Two Year,Basic,Digital Wallet,0,34.47,97.23,26.3,3,3,1,Yes
CUST200445,38,Two Year,Basic,Bank Transfer,0,30.05,1087.93,33.3,4,3,1,No
CUST200446,51,Month-to-Month,Standard,Credit Card,0,50.74,2561.87,53.9,2,3,0,Yes
CUST200447,8,Month-to-Month,Standard,Digital Wallet,0,47.89,376.29,49.1,2,3,0,Yes
CUST200448,9,Month-to-Month,Premium,Bank Transfer,0,91.57,813.07,100.8,2,4,0,Yes
CUST200449,17,One Year,Basic,Digital Wallet,1,19.05,313.82,42.3,1,3,1,No
CUST200450,28,Month-to-Month,Standard,Digital Wallet,0,52.0,1406.78,54.1,0,5,2,No
CUST200451,21,Month-to-Month,Basic,Credit Card,1,33.21,641.81,22.3,1,3,1,No
CUST200452,65,Month-to-Month,Premium,Bank Transfer,0,86.29,5177.29,84.9,2,2,0,No
CUST200453,20,Month-to-Month,Standard,Credit Card,0,58.08,1137.85,42.4,1,4,1,Yes
CUST200454,19,Two Year,Standard,Bank Transfer,0,61.47,1101.2,44.2,1,4,1,No
CUST200455,7,One Year,Standard,Credit Card,0,51.69,337.59,87.1,0,3,2,No
CUST200456,72,Month-to-Month,Basic,Digital Wallet,1,29.76,2095.01,18.7,1,4,1,No
CUST200457,24,One Year,Premium,Digital Wallet,0,101.46,2318.09,104.3,0,3,1,Yes
CUST200458,15,Month-to-Month,Standard,Bank Transfer,1,70.53,980.12,66.2,1,4,0,No
CUST200459,24,Month-to-Month,Premium,Bank Transfer,1,91.95,2073.01,101.0,3,3,1,Yes
CUST200460,65,Month-to-Month,Basic,Mailed Check,1,27.22,1757.7,18.2,1,3,0,No
CUST200461,59,Month-to-Month,Premium,Digital Wallet,1,92.13,5359.15,106.2,2,3,4,No
CUST200462,7,Two Year,Standard,Bank Transfer,0,47.95,331.12,63.1,1,4,5,No
CUST200463,7,One Year,Standard,Credit Card,1,60.29,398.33,51.2,2,4,1,No
CUST200464,43,Two Year,Standard,Digital Wallet,1,63.97,2691.42,72.8,3,4,1,No
CUST200465,64,Month-to-Month,Basic,Digital Wallet,0,19.0,1122.07,41.0,1,3,0,No
CUST200466,50,Month-to-Month,Standard,Digital Wallet,0,51.13,2381.65,48.2,1,3,0,Yes
CUST200467,72,Month-to-Month,Premium,Mailed Check,1,83.51,5640.36,114.8,0,4,1,Yes
CUST200468,40,Month-to-Month,Premium,Digital Wallet,1,95.66,3674.43,113.7,1,3,1,Yes
CUST200469,25,Month-to-Month,Premium,Digital Wallet,1,100.52,2445.77,116.0,1,5,0,No
CUST200470,5,Month-to-Month,Basic,Bank Transfer,0,21.46,99.53,13.0,1,4,1,No
CUST200471,21,Month-to-Month,Basic,Digital Wallet,1,26.69,548.63,2.0,2,3,0,No
CUST200472,7,One Year,Premium,Credit Card,0,92.33,620.48,110.9,2,4,0,No
CUST200473,71,One Year,Basic,Digital Wallet,1,19.42,1286.0,31.0,2,3,1,No
CUST200474,41,One Year,Standard,Credit Card,1,51.98,2104.91,36.5,4,2,2,Yes
CUST200475,18,Month-to-Month,Premium,Credit Card,1,103.14,1784.74,68.1,2,3,0,Yes
CUST200476,15,Month-to-Month,Standard,Bank Transfer,1,64.03,951.53,51.1,2,3,1,Yes
CUST200477,42,Month-to-Month,Premium,Bank Transfer,1,94.6,3817.98,68.2,0,5,1,No
CUST200478,56,Month-to-Month,Standard,Digital Wallet,1,51.43,2768.07,57.9,5,3,1,Yes
CUST200479,11,Month-to-Month,Standard,Credit Card,1,44.29,456.32,72.4,1,3,1,No
CUST200480,4,Two Year,Premium,Digital Wallet,1,100.49,370.2,95.3,1,4,4,No
CUST200481,16,Two Year,Standard,Bank Transfer,1,61.31,926.21,55.1,0,4,0,No
CUST200482,27,Month-to-Month,Standard,Digital Wallet,1,49.92,1291.59,43.3,1,4,0,No
CUST200483,40,Month-to-Month,Standard,Mailed Check,0,56.85,2196.22,38.8,0,4,0,No
CUST200484,20,Two Year,Standard,Credit Card,0,56.86,1099.63,57.8,1,3,0,No
CUST200485,72,One Year,Standard,Credit Card,1,57.33,4061.72,65.0,2,3,0,No
CUST200486,9,Month-to-Month,Basic,Digital Wallet,1,36.72,327.85,14.4,1,4,2,No
CUST200487,28,Month-to-Month,Premium,Credit Card,1,93.44,2508.5,89.8,0,2,1,Yes
CUST200488,26,Month-to-Month,Premium,Credit Card,0,102.0,2578.57,92.8,2,3,2,Yes
CUST200489,31,One Year,Standard,Bank Transfer,1,63.66,1857.69,47.2,1,4,0,No
CUST200490,37,One Year,Basic,Credit Card,1,31.52,1081.68,27.5,0,3,1,No
CUST200491,27,Month-to-Month,Premium,Credit Card,1,96.35,2567.96,76.6,2,2,1,No
CUST200492,4,Two Year,Standard,Credit Card,1,59.13,232.03,61.7,0,5,2,No
CUST200493,21,Month-to-Month,Standard,Digital Wallet,0,55.75,1148.22,61.8,0,5,1,No
CUST200494,31,One Year,Basic,Bank Transfer,0,34.85,1013.63,27.3,0,2,1,No
CUST200495,36,Two Year,Basic,Credit Card,0,36.23,1300.26,2.0,1,3,3,No
CUST200496,72,Month-to-Month,Standard,Digital Wallet,0,50.32,3561.26,55.5,1,4,1,No
CUST200497,64,Month-to-Month,Standard,Digital Wallet,1,58.49,3687.54,41.0,1,5,0,No
CUST200498,49,One Year,Premium,Credit Card,1,94.96,4452.71,96.8,2,4,1,No
CUST200499,23,Month-to-Month,Standard,Bank Transfer,1,51.7,1116.52,60.0,1,3,1,Yes
CUST200500,39,Two Year,Standard,Mailed Check,1,49.54,1881.94,34.1,1,3,1,No
CUST200501,6,Month-to-Month,Standard,Credit Card,0,72.26,426.93,75.9,2,2,1,No
CUST200502,64,Month-to-Month,Standard,Credit Card,1,59.18,3574.64,62.0,2,4,2,No
CUST200503,24,Two Year,Basic,Credit Card,1,22.82,508.0,41.5,2,3,3,No
CUST200504,45,Month-to-Month,Premium,Mailed Check,1,100.4,4182.67,104.6,1,2,2,Yes
CUST200505,34,Two Year,Standard,Credit Card,0,53.84,1772.71,63.6,1,3,0,No
CUST200506,11,Month-to-Month,Premium,Digital Wallet,0,102.25,1049.69,99.9,0,3,1,Yes
CUST200507,28,Month-to-Month,Standard,Bank Transfer,0,55.22,1530.06,41.3,2,4,0,Yes
CUST200508,13,Month-to-Month,Premium,Digital Wallet,1,85.96,1107.33,100.0,3,3,0,Yes
CUST200509,62,Month-to-Month,Basic,Bank Transfer,0,29.89,1770.96,33.5,0,4,0,No
CUST200510,9,Month-to-Month,Standard,Bank Transfer,0,59.38,496.29,49.7,2,3,1,No
CUST200511,37,Month-to-Month,Premium,Bank Transfer,1,84.44,2875.55,115.3,1,5,0,No
CUST200512,38,Month-to-Month,Basic,Bank Transfer,1,29.53,1072.06,40.9,2,4,0,No
CUST200513,38,Two Year,Standard,Bank Transfer,0,58.15,2085.12,55.6,1,4,2,No
CUST200514,27,Two Year,Basic,Credit Card,1,27.08,702.78,18.4,1,4,1,No
CUST200515,14,One Year,Basic,Credit Card,0,24.58,338.76,36.9,2,4,0,No
CUST200516,12,Two Year,Standard,Credit Card,0,66.85,784.32,87.7,2,2,0,Yes
CUST200517,16,Two Year,Standard,Digital Wallet,1,57.9,920.72,77.0,1,2,2,Yes
CUST200518,41,Month-to-Month,Premium,Digital Wallet,0,82.88,3340.38,76.6,1,2,1,No
CUST200519,43,Month-to-Month,Standard,Digital Wallet,1,55.65,2213.02,41.0,0,5,0,No
CUST200520,55,One Year,Standard,Bank Transfer,0,57.69,3057.41,47.2,3,2,3,No
CUST200521,15,Month-to-Month,Standard,Mailed Check,1,56.13,786.87,69.5,0,3,2,No
CUST200522,20,Month-to-Month,Basic,Bank Transfer,1,30.51,563.23,40.1,4,1,1,Yes
CUST200523,64,Two Year,Basic,Bank Transfer,1,23.94,1500.26,14.4,0,4,0,No
CUST200524,28,Two Year,Premium,Mailed Check,0,92.11,2404.38,98.2,2,1,0,No
CUST200525,21,Month-to-Month,Premium,Digital Wallet,1,86.73,1800.76,83.1,1,4,0,Yes
CUST200526,59,One Year,Premium,Credit Card,1,97.82,5343.65,79.6,2,3,0,No
CUST200527,72,One Year,Basic,Digital Wallet,0,32.09,2230.38,26.7,1,4,0,No
CUST200528,53,Two Year,Premium,Credit Card,1,94.88,4794.91,90.5,0,3,3,No
CUST200529,27,Month-to-Month,Premium,Digital Wallet,0,91.04,2375.56,93.4,1,5,1,Yes
CUST200530,43,One Year,Standard,Bank Transfer,1,52.12,2152.37,85.8,1,5,0,No
CUST200531,24,Month-to-Month,Premium,Mailed Check,1,95.74,2168.41,62.2,1,3,1,No
CUST200532,30,Month-to-Month,Premium,Digital Wallet,1,86.35,2539.32,99.5,1,3,1,No
CUST200533,72,Month-to-Month,Premium,Digital Wallet,0,95.01,6329.06,95.1,0,3,1,No
CUST200534,35,Month-to-Month,Basic,Credit Card,1,15.0,510.7,32.7,2,4,3,No
CUST200535,72,Month-to-Month,Standard,Mailed Check,0,50.03,3422.57,71.2,2,2,0,Yes
CUST200536,24,Month-to-Month,Premium,Credit Card,1,100.91,2363.43,114.2,2,2,0,Yes
CUST200537,18,One Year,Standard,Digital Wallet,1,59.45,1005.85,53.1,1,3,1,Yes
CUST200538,51,Month-to-Month,Premium,Digital Wallet,0,94.58,4579.06,107.5,0,3,0,No
CUST200539,38,Two Year,Standard,Credit Card,1,58.03,2075.63,45.5,2,4,1,No
CUST200540,28,One Year,Standard,Credit Card,1,57.5,1565.5,53.7,3,4,2,No
CUST200541,19,One Year,Standard,Credit Card,1,45.67,843.22,42.6,1,4,1,No
CUST200542,12,Two Year,Basic,Credit Card,0,21.53,245.54,33.4,0,3,1,No
CUST200543,45,Month-to-Month,Basic,Credit Card,0,35.75,1532.6,28.5,2,3,1,Yes
CUST200544,72,Month-to-Month,Basic,Credit Card,0,23.93,1640.33,11.6,2,4,2,No
CUST200545,17,Two Year,Premium,Mailed Check,1,96.84,1618.21,103.2,2,3,2,No
CUST200546,11,Two Year,Basic,Credit Card,1,21.58,235.06,35.7,1,3,1,No
CUST200547,23,Month-to-Month,Basic,Credit Card,0,22.74,514.15,31.6,1,3,1,No
CUST200548,14,One Year,Standard,Credit Card,0,55.41,750.23,41.6,1,3,0,No
CUST200549,11,Month-to-Month,Standard,Digital Wallet,1,52.75,575.69,77.1,1,2,3,No
CUST200550,33,Month-to-Month,Basic,Credit Card,0,22.9,703.75,46.8,1,3,0,Yes
CUST200551,10,Month-to-Month,Standard,Bank Transfer,1,68.13,665.43,78.9,1,4,1,Yes
CUST200552,25,Month-to-Month,Premium,Bank Transfer,0,90.27,2141.95,102.0,2,3,0,Yes
CUST200553,39,Month-to-Month,Standard,Credit Card,0,75.79,2797.57,57.1,0,3,2,No
CUST200554,72,Two Year,Premium,Credit Card,0,104.04,7443.01,72.9,0,3,0,No
CUST200555,19,Month-to-Month,Standard,Digital Wallet,0,38.41,698.33,58.9,4,3,0,Yes
CUST200556,41,Month-to-Month,Standard,Digital Wallet,1,53.29,2071.92,49.5,0,4,1,Yes
CUST200557,21,Month-to-Month,Premium,Mailed Check,0,107.24,2127.65,123.4,3,2,1,Yes
CUST200558,18,Month-to-Month,Standard,Credit Card,0,56.07,982.05,44.0,6,3,2,Yes
CUST200559,31,Month-to-Month,Premium,Credit Card,0,89.37,2763.77,118.8,1,3,1,Yes
CUST200560,22,Month-to-Month,Premium,Credit Card,0,96.16,2002.18,60.6,1,3,0,Yes
CUST200561,66,Month-to-Month,Standard,Digital Wallet,1,58.85,3852.29,63.0,4,3,3,No
CUST200562,33,Month-to-Month,Basic,Digital Wallet,0,22.43,690.84,8.9,4,2,3,No
CUST200563,21,Month-to-Month,Standard,Credit Card,1,45.2,923.66,54.6,4,2,1,Yes
CUST200564,47,Month-to-Month,Standard,Bank Transfer,0,59.28,2686.28,57.9,1,3,0,Yes
CUST200565,18,One Year,Premium,Credit Card,1,92.54,1592.67,80.9,2,3,2,No
CUST200566,32,Month-to-Month,Premium,Credit Card,0,103.26,3121.17,83.6,3,3,0,No
CUST200567,63,Month-to-Month,Standard,Digital Wallet,0,60.29,3544.04,49.7,0,4,1,No
CUST200568,58,Month-to-Month,Premium,Bank Transfer,1,96.08,5223.6,81.9,1,5,0,No
CUST200569,49,Month-to-Month,Standard,Digital Wallet,0,46.35,2260.83,65.4,2,5,3,No
CUST200570,23,Month-to-Month,Premium,Bank Transfer,1,96.74,2156.57,86.6,3,4,2,No
CUST200571,61,Month-to-Month,Premium,Digital Wallet,1,94.55,5581.41,93.0,0,3,5,No
CUST200572,16,One Year,Premium,Mailed Check,1,109.58,1672.22,80.2,1,5,1,No
CUST200573,20,Month-to-Month,Standard,Digital Wallet,0,50.63,998.66,53.3,0,2,2,No
CUST200574,8,Two Year,Premium,Bank Transfer,1,93.58,721.86,92.0,1,4,1,No
CUST200575,19,Month-to-Month,Standard,Mailed Check,1,49.97,878.99,68.8,1,3,1,No
CUST200576,72,Month-to-Month,Basic,Bank Transfer,1,23.99,1725.51,50.3,1,2,2,No
CUST200577,14,One Year,Basic,Bank Transfer,0,22.37,301.78,15.3,2,3,1,No
CUST200578,56,One Year,Standard,Credit Card,0,62.77,3366.14,58.2,2,3,0,No
CUST200579,31,Two Year,Standard,Mailed Check,0,65.6,2008.08,52.0,2,3,2,No
CUST200580,20,Month-to-Month,Standard,Digital Wallet,1,53.73,1069.01,51.9,2,4,0,No
CUST200581,21,One Year,Premium,Digital Wallet,0,95.29,1842.55,106.4,3,3,1,No
CUST200582,29,Two Year,Standard,Credit Card,1,57.8,1578.75,62.5,2,3,0,No
CUST200583,40,Month-to-Month,Standard,Credit Card,1,38.56,1443.03,54.0,1,3,0,Yes
CUST200584,21,Month-to-Month,Basic,Credit Card,1,28.95,568.04,3.5,4,3,0,No
CUST200585,66,One Year,Basic,Digital Wallet,1,18.38,1144.91,21.9,4,4,1,No
CUST200586,13,Month-to-Month,Standard,Digital Wallet,1,48.69,624.87,84.8,4,3,1,Yes
CUST200587,31,Two Year,Standard,Digital Wallet,0,56.91,1634.74,57.7,2,3,2,No
CUST200588,36,One Year,Standard,Digital Wallet,0,44.48,1574.06,60.9,2,4,2,No
CUST200589,39,Two Year,Basic,Digital Wallet,1,22.88,849.63,4.8,2,4,0,No
CUST200590,68,Month-to-Month,Premium,Mailed Check,0,94.14,6245.57,87.1,1,4,0,No
CUST200591,33,Month-to-Month,Premium,Bank Transfer,0,96.12,3107.07,61.6,1,4,1,No
CUST200592,29,Month-to-Month,Premium,Bank Transfer,1,103.76,2818.92,92.7,1,4,6,No
CUST200593,20,Month-to-Month,Premium,Credit Card,1,90.13,1708.35,96.5,0,3,1,No
CUST200594,20,One Year,Basic,Bank Transfer,1,26.36,518.31,36.5,2,4,0,No
CUST200595,16,Two Year,Standard,Bank Transfer,0,58.45,923.19,63.5,3,5,2,No
CUST200596,18,Month-to-Month,Basic,Credit Card,0,25.57,429.99,38.7,1,3,2,No
CUST200597,40,Month-to-Month,Standard,Credit Card,1,54.43,2035.1,77.4,2,4,1,No
CUST200598,50,Month-to-Month,Premium,Credit Card,1,88.56,4363.85,102.7,4,4,3,No
CUST200599,27,Month-to-Month,Standard,Bank Transfer,1,36.83,933.52,66.4,0,5,2,No
CUST200600,48,One Year,Basic,Digital Wallet,0,19.86,905.61,5.7,1,3,2,No
CUST200601,23,Month-to-Month,Standard,Credit Card,1,58.0,1238.08,50.0,1,4,2,Yes
CUST200602,72,Month-to-Month,Premium,Digital Wallet,0,88.32,6092.6,107.2,1,1,2,No
CUST200603,15,Month-to-Month,Premium,Digital Wallet,0,95.93,1362.07,91.1,0,4,0,No
CUST200604,31,Two Year,Premium,Digital Wallet,1,107.71,3110.27,76.8,2,4,3,No
CUST200605,5,Month-to-Month,Basic,Digital Wallet,0,30.05,147.84,38.2,1,4,1,No
CUST200606,6,Month-to-Month,Premium,Credit Card,0,95.11,547.39,77.2,2,4,1,No
CUST200607,48,Month-to-Month,Standard,Mailed Check,1,57.83,2612.31,54.1,1,3,1,Yes
CUST200608,18,Month-to-Month,Basic,Credit Card,1,21.78,391.76,47.8,1,5,2,No
CUST200609,10,Month-to-Month,Standard,Credit Card,1,62.02,571.46,47.9,3,3,0,Yes
CUST200610,57,One Year,Basic,Digital Wallet,1,24.74,1387.67,25.0,1,4,0,No
CUST200611,41,One Year,Basic,Digital Wallet,0,24.75,968.0,6.7,4,3,1,No
CUST200612,3,Month-to-Month,Standard,Bank Transfer,0,40.29,118.86,89.3,0,4,1,Yes
CUST200613,72,Month-to-Month,Basic,Bank Transfer,1,20.25,1395.96,19.7,2,3,2,No
CUST200614,30,One Year,Basic,Digital Wallet,1,19.11,531.26,2.0,0,3,1,No
CUST200615,62,Two Year,Basic,Bank Transfer,1,23.14,1357.89,4.0,2,4,0,No
CUST200616,50,Month-to-Month,Standard,Bank Transfer,0,44.24,2171.51,49.8,1,3,1,No
CUST200617,25,One Year,Premium,Mailed Check,1,101.51,2355.07,111.7,3,3,2,No
CUST200618,6,Month-to-Month,Standard,Digital Wallet,0,62.7,346.97,53.4,1,2,1,Yes
CUST200619,36,One Year,Premium,Bank Transfer,1,96.66,3340.08,79.4,1,3,2,No
CUST200620,13,One Year,Basic,Credit Card,1,32.54,408.86,3.3,1,3,1,Yes
CUST200621,11,Two Year,Premium,Bank Transfer,1,94.6,965.78,114.1,0,3,4,No
CUST200622,59,One Year,Premium,Bank Transfer,1,91.03,5068.92,80.3,1,1,1,No
CUST200623,23,Month-to-Month,Basic,Digital Wallet,1,15.41,352.96,14.7,1,4,0,No
CUST200624,23,One Year,Standard,Credit Card,1,58.54,1255.34,47.3,0,5,1,No
CUST200625,18,Month-to-Month,Standard,Bank Transfer,0,54.85,923.57,45.9,2,4,0,Yes
CUST200626,12,Two Year,Standard,Digital Wallet,1,59.04,683.59,54.1,0,2,2,No
CUST200627,17,Month-to-Month,Premium,Mailed Check,1,93.66,1478.34,91.9,1,4,2,Yes
CUST200628,24,Month-to-Month,Basic,Bank Transfer,0,18.67,440.11,17.6,1,5,1,No
CUST200629,32,One Year,Standard,Bank Transfer,0,48.87,1523.62,73.2,1,3,1,No
CUST200630,12,Month-to-Month,Basic,Bank Transfer,0,25.24,281.59,32.6,2,3,1,No
CUST200631,12,One Year,Standard,Bank Transfer,1,57.76,656.92,35.5,2,3,2,No
CUST200632,42,One Year,Standard,Digital Wallet,0,56.25,2295.11,56.6,1,4,0,No
CUST200633,17,One Year,Premium,Credit Card,1,92.83,1473.84,100.4,0,3,1,No
CUST200634,9,Two Year,Premium,Mailed Check,0,103.16,902.24,115.6,3,4,0,No
CUST200635,13,Month-to-Month,Premium,Digital Wallet,1,95.27,1237.38,59.6,4,3,0,Yes
CUST200636,51,Month-to-Month,Standard,Credit Card,0,51.2,2545.1,59.2,3,3,0,Yes
CUST200637,37,Month-to-Month,Basic,Credit Card,0,20.82,768.72,22.8,1,3,3,No
CUST200638,30,Month-to-Month,Standard,Credit Card,1,51.72,1513.89,35.1,0,4,0,No
CUST200639,68,Month-to-Month,Basic,Digital Wallet,1,25.98,1634.11,27.5,1,3,1,No
CUST200640,37,One Year,Basic,Credit Card,0,24.02,825.78,32.5,4,3,0,No
CUST200641,21,Month-to-Month,Premium,Credit Card,1,96.1,1915.26,96.4,4,2,0,Yes
CUST200642,11,Month-to-Month,Standard,Digital Wallet,0,51.39,535.36,63.2,0,4,2,Yes
CUST200643,51,Two Year,Basic,Mailed Check,1,28.29,1378.02,20.9,1,3,0,No
CUST200644,38,One Year,Basic,Credit Card,1,29.23,1025.92,18.4,3,1,2,Yes
CUST200645,12,Month-to-Month,Premium,Bank Transfer,1,100.22,1186.14,102.6,4,3,1,Yes
CUST200646,37,Month-to-Month,Premium,Digital Wallet,0,98.73,3511.11,97.6,0,3,2,Yes
CUST200647,51,Two Year,Premium,Digital Wallet,0,89.92,4566.51,63.0,5,3,1,No
CUST200648,23,One Year,Premium,Bank Transfer,1,94.92,2156.01,88.4,3,3,1,Yes
CUST200649,37,Month-to-Month,Standard,Bank Transfer,1,49.77,1729.86,67.1,1,3,0,No
CUST200650,9,Month-to-Month,Standard,Digital Wallet,1,59.48,499.53,52.5,1,4,0,No
CUST200651,28,Two Year,Basic,Mailed Check,1,26.24,701.99,25.2,3,3,2,No
CUST200652,10,Month-to-Month,Standard,Bank Transfer,1,54.68,503.87,40.0,1,2,2,No
CUST200653,31,Two Year,Standard,Digital Wallet,0,53.58,1598.65,58.8,1,3,2,No
CUST200654,16,One Year,Standard,Digital Wallet,0,47.66,722.39,72.2,1,5,1,No
CUST200655,8,Month-to-Month,Basic,Bank Transfer,0,25.72,202.68,32.4,0,4,0,Yes
CUST200656,10,One Year,Basic,Bank Transfer,1,41.86,415.77,6.0,1,4,1,No
CUST200657,57,Month-to-Month,Basic,Digital Wallet,0,26.66,1450.9,42.0,1,4,0,Yes
CUST200658,39,Month-to-Month,Basic,Digital Wallet,0,19.02,736.08,12.8,0,3,1,Yes
CUST200659,9,One Year,Standard,Digital Wallet,1,58.18,482.81,66.0,3,2,1,Yes
CUST200660,16,Month-to-Month,Premium,Bank Transfer,1,92.7,1383.95,110.0,0,4,0,No
CUST200661,15,Two Year,Premium,Credit Card,0,94.37,1380.37,103.3,0,5,1,No
CUST200662,50,One Year,Standard,Bank Transfer,1,53.55,2495.9,39.1,0,2,0,No
CUST200663,5,Month-to-Month,Premium,Bank Transfer,0,92.25,434.74,69.5,2,5,4,No
CUST200664,30,Month-to-Month,Standard,Credit Card,1,60.86,1708.69,50.0,1,2,2,No
CUST200665,21,Month-to-Month,Standard,Digital Wallet,1,47.33,983.89,35.4,1,3,1,No
CUST200666,60,One Year,Basic,Digital Wallet,1,22.12,1287.46,29.8,2,3,0,No
CUST200667,17,Month-to-Month,Standard,Bank Transfer,1,59.82,1015.37,108.7,2,3,0,Yes
CUST200668,72,Month-to-Month,Standard,Digital Wallet,1,62.2,4208.5,50.9,1,3,2,No
CUST200669,8,One Year,Basic,Credit Card,1,26.76,206.9,44.9,3,4,3,No
CUST200670,23,Two Year,Basic,Digital Wallet,1,34.55,789.61,36.7,3,4,3,No
CUST200671,22,Month-to-Month,Basic,Bank Transfer,0,37.17,766.12,2.0,0,3,2,Yes
CUST200672,10,Month-to-Month,Premium,Credit Card,0,80.83,748.52,98.6,1,2,1,No
CUST200673,8,Month-to-Month,Basic,Digital Wallet,1,15.44,121.38,2.0,1,4,1,No
CUST200674,40,Month-to-Month,Premium,Bank Transfer,1,93.45,3657.4,112.5,3,4,1,Yes
CUST200675,6,Month-to-Month,Standard,Bank Transfer,1,45.67,264.87,39.4,0,3,0,No
CUST200676,21,Month-to-Month,Standard,Credit Card,1,60.04,1237.3,48.9,1,4,0,Yes
CUST200677,29,One Year,Premium,Mailed Check,1,95.61,2697.13,93.2,0,2,2,No
CUST200678,12,Month-to-Month,Basic,Credit Card,1,20.11,237.33,27.0,1,4,0,No
CUST200679,66,Month-to-Month,Standard,Bank Transfer,0,55.81,3458.16,61.1,1,4,0,No
CUST200680,16,Month-to-Month,Standard,Credit Card,1,58.66,877.34,56.5,3,3,0,Yes
CUST200681,31,Month-to-Month,Premium,Credit Card,1,102.29,3138.99,87.2,0,3,1,Yes
CUST200682,19,One Year,Standard,Credit Card,1,45.64,830.31,37.9,0,4,0,Yes
CUST200683,59,Month-to-Month,Standard,Digital Wallet,0,63.25,3605.09,45.7,1,4,0,No
CUST200684,26,Two Year,Basic,Credit Card,0,20.91,514.37,2.0,2,5,2,No
CUST200685,34,Two Year,Standard,Digital Wallet,1,49.73,1638.66,58.4,3,5,1,No
CUST200686,24,Month-to-Month,Standard,Bank Transfer,0,58.84,1319.59,36.6,0,4,1,No
CUST200687,26,Month-to-Month,Basic,Bank Transfer,1,25.57,625.22,6.9,3,4,2,Yes
CUST200688,30,One Year,Premium,Credit Card,1,87.31,2578.77,84.5,2,2,0,No
CUST200689,21,One Year,Premium,Bank Transfer,0,93.24,1903.2,103.2,0,4,0,No
CUST200690,49,Month-to-Month,Premium,Credit Card,1,89.42,4092.3,87.7,0,5,4,No
CUST200691,22,One Year,Standard,Digital Wallet,0,58.29,1192.62,73.0,1,3,1,No
CUST200692,31,Month-to-Month,Standard,Bank Transfer,1,68.1,2062.99,26.8,1,3,0,Yes
CUST200693,28,One Year,Standard,Mailed Check,0,48.88,1280.43,54.1,2,3,1,Yes
CUST200694,9,One Year,Basic,Credit Card,1,34.59,291.21,17.0,1,4,0,No
CUST200695,38,Two Year,Basic,Credit Card,1,23.79,884.61,29.2,3,4,2,No
CUST200696,26,One Year,Basic,Bank Transfer,0,18.17,442.14,16.0,0,3,0,Yes
CUST200697,19,Two Year,Standard,Digital Wallet,1,67.08,1240.72,43.2,0,3,0,Yes
CUST200698,29,Month-to-Month,Basic,Credit Card,1,25.88,722.62,62.0,1,4,2,Yes
CUST200699,12,Month-to-Month,Standard,Bank Transfer,1,56.61,671.72,54.4,4,2,2,No
CUST200700,50,Month-to-Month,Basic,Digital Wallet,0,20.72,997.05,2.0,1,3,0,No
CUST200701,16,Two Year,Premium,Digital Wallet,1,102.44,1524.92,80.4,1,5,1,No
CUST200702,7,Month-to-Month,Basic,Mailed Check,1,22.24,152.27,16.3,0,2,1,No
CUST200703,15,One Year,Standard,Bank Transfer,1,54.94,810.84,37.8,2,3,1,No
CUST200704,27,Month-to-Month,Basic,Bank Transfer,0,28.06,706.22,29.7,0,4,1,No
CUST200705,7,One Year,Basic,Credit Card,1,33.49,227.19,11.0,1,4,2,No
CUST200706,9,Month-to-Month,Basic,Credit Card,0,29.22,257.17,48.3,4,4,1,No
CUST200707,30,Month-to-Month,Basic,Digital Wallet,0,26.85,768.17,16.5,4,3,0,Yes
CUST200708,10,Month-to-Month,Premium,Digital Wallet,1,94.6,875.95,98.2,0,4,1,No
CUST200709,30,Month-to-Month,Standard,Digital Wallet,1,50.06,1497.26,53.6,1,4,2,No
CUST200710,18,Month-to-Month,Basic,Credit Card,1,31.24,558.29,20.1,0,2,1,Yes
CUST200711,34,One Year,Premium,Credit Card,1,103.59,3396.3,89.8,2,4,2,No
CUST200712,61,Month-to-Month,Basic,Credit Card,0,28.88,1744.46,10.3,1,2,0,Yes
CUST200713,27,Two Year,Standard,Bank Transfer,0,59.97,1550.44,57.7,0,4,1,No
CUST200714,59,Month-to-Month,Standard,Credit Card,1,54.57,3089.26,67.4,0,4,1,No
CUST200715,46,Month-to-Month,Basic,Bank Transfer,0,25.9,1102.96,12.1,2,4,1,Yes
CUST200716,50,Two Year,Basic,Bank Transfer,1,17.49,855.33,33.2,1,4,4,No
CUST200717,72,Month-to-Month,Basic,Mailed Check,1,33.15,2318.13,9.0,2,3,2,Yes
CUST200718,48,Month-to-Month,Premium,Digital Wallet,0,108.35,5116.94,93.3,1,2,1,Yes
CUST200719,49,Two Year,Basic,Digital Wallet,0,17.76,837.68,39.6,2,3,2,No
CUST200720,26,Month-to-Month,Premium,Credit Card,0,87.61,2244.73,69.2,2,5,2,Yes
CUST200721,16,One Year,Standard,Digital Wallet,0,57.57,909.63,78.4,1,2,1,Yes
CUST200722,8,Month-to-Month,Standard,Bank Transfer,1,60.57,457.16,45.9,1,3,2,No
CUST200723,28,Month-to-Month,Basic,Bank Transfer,0,18.61,482.61,56.1,3,3,0,No
CUST200724,67,One Year,Premium,Mailed Check,0,96.49,6262.64,103.9,3,4,3,No
CUST200725,53,Month-to-Month,Premium,Bank Transfer,0,95.74,4727.62,98.4,2,1,2,Yes
CUST200726,25,Month-to-Month,Standard,Digital Wallet,1,51.51,1198.77,32.9,3,2,0,No
CUST200727,28,One Year,Premium,Digital Wallet,1,93.59,2589.19,63.7,1,4,0,No
CUST200728,50,One Year,Basic,Bank Transfer,1,25.51,1261.61,40.2,2,3,0,No
CUST200729,10,Month-to-Month,Standard,Bank Transfer,1,52.88,493.87,53.0,1,3,3,No
CUST200730,36,Month-to-Month,Basic,Digital Wallet,0,31.94,1111.77,49.3,0,4,3,No
CUST200731,42,Two Year,Standard,Credit Card,1,59.45,2304.55,59.2,1,3,2,No
CUST200732,63,Month-to-Month,Basic,Bank Transfer,1,15.0,907.03,20.7,1,2,2,No
CUST200733,2,One Year,Premium,Digital Wallet,0,100.01,194.0,84.7,2,3,1,Yes
CUST200734,43,Month-to-Month,Basic,Digital Wallet,1,17.68,744.87,46.6,3,3,1,Yes
CUST200735,12,Month-to-Month,Standard,Digital Wallet,1,44.13,528.35,66.2,1,4,1,Yes
CUST200736,22,Month-to-Month,Standard,Bank Transfer,1,61.46,1327.53,49.2,3,3,1,Yes
CUST200737,38,One Year,Standard,Credit Card,0,53.38,2000.75,53.9,1,4,1,No
CUST200738,14,One Year,Basic,Bank Transfer,0,25.32,343.81,33.4,0,4,1,No
CUST200739,7,One Year,Basic,Mailed Check,1,27.66,181.33,2.0,3,2,0,Yes
CUST200740,26,One Year,Basic,Bank Transfer,1,17.61,444.29,53.8,0,3,0,No
CUST200741,17,One Year,Standard,Digital Wallet,1,66.44,1067.87,59.7,1,3,1,Yes
CUST200742,56,Two Year,Standard,Credit Card,1,48.68,2543.78,76.7,1,3,1,No
CUST200743,54,Month-to-Month,Standard,Digital Wallet,0,70.27,3553.6,44.2,3,2,2,No
CUST200744,72,Two Year,Standard,Mailed Check,1,57.49,3905.62,29.0,1,2,1,No
CUST200745,20,Month-to-Month,Standard,Digital Wallet,0,57.76,1102.06,19.0,1,3,3,Yes
CUST200746,18,Month-to-Month,Basic,Bank Transfer,0,24.93,413.6,11.2,1,2,1,Yes
CUST200747,54,Month-to-Month,Premium,Credit Card,1,94.16,4845.59,90.7,0,4,4,No
CUST200748,13,One Year,Standard,Bank Transfer,1,49.08,629.82,59.0,1,3,1,No
CUST200749,26,One Year,Standard,Bank Transfer,1,53.62,1389.13,69.1,1,2,2,No
CUST200750,48,Month-to-Month,Basic,Credit Card,1,21.01,973.26,28.6,0,3,1,No
CUST200751,65,One Year,Standard,Credit Card,0,56.89,3641.08,80.4,1,3,1,No
CUST200752,22,Month-to-Month,Basic,Mailed Check,1,19.34,419.97,48.8,3,3,1,No
CUST200753,12,Month-to-Month,Basic,Digital Wallet,1,28.92,321.02,18.6,1,4,2,No
CUST200754,3,One Year,Premium,Bank Transfer,1,89.69,262.04,126.3,2,3,0,No
CUST200755,2,One Year,Standard,Credit Card,1,52.31,99.03,50.3,2,4,2,No
CUST200756,19,Month-to-Month,Premium,Bank Transfer,0,100.74,1896.53,101.4,1,3,0,Yes
CUST200757,9,Month-to-Month,Basic,Bank Transfer,1,24.22,204.82,37.4,1,5,1,No
CUST200758,59,One Year,Standard,Digital Wallet,0,61.05,3356.93,57.0,2,4,2,No
CUST200759,27,One Year,Basic,Credit Card,1,25.83,684.49,17.6,2,4,1,No
CUST200760,19,One Year,Basic,Credit Card,1,16.16,292.5,7.4,3,3,1,No
CUST200761,41,Month-to-Month,Basic,Digital Wallet,0,17.64,687.27,41.8,0,2,3,No
CUST200762,32,One Year,Premium,Digital Wallet,0,88.43,2792.56,82.4,1,4,1,No
CUST200763,33,One Year,Standard,Credit Card,0,42.33,1319.18,59.8,0,4,1,No
CUST200764,19,Two Year,Basic,Bank Transfer,0,24.8,464.9,18.4,0,2,1,No
CUST200765,19,Month-to-Month,Premium,Digital Wallet,1,100.96,1878.11,111.7,1,4,2,No
CUST200766,47,Two Year,Standard,Bank Transfer,1,61.48,2749.5,58.1,2,4,1,No
CUST200767,7,Month-to-Month,Standard,Credit Card,0,46.29,308.49,37.2,0,4,1,No
CUST200768,8,Month-to-Month,Basic,Credit Card,1,22.49,168.85,24.5,4,3,1,Yes
CUST200769,17,Month-to-Month,Standard,Digital Wallet,1,51.71,845.17,11.8,0,3,0,No
CUST200770,26,One Year,Basic,Credit Card,0,15.0,375.86,40.2,2,3,1,No
CUST200771,72,Two Year,Premium,Mailed Check,1,81.66,5833.52,128.3,4,4,1,No
CUST200772,27,Month-to-Month,Basic,Digital Wallet,1,23.58,616.09,29.1,2,2,1,Yes
CUST200773,14,One Year,Standard,Credit Card,1,56.1,776.04,52.6,3,4,3,No
CUST200774,34,Month-to-Month,Basic,Credit Card,1,22.28,706.12,39.9,1,3,0,No
CUST200775,17,Month-to-Month,Basic,Digital Wallet,0,15.09,239.23,8.9,1,4,2,Yes
CUST200776,35,Month-to-Month,Standard,Credit Card,0,63.31,2159.6,45.4,2,2,2,Yes
CUST200777,14,Month-to-Month,Standard,Bank Transfer,0,55.77,743.56,65.4,1,2,1,Yes
CUST200778,4,Month-to-Month,Standard,Digital Wallet,1,54.81,211.73,38.8,2,3,1,No
CUST200779,26,One Year,Standard,Credit Card,1,49.31,1196.78,17.1,3,2,3,No
CUST200780,10,One Year,Basic,Digital Wallet,1,18.94,178.99,40.4,3,3,1,No
CUST200781,25,One Year,Standard,Credit Card,0,67.68,1609.97,46.7,2,2,1,No
CUST200782,34,One Year,Standard,Mailed Check,0,67.86,2195.71,38.7,1,3,1,No
CUST200783,11,Month-to-Month,Standard,Bank Transfer,1,59.56,633.77,75.8,1,4,1,Yes
CUST200784,20,Two Year,Basic,Bank Transfer,0,19.87,388.93,23.9,1,3,0,No
CUST200785,53,One Year,Basic,Digital Wallet,0,15.0,742.17,43.6,2,3,0,No
CUST200786,11,Two Year,Standard,Mailed Check,1,53.44,563.89,59.4,5,3,1,No
CUST200787,15,Month-to-Month,Standard,Credit Card,1,49.81,732.96,47.8,1,4,1,No
CUST200788,12,One Year,Standard,Credit Card,1,54.52,626.17,82.5,1,4,1,Yes
CUST200789,15,Month-to-Month,Standard,Digital Wallet,1,58.98,829.45,16.0,0,5,1,No
CUST200790,18,Month-to-Month,Premium,Credit Card,0,88.95,1492.46,114.2,3,5,3,No
CUST200791,28,Two Year,Premium,Bank Transfer,1,94.45,2595.03,94.7,3,5,0,No
CUST200792,35,Month-to-Month,Basic,Digital Wallet,0,23.41,807.06,44.3,1,3,2,No
CUST200793,13,Month-to-Month,Basic,Digital Wallet,1,23.61,290.6,14.2,0,4,0,No
CUST200794,18,One Year,Premium,Bank Transfer,1,82.77,1420.5,84.3,0,4,2,No
CUST200795,21,Two Year,Basic,Mailed Check,1,18.0,374.05,22.2,1,1,2,Yes
CUST200796,55,One Year,Basic,Mailed Check,1,22.3,1174.82,52.8,2,3,0,No
CUST200797,68,Two Year,Standard,Credit Card,1,50.11,3388.62,69.8,2,5,1,No
CUST200798,16,Two Year,Standard,Digital Wallet,1,58.48,867.5,46.7,1,3,0,No
CUST200799,11,Month-to-Month,Standard,Bank Transfer,1,61.07,627.62,41.2,1,1,1,Yes
CUST200800,24,Month-to-Month,Standard,Credit Card,0,53.25,1232.45,77.3,1,2,0,No
CUST200801,34,Month-to-Month,Basic,Bank Transfer,0,38.49,1240.78,41.6,4,3,0,No
CUST200802,10,Month-to-Month,Basic,Credit Card,0,29.98,285.13,19.6,1,4,0,No
CUST200803,7,One Year,Standard,Digital Wallet,0,60.15,401.92,52.9,2,3,1,No
CUST200804,38,Two Year,Premium,Digital Wallet,1,92.56,3261.74,117.7,2,4,0,No
CUST200805,47,Month-to-Month,Basic,Credit Card,0,22.93,1061.8,2.0,1,4,0,Yes
CUST200806,23,One Year,Standard,Bank Transfer,0,57.06,1209.57,67.6,1,2,1,No
CUST200807,6,One Year,Standard,Credit Card,0,47.03,262.37,38.3,1,3,0,No
CUST200808,4,One Year,Basic,Credit Card,0,25.38,100.29,29.0,1,4,0,No
CUST200809,4,Month-to-Month,Standard,Credit Card,1,47.06,184.97,70.8,0,3,2,No
CUST200810,18,Month-to-Month,Basic,Credit Card,1,21.87,390.75,2.0,1,4,2,No
CUST200811,62,One Year,Standard,Digital Wallet,1,62.73,3781.16,76.5,5,2,1,No
CUST200812,46,One Year,Standard,Mailed Check,1,54.36,2465.56,85.8,0,3,1,No
CUST200813,15,Month-to-Month,Basic,Credit Card,1,23.46,344.81,11.0,2,1,0,Yes
CUST200814,50,Month-to-Month,Basic,Credit Card,1,29.05,1445.15,19.7,1,4,1,No
CUST200815,39,Month-to-Month,Standard,Credit Card,0,45.72,1730.71,54.4,2,3,2,Yes
CUST200816,56,Two Year,Standard,Digital Wallet,1,57.29,3058.26,66.9,1,5,0,No
CUST200817,36,Two Year,Basic,Credit Card,1,24.23,821.11,40.9,2,3,2,No
CUST200818,6,Two Year,Basic,Digital Wallet,0,22.9,133.23,24.0,2,2,0,Yes
CUST200819,21,One Year,Standard,Bank Transfer,1,55.31,1122.41,62.1,0,4,2,No
CUST200820,16,Month-to-Month,Standard,Bank Transfer,0,56.21,862.52,51.8,1,4,1,Yes
CUST200821,13,Two Year,Basic,Credit Card,1,26.56,339.95,34.9,4,2,3,Yes
CUST200822,40,Month-to-Month,Standard,Digital Wallet,1,42.2,1560.56,35.5,0,3,2,No
CUST200823,66,One Year,Standard,Credit Card,0,49.7,3231.51,60.3,0,4,0,No
CUST200824,23,Month-to-Month,Premium,Credit Card,1,99.27,2168.11,118.2,0,4,2,Yes
CUST200825,59,Month-to-Month,Premium,Digital Wallet,1,86.81,4760.67,106.4,4,4,2,No
CUST200826,23,Two Year,Standard,Digital Wallet,0,62.72,1360.14,70.5,0,4,2,No
CUST200827,13,Month-to-Month,Standard,Credit Card,0,53.16,685.17,47.3,1,3,1,Yes
CUST200828,51,Two Year,Basic,Digital Wallet,0,17.28,872.57,15.7,2,2,0,No
CUST200829,21,One Year,Standard,Credit Card,0,74.21,1549.27,59.5,2,1,3,No
CUST200830,31,Month-to-Month,Basic,Mailed Check,0,29.08,880.43,14.8,0,4,0,No
CUST200831,20,Month-to-Month,Basic,Bank Transfer,0,30.51,586.08,3.2,2,4,2,No
CUST200832,39,Month-to-Month,Basic,Credit Card,0,20.0,762.96,40.0,1,4,0,No
CUST200833,17,One Year,Standard,Credit Card,1,56.11,925.39,58.6,1,1,2,Yes
CUST200834,60,Two Year,Premium,Digital Wallet,1,86.24,4971.43,84.0,0,3,1,No
CUST200835,7,Month-to-Month,Premium,Mailed Check,0,95.06,633.39,102.6,2,3,1,Yes
CUST200836,45,Month-to-Month,Standard,Bank Transfer,1,55.38,2420.7,80.7,2,3,0,No
CUST200837,15,Two Year,Standard,Digital Wallet,0,60.99,906.03,51.9,5,2,1,Yes
CUST200838,60,Month-to-Month,Standard,Bank Transfer,0,55.58,3291.54,50.8,2,3,2,No
CUST200839,29,Two Year,Premium,Credit Card,0,100.53,2770.55,114.1,2,4,0,No
CUST200840,17,Two Year,Basic,Credit Card,1,29.5,462.36,2.0,1,4,0,No
CUST200841,8,Month-to-Month,Basic,Bank Transfer,1,38.12,285.34,25.2,3,1,1,Yes
CUST200842,20,One Year,Standard,Bank Transfer,0,60.14,1142.96,47.8,3,3,2,No
CUST200843,16,Month-to-Month,Basic,Bank Transfer,0,22.1,329.07,2.0,1,4,0,Yes
CUST200844,12,Month-to-Month,Premium,Credit Card,1,98.73,1113.06,108.1,1,3,2,No
CUST200845,41,One Year,Basic,Bank Transfer,1,16.99,689.81,20.9,1,4,1,No
CUST200846,7,Month-to-Month,Standard,Mailed Check,1,53.5,349.79,64.6,0,4,1,No
CUST200847,15,Month-to-Month,Premium,Digital Wallet,0,98.57,1397.69,106.0,1,1,0,No
CUST200848,18,Month-to-Month,Standard,Credit Card,0,58.46,998.3,61.2,1,4,0,Yes
CUST200849,19,Month-to-Month,Basic,Bank Transfer,0,24.58,455.27,13.1,2,4,2,No
CUST200850,72,Month-to-Month,Standard,Digital Wallet,0,48.92,3264.2,52.2,2,3,0,Yes
CUST200851,12,One Year,Standard,Digital Wallet,1,55.6,631.77,52.9,1,4,0,Yes
CUST200852,26,Month-to-Month,Basic,Credit Card,1,15.0,385.3,34.7,3,3,0,No
CUST200853,12,Month-to-Month,Standard,Bank Transfer,1,61.18,686.37,54.6,1,4,0,No
CUST200854,23,Month-to-Month,Premium,Digital Wallet,0,99.01,2218.34,104.0,0,4,0,No
CUST200855,6,Month-to-Month,Basic,Credit Card,0,16.94,96.08,16.4,1,3,1,Yes
CUST200856,22,One Year,Basic,Credit Card,1,25.65,542.14,37.5,1,3,1,No
CUST200857,46,One Year,Basic,Digital Wallet,1,25.19,1076.42,17.9,2,5,1,No
CUST200858,37,Month-to-Month,Standard,Credit Card,1,52.53,1873.22,30.8,0,3,0,Yes
CUST200859,26,Month-to-Month,Premium,Bank Transfer,1,100.6,2558.58,91.2,0,4,2,Yes
CUST200860,50,One Year,Basic,Bank Transfer,0,24.91,1244.42,25.1,0,5,0,No
CUST200861,43,Two Year,Standard,Credit Card,1,43.23,1813.72,56.2,1,5,0,No
CUST200862,39,Month-to-Month,Basic,Mailed Check,0,15.0,551.76,2.0,0,5,2,Yes
CUST200863,9,Month-to-Month,Standard,Credit Card,1,64.56,535.19,62.9,0,4,1,Yes
CUST200864,72,One Year,Premium,Digital Wallet,1,95.06,6551.73,97.7,0,4,2,No
CUST200865,15,Month-to-Month,Basic,Digital Wallet,1,17.95,261.97,24.0,0,4,3,No
CUST200866,20,One Year,Premium,Credit Card,1,86.55,1649.51,107.3,0,3,1,No
CUST200867,47,Two Year,Standard,Digital Wallet,1,66.08,2983.66,55.9,0,4,2,No
CUST200868,57,Month-to-Month,Basic,Bank Transfer,1,29.47,1647.49,5.1,1,3,2,No
CUST200869,21,Month-to-Month,Standard,Credit Card,1,43.66,871.99,33.5,2,5,2,No
CUST200870,27,Month-to-Month,Premium,Bank Transfer,1,90.67,2407.42,107.6,2,3,0,No
CUST200871,3,Month-to-Month,Basic,Bank Transfer,0,22.04,65.28,2.0,3,3,2,No
CUST200872,54,Two Year,Premium,Digital Wallet,0,98.17,5001.84,112.5,1,3,0,No
CUST200873,36,Month-to-Month,Standard,Mailed Check,1,50.75,1819.57,37.2,3,4,3,No
CUST200874,14,Month-to-Month,Standard,Credit Card,1,57.56,785.83,42.0,2,3,1,Yes
CUST200875,6,Month-to-Month,Basic,Bank Transfer,0,23.53,131.72,35.7,1,4,2,No
CUST200876,13,One Year,Basic,Bank Transfer,1,16.52,206.32,13.9,1,4,0,No
CUST200877,15,Two Year,Basic,Credit Card,0,25.88,363.65,4.6,2,2,1,Yes
CUST200878,72,Month-to-Month,Standard,Bank Transfer,1,55.5,3776.19,47.6,1,4,2,No
CUST200879,30,Month-to-Month,Premium,Credit Card,0,91.28,2702.65,82.2,2,4,0,Yes
CUST200880,6,One Year,Standard,Bank Transfer,1,46.06,254.3,60.5,2,3,2,No
CUST200881,16,Month-to-Month,Standard,Credit Card,1,51.7,809.01,38.8,2,4,1,Yes
CUST200882,14,Two Year,Standard,Credit Card,0,43.56,601.62,49.3,0,5,1,No
CUST200883,60,Month-to-Month,Basic,Bank Transfer,1,17.51,982.78,12.6,1,5,0,No
CUST200884,30,Month-to-Month,Premium,Credit Card,1,93.79,2689.03,74.1,1,4,1,No
CUST200885,42,One Year,Premium,Credit Card,0,88.75,3461.19,81.9,0,2,1,No
CUST200886,16,Month-to-Month,Premium,Digital Wallet,1,94.58,1470.76,115.5,2,3,0,Yes
CUST200887,11,Month-to-Month,Standard,Digital Wallet,1,48.21,499.66,52.9,1,3,0,No
CUST200888,29,Month-to-Month,Standard,Bank Transfer,0,63.27,1808.42,35.5,0,5,1,No
CUST200889,63,One Year,Standard,Bank Transfer,0,59.23,3678.35,41.2,1,2,2,No
CUST200890,11,Month-to-Month,Basic,Credit Card,1,25.48,263.89,31.3,3,3,4,No
CUST200891,41,Month-to-Month,Premium,Digital Wallet,0,93.36,3527.85,102.6,3,3,0,Yes
CUST200892,31,Month-to-Month,Premium,Credit Card,1,87.13,2653.47,95.4,2,4,0,No
CUST200893,30,Month-to-Month,Basic,Credit Card,1,22.71,641.96,17.3,1,4,0,No
CUST200894,59,Month-to-Month,Basic,Credit Card,0,25.8,1454.26,28.3,2,2,0,No
CUST200895,69,One Year,Premium,Credit Card,0,82.11,5636.37,86.7,0,4,3,No
CUST200896,24,Two Year,Basic,Mailed Check,0,29.94,691.08,40.2,1,4,1,No
CUST200897,28,Month-to-Month,Standard,Mailed Check,1,54.55,1431.64,57.9,0,5,1,Yes
CUST200898,72,Month-to-Month,Standard,Bank Transfer,0,49.46,3351.43,61.7,3,4,1,No
CUST200899,25,One Year,Basic,Credit Card,1,26.84,637.39,38.3,2,2,0,Yes
CUST200900,19,One Year,Standard,Credit Card,1,61.04,1112.38,52.3,2,3,1,No
CUST200901,48,Month-to-Month,Basic,Digital Wallet,0,23.0,1098.19,29.6,2,4,0,No
CUST200902,72,One Year,Basic,Bank Transfer,1,27.42,1966.62,17.3,1,2,1,No
CUST200903,35,One Year,Basic,Mailed Check,1,27.99,952.49,55.5,2,4,1,Yes
CUST200904,30,One Year,Basic,Credit Card,0,23.0,653.74,31.1,3,2,0,No
CUST200905,5,Month-to-Month,Standard,Digital Wallet,0,51.57,245.3,52.7,1,5,1,No
CUST200906,29,Two Year,Standard,Credit Card,0,59.27,1609.0,74.7,1,3,1,No
CUST200907,33,Month-to-Month,Basic,Digital Wallet,0,32.05,1033.69,19.1,1,3,1,Yes
CUST200908,27,Month-to-Month,Premium,Mailed Check,1,94.23,2432.5,102.5,0,5,1,No
CUST200909,22,Month-to-Month,Standard,Digital Wallet,0,50.36,1105.88,53.8,1,1,3,Yes
CUST200910,3,One Year,Standard,Bank Transfer,1,61.59,183.75,52.5,2,4,0,No
CUST200911,45,One Year,Basic,Mailed Check,0,21.48,946.2,33.2,2,4,1,Yes
CUST200912,68,One Year,Basic,Credit Card,0,22.6,1437.06,23.8,2,3,1,No
CUST200913,30,One Year,Basic,Digital Wallet,0,26.01,748.46,2.0,0,4,1,No
CUST200914,39,Month-to-Month,Standard,Credit Card,1,59.76,2252.93,48.3,2,4,1,No
CUST200915,24,Month-to-Month,Standard,Bank Transfer,1,53.91,1213.67,37.7,2,2,1,No
CUST200916,7,One Year,Standard,Digital Wallet,1,45.64,306.92,51.1,2,3,2,No
CUST200917,36,Month-to-Month,Basic,Digital Wallet,0,21.36,728.19,23.7,2,4,0,No
CUST200918,30,Month-to-Month,Premium,Bank Transfer,0,99.12,2789.05,95.4,0,4,2,No
CUST200919,8,Two Year,Premium,Digital Wallet,1,99.22,771.09,122.0,1,4,3,No
CUST200920,31,Month-to-Month,Standard,Bank Transfer,1,59.89,1767.24,48.2,2,3,1,No
CUST200921,11,Month-to-Month,Premium,Bank Transfer,0,92.65,965.65,101.3,2,4,0,No
CUST200922,14,Month-to-Month,Standard,Credit Card,1,53.31,726.35,44.8,3,3,1,Yes
CUST200923,29,Month-to-Month,Standard,Bank Transfer,0,59.68,1628.0,56.9,0,3,1,No
CUST200924,72,Month-to-Month,Basic,Mailed Check,1,20.93,1401.78,15.8,2,4,1,No
CUST200925,52,One Year,Premium,Digital Wallet,1,102.99,5224.93,93.1,2,4,0,No
CUST200926,14,One Year,Basic,Credit Card,0,16.7,224.24,5.1,0,3,1,No
CUST200927,33,Month-to-Month,Standard,Credit Card,1,64.46,1959.38,32.3,1,2,3,No
CUST200928,29,Month-to-Month,Basic,Mailed Check,1,17.82,510.68,36.9,0,3,1,No
CUST200929,45,Month-to-Month,Premium,Credit Card,1,95.43,4128.25,88.4,0,3,3,No
CUST200930,36,Month-to-Month,Premium,Mailed Check,0,92.74,3221.58,126.7,1,2,3,Yes
CUST200931,43,Month-to-Month,Standard,Credit Card,0,47.35,2024.23,54.4,0,4,0,No
CUST200932,18,Month-to-Month,Basic,Credit Card,0,31.24,533.27,9.0,3,4,4,No
CUST200933,23,One Year,Standard,Mailed Check,1,57.46,1309.24,46.7,1,4,0,No
CUST200934,8,Month-to-Month,Premium,Digital Wallet,1,97.91,721.93,134.4,0,3,2,No
CUST200935,6,Month-to-Month,Basic,Digital Wallet,1,34.45,202.1,18.1,0,4,2,No
CUST200936,32,One Year,Basic,Mailed Check,0,32.5,1008.76,53.2,2,4,0,No
CUST200937,25,One Year,Basic,Credit Card,0,29.29,725.93,9.0,5,3,0,Yes
CUST200938,8,Month-to-Month,Basic,Credit Card,0,27.91,215.56,23.2,4,3,1,No
CUST200939,12,Month-to-Month,Basic,Credit Card,0,29.71,331.4,7.6,3,1,2,Yes
CUST200940,9,One Year,Standard,Credit Card,0,56.99,485.27,57.3,0,4,1,No
CUST200941,16,Two Year,Standard,Credit Card,1,51.82,820.79,62.8,6,3,0,Yes
CUST200942,44,Month-to-Month,Basic,Credit Card,0,29.45,1249.29,58.8,0,4,2,No
CUST200943,31,Month-to-Month,Basic,Credit Card,1,15.77,468.61,59.4,0,4,3,No
CUST200944,17,Month-to-Month,Standard,Credit Card,0,47.78,754.71,63.9,1,3,1,No
CUST200945,8,One Year,Basic,Credit Card,1,25.27,193.61,13.4,2,4,2,No
CUST200946,13,Month-to-Month,Premium,Digital Wallet,0,94.3,1189.0,100.2,1,4,3,Yes
CUST200947,41,Month-to-Month,Standard,Digital Wallet,1,58.73,2281.3,54.4,0,3,0,No
CUST200948,7,One Year,Standard,Credit Card,1,51.02,340.67,64.0,2,4,3,Yes
CUST200949,10,Month-to-Month,Standard,Credit Card,0,55.39,548.5,54.0,1,3,1,Yes
CUST200950,16,Month-to-Month,Basic,Bank Transfer,1,22.8,354.89,2.0,3,4,1,Yes
CUST200951,41,Month-to-Month,Standard,Mailed Check,0,66.16,2652.59,54.0,1,3,3,No
CUST200952,19,Two Year,Basic,Bank Transfer,1,20.78,380.49,5.7,1,3,3,No
CUST200953,22,One Year,Standard,Bank Transfer,0,58.92,1219.68,46.3,2,3,0,No
CUST200954,45,Month-to-Month,Basic,Credit Card,1,24.73,1034.6,15.4,1,3,0,No
CUST200955,15,One Year,Standard,Credit Card,1,63.13,944.05,46.6,2,5,0,No
CUST200956,20,Month-to-Month,Standard,Bank Transfer,1,54.54,1050.34,53.0,1,3,1,Yes
CUST200957,16,Month-to-Month,Standard,Bank Transfer,0,51.0,805.49,45.8,1,4,1,No
CUST200958,15,Two Year,Premium,Digital Wallet,1,89.47,1325.18,93.0,2,5,4,No
CUST200959,9,Month-to-Month,Standard,Digital Wallet,1,46.78,388.09,69.7,3,4,2,Yes
CUST200960,12,Two Year,Premium,Bank Transfer,1,81.53,964.81,90.6,4,3,0,No
CUST200961,43,Two Year,Standard,Credit Card,1,58.92,2465.97,68.0,3,4,0,No
CUST200962,47,One Year,Standard,Digital Wallet,1,43.33,1967.49,66.5,2,2,0,No
CUST200963,17,Month-to-Month,Basic,Credit Card,0,17.22,286.73,45.5,2,3,2,No
CUST200964,26,Month-to-Month,Standard,Bank Transfer,0,53.36,1356.8,83.6,0,4,2,No
CUST200965,9,Month-to-Month,Standard,Bank Transfer,1,46.82,415.58,67.5,2,1,1,Yes
CUST200966,12,One Year,Standard,Bank Transfer,0,53.8,627.21,52.3,2,3,0,Yes
CUST200967,58,Month-to-Month,Standard,Bank Transfer,0,52.21,2860.88,56.6,1,4,1,No
CUST200968,4,One Year,Basic,Digital Wallet,1,15.0,56.52,10.3,1,4,2,No
CUST200969,15,Month-to-Month,Standard,Credit Card,1,59.04,856.41,50.5,2,4,0,No
CUST200970,27,Two Year,Basic,Mailed Check,1,24.48,629.08,40.5,1,3,3,No
CUST200971,5,Two Year,Premium,Bank Transfer,1,93.72,462.17,119.8,3,5,4,No
CUST200972,19,One Year,Standard,Digital Wallet,1,42.16,742.47,69.2,2,3,0,Yes
CUST200973,15,Month-to-Month,Basic,Digital Wallet,1,24.53,340.0,25.2,1,3,1,No
CUST200974,23,Month-to-Month,Standard,Digital Wallet,0,53.42,1223.38,66.2,2,4,0,Yes
CUST200975,37,Month-to-Month,Standard,Credit Card,1,60.41,2149.3,37.6,0,2,1,No
CUST200976,37,Month-to-Month,Basic,Digital Wallet,0,28.77,1044.69,55.8,1,5,1,No
CUST200977,19,One Year,Premium,Credit Card,0,104.55,1913.6,91.3,2,3,1,No
CUST200978,42,Month-to-Month,Premium,Credit Card,0,87.65,3618.32,92.8,2,2,1,No
CUST200979,40,One Year,Standard,Credit Card,0,62.61,2430.23,44.6,1,4,2,No
CUST200980,31,Month-to-Month,Standard,Credit Card,0,62.42,1818.86,41.5,1,2,2,No
CUST200981,17,Month-to-Month,Standard,Digital Wallet,0,50.79,795.61,77.7,3,2,1,Yes
CUST200982,35,Two Year,Basic,Digital Wallet,1,23.58,788.38,46.7,1,4,0,No
CUST200983,24,Two Year,Premium,Digital Wallet,0,92.25,2064.01,84.8,3,4,1,No
CUST200984,10,Month-to-Month,Basic,Credit Card,1,23.98,224.11,33.9,0,4,1,No
CUST200985,22,One Year,Basic,Bank Transfer,0,25.75,562.56,48.9,2,3,0,No
CUST200986,36,One Year,Standard,Digital Wallet,1,58.36,2032.49,24.0,1,3,0,No
CUST200987,19,Month-to-Month,Premium,Mailed Check,1,94.11,1664.09,63.2,2,4,1,Yes
CUST200988,57,One Year,Standard,Bank Transfer,1,45.48,2411.77,65.3,0,3,2,No
CUST200989,26,Month-to-Month,Basic,Bank Transfer,0,28.34,690.64,24.8,1,4,4,No
CUST200990,29,Month-to-Month,Standard,Bank Transfer,1,52.32,1414.36,75.1,0,3,0,No
CUST200991,37,Two Year,Premium,Digital Wallet,0,96.9,3324.35,116.4,0,5,0,No
CUST200992,24,One Year,Standard,Digital Wallet,0,59.57,1416.47,40.5,1,4,0,No
CUST200993,12,Month-to-Month,Basic,Mailed Check,0,15.69,184.93,23.6,2,2,4,No
CUST200994,17,One Year,Standard,Mailed Check,0,45.55,736.64,58.6,0,4,1,No
CUST200995,29,Month-to-Month,Standard,Credit Card,0,54.44,1491.4,40.8,2,2,3,Yes
CUST200996,31,Two Year,Standard,Digital Wallet,1,53.67,1578.13,67.9,2,3,1,No
CUST200997,36,One Year,Premium,Bank Transfer,0,97.38,3271.9,105.9,0,4,1,No
CUST200998,14,One Year,Standard,Mailed Check,0,48.06,652.46,56.3,1,4,2,No
CUST200999,34,Month-to-Month,Premium,Bank Transfer,0,99.75,3279.42,98.6,1,4,1,No
CUST201000,22,Month-to-Month,Premium,Credit Card,1,97.46,2007.53,82.3,1,4,3,No
CUST201001,42,Month-to-Month,Standard,Bank Transfer,1,45.63,1810.51,74.1,1,4,1,No
CUST201002,65,Month-to-Month,Standard,Credit Card,0,69.07,4351.41,76.8,3,3,1,Yes
CUST201003,43,One Year,Premium,Credit Card,1,93.6,3973.4,120.4,0,4,2,No
CUST201004,26,Month-to-Month,Standard,Mailed Check,1,58.09,1478.86,56.9,0,4,0,Yes
CUST201005,31,Month-to-Month,Premium,Mailed Check,0,100.64,3068.7,86.2,2,4,1,Yes
CUST201006,47,Month-to-Month,Standard,Digital Wallet,0,53.5,2325.81,62.2,1,4,1,No
CUST201007,9,Month-to-Month,Basic,Bank Transfer,1,18.34,161.65,32.3,0,4,1,No
CUST201008,6,Two Year,Standard,Credit Card,0,54.55,314.85,59.9,1,4,3,No
CUST201009,50,Month-to-Month,Basic,Credit Card,1,19.11,937.47,2.0,4,3,1,No
CUST201010,10,One Year,Premium,Credit Card,1,92.18,865.93,102.5,2,3,1,No
CUST201011,53,Month-to-Month,Standard,Bank Transfer,1,56.66,2795.64,62.8,0,4,1,No
CUST201012,15,Two Year,Basic,Bank Transfer,0,21.13,299.68,42.5,1,5,2,No
CUST201013,33,Month-to-Month,Basic,Digital Wallet,0,28.97,884.79,2.0,0,3,0,No
CUST201014,17,Month-to-Month,Basic,Digital Wallet,0,28.34,458.87,44.8,1,3,2,No
CUST201015,36,One Year,Basic,Bank Transfer,1,28.61,1018.96,5.9,2,4,1,No
CUST201016,19,Two Year,Basic,Digital Wallet,1,33.29,612.03,30.7,1,2,0,No
CUST201017,38,Month-to-Month,Basic,Credit Card,0,34.55,1290.34,29.7,2,4,1,No
CUST201018,12,Month-to-Month,Standard,Credit Card,1,56.89,630.97,66.8,1,3,1,No
CUST201019,41,Month-to-Month,Basic,Credit Card,1,24.86,964.41,25.1,2,3,1,No
CUST201020,7,Month-to-Month,Standard,Digital Wallet,1,59.31,405.0,61.0,2,4,1,Yes
CUST201021,46,Two Year,Basic,Credit Card,1,30.98,1330.11,30.0,2,3,1,No
CUST201022,58,Two Year,Premium,Digital Wallet,1,85.56,4767.94,118.3,2,4,1,No
CUST201023,72,Month-to-Month,Standard,Digital Wallet,1,59.81,4152.29,39.3,1,4,2,No
CUST201024,11,Month-to-Month,Basic,Digital Wallet,0,25.68,280.97,17.7,0,2,3,No
CUST201025,24,One Year,Standard,Bank Transfer,1,58.3,1360.92,49.1,0,5,1,No
CUST201026,62,One Year,Premium,Bank Transfer,0,108.08,6687.89,109.5,3,3,1,No
CUST201027,60,Month-to-Month,Basic,Bank Transfer,1,39.69,2338.29,25.4,0,4,1,No
CUST201028,32,One Year,Basic,Digital Wallet,0,17.04,524.18,5.7,0,3,0,No
CUST201029,42,Two Year,Basic,Digital Wallet,1,29.75,1228.86,2.0,2,2,0,No
CUST201030,32,Month-to-Month,Premium,Bank Transfer,1,101.14,2994.14,83.7,1,3,0,No
CUST201031,33,Month-to-Month,Standard,Digital Wallet,0,49.55,1526.51,13.3,3,4,0,No
CUST201032,18,Two Year,Premium,Bank Transfer,1,96.7,1627.25,93.1,0,3,0,No
CUST201033,14,Month-to-Month,Premium,Digital Wallet,0,102.29,1369.16,93.0,1,4,0,Yes
CUST201034,45,Month-to-Month,Basic,Digital Wallet,0,26.63,1186.74,26.0,4,4,1,Yes
CUST201035,12,Month-to-Month,Premium,Mailed Check,0,100.81,1114.63,116.9,3,1,2,Yes
CUST201036,18,One Year,Premium,Bank Transfer,1,87.4,1519.12,84.1,3,1,3,No
CUST201037,31,Month-to-Month,Basic,Mailed Check,1,27.17,789.77,20.6,1,4,1,No
CUST201038,41,Month-to-Month,Standard,Mailed Check,1,50.67,1949.59,64.7,0,4,1,No
CUST201039,17,One Year,Standard,Credit Card,0,64.46,1051.82,43.3,3,2,2,Yes
CUST201040,48,One Year,Basic,Credit Card,1,15.4,725.55,17.2,5,4,1,No
CUST201041,72,One Year,Basic,Digital Wallet,0,21.69,1459.65,21.9,2,3,1,No
CUST201042,18,Month-to-Month,Premium,Bank Transfer,0,89.3,1587.69,101.4,0,3,0,Yes
CUST201043,72,Two Year,Standard,Digital Wallet,0,46.66,3337.58,86.2,1,2,0,No
CUST201044,41,Month-to-Month,Standard,Credit Card,1,65.23,2501.6,56.2,0,3,1,No
CUST201045,54,Month-to-Month,Standard,Credit Card,1,60.63,3102.0,48.9,0,3,0,Yes
CUST201046,39,Month-to-Month,Basic,Credit Card,0,24.86,936.46,23.1,1,2,0,Yes
CUST201047,70,Month-to-Month,Basic,Credit Card,1,21.79,1508.52,25.6,1,3,2,No
CUST201048,6,Month-to-Month,Basic,Credit Card,1,22.72,127.7,7.8,5,3,3,Yes
CUST201049,9,Month-to-Month,Standard,Credit Card,0,50.37,449.05,73.7,1,3,1,Yes
CUST201050,19,Two Year,Standard,Credit Card,1,58.85,1044.22,66.0,2,3,1,No
CUST201051,60,Month-to-Month,Standard,Credit Card,1,58.17,3312.16,69.8,2,2,1,No
CUST201052,14,Month-to-Month,Basic,Bank Transfer,1,31.41,408.3,18.8,2,2,3,No
CUST201053,62,Two Year,Standard,Bank Transfer,1,57.01,3464.45,57.7,3,3,0,No
CUST201054,19,Month-to-Month,Basic,Credit Card,1,26.36,488.53,26.5,3,4,0,No
CUST201055,56,Month-to-Month,Standard,Bank Transfer,1,45.79,2514.16,46.5,0,3,1,No
CUST201056,35,One Year,Basic,Credit Card,1,31.54,1098.48,35.4,1,3,0,No
CUST201057,34,Month-to-Month,Standard,Mailed Check,0,58.36,1918.83,44.1,2,4,0,Yes
CUST201058,72,Month-to-Month,Premium,Credit Card,1,99.94,6652.81,121.5,2,2,0,No
CUST201059,37,One Year,Standard,Digital Wallet,1,66.58,2275.34,66.5,0,3,0,No
CUST201060,39,Month-to-Month,Standard,Credit Card,1,52.27,1907.79,60.4,5,3,1,Yes
CUST201061,27,Month-to-Month,Premium,Mailed Check,0,80.31,2120.05,125.3,1,3,0,Yes
CUST201062,24,Month-to-Month,Premium,Credit Card,1,94.44,2225.52,75.0,1,4,2,No
CUST201063,62,One Year,Standard,Credit Card,0,62.03,3594.02,47.8,2,4,2,No
CUST201064,59,One Year,Standard,Credit Card,1,57.79,3351.71,75.2,2,4,1,No
CUST201065,19,Month-to-Month,Basic,Credit Card,1,28.49,534.3,6.2,2,3,2,No
CUST201066,41,Month-to-Month,Basic,Mailed Check,1,22.35,907.29,43.3,0,3,1,No
CUST201067,17,Two Year,Standard,Mailed Check,1,58.01,915.27,66.0,0,3,2,No
CUST201068,11,Month-to-Month,Basic,Credit Card,1,24.21,263.64,52.8,1,3,1,No
CUST201069,65,One Year,Premium,Credit Card,0,107.25,6849.93,110.9,2,4,1,No
CUST201070,25,Month-to-Month,Standard,Digital Wallet,0,56.58,1318.57,54.5,1,3,2,No
CUST201071,72,Two Year,Basic,Mailed Check,1,15.0,994.42,45.2,3,5,4,No
CUST201072,36,One Year,Premium,Mailed Check,1,86.75,3074.62,79.1,0,2,3,No
CUST201073,22,Month-to-Month,Basic,Digital Wallet,0,21.99,475.57,20.9,2,3,3,No
CUST201074,48,Month-to-Month,Premium,Bank Transfer,0,95.77,4446.76,112.2,2,3,3,Yes
CUST201075,16,One Year,Standard,Credit Card,0,63.83,953.89,56.1,1,3,1,No
CUST201076,11,One Year,Basic,Bank Transfer,1,31.47,338.91,2.0,1,3,1,Yes
CUST201077,72,One Year,Standard,Credit Card,1,50.82,3616.36,74.8,0,3,1,No
CUST201078,43,One Year,Standard,Digital Wallet,0,56.02,2355.14,51.6,2,2,2,No
CUST201079,19,Month-to-Month,Basic,Digital Wallet,1,27.42,508.37,31.7,0,3,3,No
CUST201080,24,Month-to-Month,Standard,Bank Transfer,1,43.71,1032.95,81.9,0,5,1,No
CUST201081,7,One Year,Basic,Digital Wallet,0,40.86,280.87,30.0,0,4,0,No
CUST201082,61,Month-to-Month,Standard,Digital Wallet,0,50.63,2879.09,75.2,6,2,3,No
CUST201083,10,Two Year,Premium,Credit Card,1,101.18,1005.54,99.2,0,5,2,No
CUST201084,24,Month-to-Month,Standard,Bank Transfer,1,58.89,1306.93,33.8,2,3,1,No
CUST201085,6,Month-to-Month,Standard,Digital Wallet,0,42.74,252.51,70.9,1,4,3,No
CUST201086,49,Two Year,Premium,Bank Transfer,0,104.45,5042.55,101.1,1,4,2,No
CUST201087,41,Month-to-Month,Basic,Digital Wallet,1,33.75,1360.26,41.9,3,2,2,No
CUST201088,13,Month-to-Month,Premium,Mailed Check,1,95.51,1238.82,92.4,1,2,3,Yes
CUST201089,19,One Year,Standard,Mailed Check,1,67.77,1287.06,48.2,1,2,1,No
CUST201090,8,Two Year,Premium,Bank Transfer,1,98.47,754.76,108.9,1,4,0,No
CUST201091,10,Month-to-Month,Standard,Bank Transfer,1,60.23,573.14,18.0,0,5,2,No
CUST201092,15,Two Year,Standard,Bank Transfer,1,62.89,904.92,88.1,3,4,2,No
CUST201093,20,One Year,Premium,Digital Wallet,0,83.98,1652.48,76.7,1,3,0,No
CUST201094,20,Month-to-Month,Standard,Mailed Check,0,61.94,1226.21,65.2,0,3,1,Yes
CUST201095,28,Month-to-Month,Basic,Digital Wallet,0,26.85,733.44,33.9,2,4,2,Yes
CUST201096,29,Two Year,Basic,Digital Wallet,1,27.14,761.26,34.5,1,4,1,No
CUST201097,29,Two Year,Basic,Mailed Check,0,15.87,458.1,61.1,1,3,2,No
CUST201098,19,Month-to-Month,Standard,Bank Transfer,1,62.63,1139.43,48.2,1,3,1,Yes
CUST201099,27,Month-to-Month,Standard,Digital Wallet,1,58.09,1444.69,71.6,2,4,0,No
CUST201100,25,Two Year,Premium,Bank Transfer,1,91.09,2095.58,100.8,1,4,2,No
CUST201101,10,Month-to-Month,Standard,Bank Transfer,1,55.32,542.85,62.7,0,5,1,No
CUST201102,27,Month-to-Month,Standard,Bank Transfer,1,63.59,1604.14,77.1,1,2,0,No
CUST201103,38,Month-to-Month,Premium,Credit Card,1,100.23,3690.87,92.1,3,3,0,Yes
CUST201104,35,One Year,Premium,Credit Card,1,91.67,3176.69,87.2,2,5,2,No
CUST201105,72,Month-to-Month,Basic,Mailed Check,0,23.15,1567.1,14.9,3,2,0,Yes
CUST201106,51,Month-to-Month,Premium,Credit Card,1,110.25,5603.57,92.7,0,3,2,No
CUST201107,14,Month-to-Month,Standard,Credit Card,1,46.41,636.11,33.9,2,4,1,No
CUST201108,30,Month-to-Month,Standard,Digital Wallet,1,55.91,1648.48,33.1,1,4,2,No
CUST201109,13,Month-to-Month,Standard,Bank Transfer,0,60.39,774.22,59.0,0,4,0,No
CUST201110,27,Month-to-Month,Standard,Bank Transfer,0,63.09,1587.72,64.3,0,3,4,No
CUST201111,35,Month-to-Month,Basic,Credit Card,1,19.12,624.65,26.1,0,5,1,Yes
CUST201112,37,Month-to-Month,Standard,Credit Card,1,62.74,2230.51,52.0,1,3,0,Yes
CUST201113,33,Month-to-Month,Standard,Credit Card,1,57.52,1780.81,38.1,2,1,1,Yes
CUST201114,55,One Year,Premium,Credit Card,1,95.35,5084.08,99.0,2,4,0,No
CUST201115,23,Month-to-Month,Basic,Credit Card,0,37.4,839.47,25.4,0,3,1,Yes
CUST201116,21,Month-to-Month,Premium,Bank Transfer,0,105.93,2076.44,120.0,0,3,0,No
CUST201117,63,One Year,Standard,Bank Transfer,1,60.3,3499.14,65.7,0,5,1,No
CUST201118,9,One Year,Premium,Digital Wallet,1,98.92,856.43,82.3,0,4,0,No
CUST201119,44,Month-to-Month,Premium,Digital Wallet,1,89.05,3675.43,80.2,1,2,0,No
CUST201120,69,Month-to-Month,Standard,Bank Transfer,1,50.29,3426.63,54.6,0,4,0,No
CUST201121,52,One Year,Premium,Credit Card,1,91.16,4441.24,112.8,1,3,1,No
CUST201122,28,One Year,Standard,Mailed Check,1,64.17,1690.63,38.0,3,4,0,No
CUST201123,61,Two Year,Standard,Credit Card,1,45.39,2563.64,66.8,3,5,2,No
CUST201124,38,One Year,Standard,Digital Wallet,1,56.2,2100.0,34.0,1,2,1,Yes
CUST201125,13,One Year,Standard,Credit Card,0,44.93,566.42,29.1,1,2,1,No
CUST201126,24,Month-to-Month,Premium,Bank Transfer,1,90.37,2082.57,89.1,2,4,1,Yes
CUST201127,5,Month-to-Month,Basic,Mailed Check,1,15.0,70.48,9.6,1,2,1,Yes
CUST201128,18,Month-to-Month,Premium,Credit Card,1,89.48,1565.58,72.7,1,4,0,No
CUST201129,6,One Year,Basic,Digital Wallet,1,33.33,193.16,32.9,0,5,0,No
CUST201130,11,One Year,Standard,Credit Card,0,57.86,620.98,24.8,4,4,0,No
CUST201131,43,Month-to-Month,Basic,Digital Wallet,0,29.77,1205.78,18.1,1,5,3,No
CUST201132,72,Month-to-Month,Standard,Bank Transfer,0,54.5,3880.96,61.1,1,4,0,No
CUST201133,72,Month-to-Month,Premium,Bank Transfer,1,92.57,6550.94,111.8,2,5,0,No
CUST201134,4,One Year,Premium,Bank Transfer,1,96.33,356.02,90.9,1,3,0,No
CUST201135,37,Month-to-Month,Standard,Mailed Check,0,60.39,2111.09,38.0,1,5,1,Yes
CUST201136,36,Month-to-Month,Premium,Bank Transfer,0,87.46,3101.99,102.4,5,3,1,Yes
CUST201137,23,Month-to-Month,Standard,Bank Transfer,1,59.72,1311.55,38.9,5,4,2,No
CUST201138,13,Month-to-Month,Basic,Bank Transfer,1,25.24,310.61,57.6,3,5,0,No
CUST201139,7,One Year,Basic,Bank Transfer,1,33.62,225.33,18.2,2,3,0,No
CUST201140,15,One Year,Standard,Credit Card,1,56.38,803.37,71.4,1,3,0,No
CUST201141,22,Month-to-Month,Standard,Credit Card,1,54.95,1203.09,86.5,0,5,2,No
CUST201142,24,Two Year,Basic,Digital Wallet,1,24.59,574.8,37.4,1,4,0,No
CUST201143,23,Two Year,Premium,Bank Transfer,0,88.74,1917.77,115.1,2,5,0,Yes
CUST201144,25,Month-to-Month,Standard,Bank Transfer,1,58.13,1425.72,42.5,3,5,1,No
CUST201145,12,Month-to-Month,Premium,Digital Wallet,0,88.66,1001.62,109.9,3,3,1,Yes
CUST201146,57,Month-to-Month,Standard,Mailed Check,0,58.21,3267.66,58.5,2,3,2,Yes
CUST201147,27,Month-to-Month,Standard,Credit Card,1,59.42,1516.9,73.7,1,3,0,No
CUST201148,22,One Year,Standard,Digital Wallet,1,55.58,1142.43,35.9,1,3,1,No
CUST201149,10,One Year,Premium,Digital Wallet,1,102.17,1016.7,87.5,2,3,0,No
CUST201150,15,Month-to-Month,Standard,Credit Card,1,54.29,782.53,61.9,2,3,2,Yes
CUST201151,31,Two Year,Basic,Credit Card,1,24.13,694.27,38.0,1,5,2,No
CUST201152,72,One Year,Standard,Mailed Check,1,45.42,3170.61,38.7,0,3,0,No
CUST201153,30,Month-to-Month,Standard,Credit Card,1,52.7,1457.79,40.2,4,5,0,Yes
CUST201154,17,One Year,Premium,Credit Card,1,96.21,1598.92,86.4,0,4,2,No
CUST201155,17,One Year,Basic,Credit Card,1,37.57,594.31,34.0,2,3,0,No
CUST201156,17,One Year,Standard,Credit Card,1,46.07,736.62,47.4,1,3,1,No
CUST201157,36,Two Year,Basic,Credit Card,1,29.13,984.36,23.2,0,3,3,No
CUST201158,58,Two Year,Standard,Bank Transfer,1,52.33,2912.75,86.7,1,3,0,No
CUST201159,26,Month-to-Month,Standard,Bank Transfer,1,57.97,1421.77,71.0,1,1,0,No
CUST201160,44,Month-to-Month,Basic,Digital Wallet,0,37.03,1512.44,19.2,1,4,0,No
CUST201161,32,Month-to-Month,Premium,Digital Wallet,1,91.44,2827.87,65.7,0,4,1,No
CUST201162,22,Month-to-Month,Standard,Digital Wallet,0,63.75,1395.2,95.2,3,3,3,No
CUST201163,25,Month-to-Month,Standard,Mailed Check,1,45.61,1134.27,39.0,2,2,0,Yes
CUST201164,64,Month-to-Month,Basic,Bank Transfer,0,22.31,1372.9,17.1,0,3,1,No
CUST201165,67,One Year,Basic,Digital Wallet,1,26.91,1758.2,18.7,0,3,2,No
CUST201166,14,Month-to-Month,Standard,Bank Transfer,1,48.03,625.86,50.9,2,3,1,No
CUST201167,5,Month-to-Month,Basic,Credit Card,1,20.25,95.77,33.3,2,3,1,No
CUST201168,13,One Year,Premium,Credit Card,0,89.79,1143.14,141.5,0,5,1,No
CUST201169,19,One Year,Premium,Credit Card,1,110.93,2024.55,83.2,1,3,1,No
CUST201170,22,Month-to-Month,Standard,Credit Card,0,57.31,1207.37,56.0,2,3,1,Yes
CUST201171,47,One Year,Standard,Credit Card,1,55.74,2442.53,43.6,2,3,1,No
CUST201172,64,Month-to-Month,Basic,Credit Card,0,28.33,1744.15,50.9,1,4,1,Yes
CUST201173,28,Month-to-Month,Premium,Credit Card,1,85.46,2385.23,102.9,1,3,1,Yes
CUST201174,14,Month-to-Month,Standard,Credit Card,1,57.65,745.84,70.4,0,4,0,Yes
CUST201175,48,Month-to-Month,Standard,Credit Card,0,55.43,2511.35,57.5,1,3,2,No
CUST201176,51,One Year,Standard,Digital Wallet,1,56.1,2696.68,75.6,0,3,2,No
CUST201177,64,Two Year,Basic,Credit Card,1,24.78,1525.48,15.9,3,5,2,No
CUST201178,23,One Year,Standard,Credit Card,1,54.41,1219.58,61.6,0,5,3,No
CUST201179,10,Two Year,Premium,Mailed Check,1,94.57,922.09,121.1,1,3,0,No
CUST201180,47,Month-to-Month,Premium,Bank Transfer,1,91.86,4299.98,94.4,2,5,2,No
CUST201181,14,Month-to-Month,Basic,Mailed Check,1,23.29,316.84,15.8,1,3,2,No
CUST201182,12,Two Year,Premium,Digital Wallet,0,85.92,1003.81,80.8,0,4,1,No
CUST201183,32,Two Year,Premium,Credit Card,0,92.95,2740.84,87.2,0,5,2,No
CUST201184,12,One Year,Standard,Credit Card,0,48.65,576.9,83.5,1,4,2,No
CUST201185,22,One Year,Premium,Digital Wallet,1,92.16,1906.72,101.0,2,2,1,No
CUST201186,10,Month-to-Month,Standard,Credit Card,0,44.87,437.51,34.8,4,2,0,Yes
CUST201187,42,Month-to-Month,Standard,Credit Card,0,57.95,2321.03,44.3,1,3,1,Yes
CUST201188,58,Month-to-Month,Standard,Digital Wallet,0,58.44,3160.5,56.4,3,1,2,Yes
CUST201189,6,Two Year,Premium,Credit Card,1,90.02,500.23,107.4,0,2,3,No
CUST201190,42,Month-to-Month,Standard,Credit Card,1,44.96,1777.37,53.3,3,3,1,Yes
CUST201191,26,Two Year,Basic,Digital Wallet,0,30.92,760.66,6.5,1,4,1,No
CUST201192,47,Month-to-Month,Standard,Credit Card,1,58.17,2720.58,41.7,1,3,1,No
CUST201193,49,One Year,Premium,Digital Wallet,1,97.76,4722.24,91.0,0,5,2,No
CUST201194,26,Month-to-Month,Standard,Bank Transfer,1,58.99,1445.4,34.8,3,3,0,Yes
CUST201195,19,Month-to-Month,Basic,Credit Card,0,26.33,467.93,42.8,1,4,1,Yes
CUST201196,15,One Year,Premium,Mailed Check,1,92.7,1288.02,124.1,1,3,0,Yes
CUST201197,61,One Year,Premium,Credit Card,0,102.35,6240.82,106.2,3,1,2,No
CUST201198,36,One Year,Premium,Digital Wallet,1,85.77,2845.59,95.8,2,3,2,No
CUST201199,28,One Year,Basic,Digital Wallet,1,36.36,987.38,5.8,2,3,0,No
CUST201200,63,One Year,Basic,Bank Transfer,1,24.93,1559.63,38.8,4,3,3,No
CUST201201,41,One Year,Premium,Digital Wallet,1,94.61,3580.09,86.6,2,3,1,No
CUST201202,40,Month-to-Month,Standard,Credit Card,1,46.79,1813.89,35.6,3,3,3,No
CUST201203,17,Two Year,Basic,Credit Card,1,24.81,390.85,47.2,0,4,1,Yes
CUST201204,18,Month-to-Month,Premium,Mailed Check,0,91.04,1532.37,105.2,3,5,2,No
CUST201205,25,Month-to-Month,Standard,Credit Card,1,55.23,1314.83,67.9,0,3,1,No
CUST201206,18,Two Year,Basic,Bank Transfer,0,34.08,613.0,19.3,3,4,1,No
CUST201207,36,Month-to-Month,Basic,Digital Wallet,1,32.14,1122.75,19.1,1,3,0,No
CUST201208,36,Month-to-Month,Standard,Credit Card,0,54.63,1864.78,80.8,2,3,1,Yes
CUST201209,72,One Year,Standard,Credit Card,1,53.43,3625.8,41.9,3,3,0,No
CUST201210,18,One Year,Basic,Credit Card,1,20.7,364.62,2.0,1,2,1,No
CUST201211,28,Month-to-Month,Basic,Digital Wallet,1,33.08,924.35,56.2,2,5,0,No
CUST201212,30,Month-to-Month,Premium,Bank Transfer,1,87.48,2503.38,115.8,2,4,0,No
CUST201213,53,One Year,Standard,Bank Transfer,1,54.43,2654.26,70.0,5,4,1,No
CUST201214,17,One Year,Basic,Digital Wallet,1,15.0,234.87,18.0,3,3,0,No
CUST201215,30,One Year,Premium,Digital Wallet,1,84.63,2432.36,91.5,0,3,0,No
CUST201216,60,Month-to-Month,Basic,Credit Card,1,27.53,1553.64,20.3,0,5,1,No
CUST201217,29,Two Year,Premium,Mailed Check,0,92.71,2509.97,94.7,0,3,0,Yes
CUST201218,50,One Year,Basic,Digital Wallet,0,24.93,1215.81,24.0,1,5,1,No
CUST201219,52,Two Year,Standard,Digital Wallet,0,54.57,2747.54,64.0,2,4,1,No
CUST201220,15,One Year,Premium,Bank Transfer,1,103.99,1446.15,88.4,1,4,2,No
CUST201221,24,One Year,Premium,Mailed Check,1,87.08,2062.41,94.9,0,5,0,No
CUST201222,72,One Year,Standard,Bank Transfer,1,71.69,4856.9,52.2,0,3,3,No
CUST201223,54,Two Year,Standard,Bank Transfer,1,52.17,2671.92,64.4,1,3,0,No
CUST201224,18,Month-to-Month,Standard,Bank Transfer,1,58.56,1015.03,47.2,2,4,0,Yes
CUST201225,34,One Year,Standard,Credit Card,1,57.94,1885.44,40.0,2,2,0,No
CUST201226,20,One Year,Premium,Bank Transfer,1,108.4,2001.07,103.3,2,3,0,No
CUST201227,10,One Year,Basic,Mailed Check,1,21.83,201.87,30.8,2,1,0,Yes
CUST201228,26,Month-to-Month,Basic,Digital Wallet,1,24.88,619.4,27.5,2,3,0,No
CUST201229,66,Month-to-Month,Basic,Credit Card,1,20.63,1258.11,39.9,1,4,2,No
CUST201230,26,Two Year,Standard,Digital Wallet,1,59.14,1420.14,33.8,1,3,1,No
CUST201231,18,One Year,Basic,Credit Card,1,28.74,513.1,31.5,1,3,0,No
CUST201232,30,Month-to-Month,Standard,Credit Card,0,45.77,1358.89,54.2,2,4,1,Yes
CUST201233,17,Month-to-Month,Premium,Bank Transfer,0,81.29,1313.45,71.5,2,4,0,Yes
CUST201234,52,One Year,Standard,Digital Wallet,1,51.4,2578.0,58.5,4,4,1,No
CUST201235,36,Two Year,Standard,Credit Card,1,58.36,1980.14,62.6,0,4,1,No
CUST201236,23,Month-to-Month,Standard,Bank Transfer,1,48.56,1110.07,52.3,0,4,0,Yes
CUST201237,56,Month-to-Month,Basic,Bank Transfer,0,15.43,819.74,31.9,2,3,2,No
CUST201238,23,Month-to-Month,Basic,Mailed Check,0,22.85,518.47,26.5,0,3,1,Yes
CUST201239,22,Month-to-Month,Premium,Credit Card,1,90.48,1847.31,80.6,2,2,0,No
CUST201240,4,Month-to-Month,Basic,Mailed Check,0,29.56,110.2,34.8,0,4,0,Yes
CUST201241,70,Month-to-Month,Basic,Credit Card,1,25.31,1673.87,65.0,1,4,1,No
CUST201242,8,One Year,Basic,Digital Wallet,1,23.94,176.45,2.0,0,3,0,No
CUST201243,10,One Year,Standard,Digital Wallet,1,50.06,488.22,31.7,3,3,1,No
CUST201244,15,Month-to-Month,Basic,Digital Wallet,1,20.26,285.55,25.2,1,4,1,Yes
CUST201245,14,Two Year,Basic,Bank Transfer,1,26.7,357.0,9.5,0,4,2,No
CUST201246,43,Month-to-Month,Basic,Credit Card,0,28.88,1238.99,43.8,3,5,0,No
CUST201247,15,Month-to-Month,Standard,Bank Transfer,0,61.27,905.52,45.5,2,4,2,No
CUST201248,5,One Year,Standard,Bank Transfer,1,57.01,268.04,79.7,2,3,0,No
CUST201249,26,Month-to-Month,Basic,Bank Transfer,0,30.65,751.85,28.8,3,3,0,Yes
CUST201250,72,Month-to-Month,Premium,Credit Card,1,83.66,5751.38,102.5,3,3,2,No
CUST201251,11,Two Year,Premium,Bank Transfer,0,96.3,1027.28,89.0,0,3,2,No
CUST201252,71,One Year,Standard,Digital Wallet,0,52.99,3622.44,51.0,1,5,0,No
CUST201253,72,One Year,Standard,Digital Wallet,0,50.53,3561.73,67.2,1,4,0,Yes
CUST201254,42,Month-to-Month,Basic,Bank Transfer,0,34.4,1427.78,2.0,2,2,2,No
CUST201255,17,One Year,Standard,Bank Transfer,1,56.26,916.15,62.8,3,3,0,No
CUST201256,26,Month-to-Month,Premium,Digital Wallet,1,90.39,2265.74,88.5,1,3,2,Yes
CUST201257,54,Month-to-Month,Standard,Mailed Check,1,62.53,3129.04,23.7,2,4,0,No
CUST201258,25,One Year,Premium,Credit Card,0,93.55,2307.78,112.8,2,1,2,No
CUST201259,34,One Year,Standard,Bank Transfer,0,48.95,1571.1,65.2,2,3,2,No
CUST201260,23,Month-to-Month,Basic,Bank Transfer,1,27.94,625.36,4.6,1,3,3,Yes
CUST201261,50,Month-to-Month,Basic,Bank Transfer,0,27.52,1273.09,24.8,2,2,0,Yes
CUST201262,49,Month-to-Month,Standard,Credit Card,0,49.06,2256.35,69.5,2,2,0,No
CUST201263,22,Two Year,Basic,Digital Wallet,0,32.27,703.44,12.0,2,3,0,No
CUST201264,61,Two Year,Premium,Bank Transfer,1,105.54,6227.84,84.6,2,2,4,No
CUST201265,20,Two Year,Premium,Bank Transfer,0,101.11,1916.46,85.8,2,4,0,No
CUST201266,41,Month-to-Month,Premium,Credit Card,1,90.98,3643.65,90.4,1,4,2,Yes
CUST201267,72,Month-to-Month,Standard,Digital Wallet,1,63.19,4438.5,48.8,2,2,1,Yes
CUST201268,47,Month-to-Month,Premium,Bank Transfer,0,102.63,4624.7,86.5,3,2,2,Yes
CUST201269,19,Two Year,Standard,Digital Wallet,1,55.99,995.61,54.3,0,4,0,No
CUST201270,6,Month-to-Month,Premium,Bank Transfer,1,102.07,566.17,86.0,2,3,2,No
CUST201271,18,Month-to-Month,Premium,Credit Card,0,90.68,1540.43,106.2,1,4,1,No
CUST201272,52,Month-to-Month,Standard,Digital Wallet,0,53.89,2723.59,60.7,2,3,3,No
CUST201273,4,One Year,Standard,Bank Transfer,1,55.45,218.39,97.0,1,3,1,No
CUST201274,60,Month-to-Month,Standard,Credit Card,1,53.67,3183.96,39.4,0,3,1,No
CUST201275,51,Two Year,Standard,Bank Transfer,0,50.22,2381.31,30.3,1,3,2,No
CUST201276,22,Month-to-Month,Premium,Credit Card,0,83.47,1828.76,94.1,1,4,1,Yes
CUST201277,25,Month-to-Month,Basic,Mailed Check,1,31.3,770.12,51.7,1,5,2,No
CUST201278,31,Two Year,Basic,Bank Transfer,0,15.07,438.51,35.0,2,3,2,No
CUST201279,4,Month-to-Month,Standard,Credit Card,1,55.12,218.33,42.4,2,3,0,No
CUST201280,14,One Year,Basic,Digital Wallet,1,31.36,410.12,53.5,2,4,1,Yes
CUST201281,40,One Year,Standard,Digital Wallet,1,51.94,2073.43,56.5,0,4,0,No
CUST201282,24,Month-to-Month,Basic,Credit Card,1,30.06,713.32,28.7,3,3,1,No
CUST201283,14,Month-to-Month,Standard,Bank Transfer,1,67.81,948.46,54.0,1,5,0,No
CUST201284,29,One Year,Standard,Credit Card,1,59.69,1605.88,56.1,1,5,0,No
CUST201285,28,Month-to-Month,Standard,Digital Wallet,0,62.81,1636.93,54.9,1,3,1,No
CUST201286,14,Two Year,Basic,Bank Transfer,1,30.9,401.39,16.9,0,3,2,No
CUST201287,9,Month-to-Month,Premium,Digital Wallet,0,101.74,901.99,78.5,2,3,0,Yes
CUST201288,70,Month-to-Month,Premium,Credit Card,0,94.38,6215.45,55.4,0,4,4,No
CUST201289,37,One Year,Basic,Credit Card,1,30.41,1095.74,52.3,1,3,1,No
CUST201290,7,Month-to-Month,Basic,Bank Transfer,1,24.02,167.2,31.9,0,3,0,Yes
CUST201291,35,Two Year,Premium,Digital Wallet,0,84.37,2856.46,103.7,3,4,0,No
CUST201292,10,Month-to-Month,Standard,Credit Card,1,66.01,618.68,63.2,2,3,1,No
CUST201293,24,Month-to-Month,Premium,Mailed Check,1,98.44,2199.11,88.6,0,4,4,Yes
CUST201294,33,Month-to-Month,Standard,Credit Card,1,56.84,1791.65,66.6,0,5,1,Yes
CUST201295,18,Month-to-Month,Standard,Credit Card,0,53.47,929.34,45.9,1,3,0,Yes
CUST201296,5,Two Year,Standard,Bank Transfer,1,57.0,284.65,42.3,1,4,1,No
CUST201297,6,Month-to-Month,Standard,Bank Transfer,0,38.15,213.3,61.1,2,5,2,No
CUST201298,72,Month-to-Month,Standard,Bank Transfer,1,48.59,3495.98,52.5,3,1,2,No
CUST201299,33,One Year,Premium,Credit Card,1,99.71,3075.91,98.2,1,3,0,No
CUST201300,66,One Year,Basic,Digital Wallet,0,20.8,1279.38,31.4,1,2,1,No
CUST201301,18,One Year,Premium,Digital Wallet,1,91.33,1611.17,102.2,1,4,1,Yes
CUST201302,40,Month-to-Month,Basic,Digital Wallet,0,23.35,908.5,47.6,2,4,3,No
CUST201303,21,Month-to-Month,Basic,Mailed Check,1,17.06,333.2,24.5,4,5,1,No
CUST201304,32,Two Year,Standard,Bank Transfer,0,47.1,1500.9,64.5,1,4,1,No
CUST201305,25,Two Year,Basic,Bank Transfer,0,29.37,713.93,38.9,1,2,0,No
CUST201306,26,Month-to-Month,Premium,Credit Card,0,104.43,2516.07,127.7,0,5,0,No
CUST201307,17,Two Year,Standard,Digital Wallet,0,55.99,909.81,40.3,3,1,1,No
CUST201308,13,Month-to-Month,Premium,Credit Card,1,94.92,1155.88,100.9,1,3,2,No
CUST201309,49,Two Year,Standard,Mailed Check,1,51.2,2505.52,37.8,2,4,1,No
CUST201310,25,Two Year,Standard,Mailed Check,0,54.56,1282.15,67.7,2,4,0,No
CUST201311,72,One Year,Standard,Bank Transfer,0,66.92,4688.0,45.9,0,3,1,Yes
CUST201312,33,One Year,Premium,Bank Transfer,1,94.55,3006.08,114.8,2,2,0,No
CUST201313,8,Month-to-Month,Basic,Bank Transfer,1,29.81,225.29,12.0,3,2,1,No
CUST201314,27,Two Year,Premium,Digital Wallet,1,91.19,2318.93,87.0,1,4,1,Yes
CUST201315,17,One Year,Standard,Mailed Check,1,62.57,985.92,85.3,4,2,2,No
CUST201316,16,One Year,Premium,Credit Card,0,95.96,1455.2,100.8,0,2,1,Yes
CUST201317,43,One Year,Standard,Digital Wallet,0,56.89,2333.61,62.8,5,3,0,No
CUST201318,72,Month-to-Month,Standard,Digital Wallet,0,55.37,3672.89,83.0,2,2,0,Yes
CUST201319,41,Two Year,Basic,Bank Transfer,0,19.26,748.94,39.6,1,2,2,No
CUST201320,15,Month-to-Month,Standard,Bank Transfer,0,48.12,691.44,70.9,1,3,0,Yes
CUST201321,25,One Year,Standard,Credit Card,0,59.2,1392.96,74.3,4,4,1,No
CUST201322,29,Month-to-Month,Premium,Credit Card,0,99.91,2684.83,97.9,1,4,0,No
CUST201323,69,One Year,Standard,Bank Transfer,1,57.04,3922.49,70.6,1,2,5,No
CUST201324,20,Month-to-Month,Basic,Bank Transfer,1,19.92,389.72,2.0,4,4,1,No
CUST201325,51,One Year,Premium,Digital Wallet,0,97.24,4668.78,99.1,0,3,0,No
CUST201326,34,Month-to-Month,Standard,Digital Wallet,0,62.88,2101.32,39.2,3,2,2,Yes
CUST201327,34,Month-to-Month,Basic,Bank Transfer,0,29.15,965.69,6.8,0,3,2,No
CUST201328,16,Month-to-Month,Standard,Credit Card,1,47.08,752.16,57.5,1,3,3,No
CUST201329,49,Month-to-Month,Standard,Credit Card,0,54.87,2500.06,35.1,3,2,0,Yes
CUST201330,15,Two Year,Basic,Bank Transfer,1,24.09,332.95,12.7,1,3,2,No
CUST201331,36,Month-to-Month,Standard,Credit Card,1,57.98,2032.17,54.1,0,4,0,No
CUST201332,10,One Year,Premium,Digital Wallet,0,98.1,938.25,81.8,2,4,0,Yes
CUST201333,19,Month-to-Month,Standard,Credit Card,1,48.89,863.72,36.8,2,3,1,Yes
CUST201334,56,Month-to-Month,Standard,Digital Wallet,0,51.9,2674.35,25.6,1,4,2,No
CUST201335,22,Month-to-Month,Premium,Credit Card,0,87.52,1872.27,100.0,1,4,0,Yes
CUST201336,50,Month-to-Month,Basic,Digital Wallet,1,20.73,992.45,31.1,1,3,2,Yes
CUST201337,18,Month-to-Month,Basic,Digital Wallet,1,28.55,500.88,22.6,4,3,2,No
CUST201338,54,Month-to-Month,Standard,Bank Transfer,0,51.55,2616.32,71.2,2,3,0,No
CUST201339,26,Month-to-Month,Basic,Mailed Check,1,24.62,636.74,30.4,2,5,2,No
CUST201340,21,One Year,Standard,Bank Transfer,1,50.88,1029.56,62.8,2,3,1,No
CUST201341,35,Month-to-Month,Standard,Bank Transfer,0,54.12,1788.85,63.6,0,4,0,No
CUST201342,17,Two Year,Premium,Credit Card,1,85.85,1430.46,110.0,1,3,1,Yes
CUST201343,46,Month-to-Month,Basic,Bank Transfer,1,27.53,1190.46,39.2,0,4,0,No
CUST201344,40,Two Year,Basic,Bank Transfer,1,23.2,859.11,21.0,2,3,0,No
CUST201345,38,Month-to-Month,Basic,Mailed Check,0,28.31,1055.05,31.5,0,4,4,No
CUST201346,8,Two Year,Basic,Bank Transfer,1,25.25,186.42,23.7,1,2,2,No
CUST201347,43,Month-to-Month,Standard,Credit Card,1,49.52,2057.72,73.2,0,4,0,No
CUST201348,28,Month-to-Month,Premium,Credit Card,1,101.66,2800.96,95.8,1,2,1,No
CUST201349,20,Month-to-Month,Basic,Digital Wallet,1,32.22,613.93,20.7,2,4,1,No
CUST201350,72,One Year,Basic,Digital Wallet,1,27.29,1880.47,36.4,3,4,1,No
CUST201351,18,Month-to-Month,Premium,Bank Transfer,1,96.98,1725.05,117.2,2,4,1,No
CUST201352,25,Month-to-Month,Basic,Mailed Check,1,27.06,673.6,49.8,1,2,1,No
CUST201353,35,One Year,Standard,Digital Wallet,1,52.32,1758.84,88.5,2,2,0,Yes
CUST201354,22,Month-to-Month,Premium,Digital Wallet,1,92.16,1977.21,58.7,0,5,1,Yes
CUST201355,29,Month-to-Month,Premium,Digital Wallet,0,99.99,2885.46,90.9,1,3,3,No
CUST201356,72,Month-to-Month,Standard,Bank Transfer,0,53.09,3674.48,44.6,1,4,0,No
CUST201357,5,Month-to-Month,Standard,Credit Card,0,54.33,253.66,63.7,2,3,3,Yes
CUST201358,72,Two Year,Standard,Bank Transfer,1,48.69,3395.49,50.7,1,4,3,No
CUST201359,23,Month-to-Month,Premium,Digital Wallet,0,110.36,2427.7,124.3,3,5,2,No
CUST201360,38,Month-to-Month,Standard,Digital Wallet,0,59.78,2262.36,58.0,3,3,4,No
CUST201361,36,One Year,Standard,Bank Transfer,1,52.54,1821.74,40.5,2,4,1,No
CUST201362,43,Two Year,Basic,Bank Transfer,0,37.9,1617.1,12.1,1,5,0,No
CUST201363,66,Month-to-Month,Basic,Credit Card,1,21.65,1422.57,30.1,1,4,1,No
CUST201364,44,Month-to-Month,Standard,Bank Transfer,1,59.31,2424.74,33.9,2,4,2,No
CUST201365,72,Two Year,Standard,Mailed Check,1,45.79,3165.33,32.4,0,3,1,No
CUST201366,43,Month-to-Month,Standard,Bank Transfer,1,57.4,2401.69,54.4,1,3,2,No
CUST201367,42,Month-to-Month,Premium,Digital Wallet,1,102.31,4153.89,102.3,0,4,1,No
CUST201368,32,Month-to-Month,Basic,Mailed Check,1,15.0,472.48,20.9,1,5,2,No
CUST201369,15,Two Year,Standard,Credit Card,1,53.68,790.14,73.8,4,2,0,Yes
CUST201370,12,Month-to-Month,Standard,Credit Card,1,42.75,484.62,73.2,1,3,1,Yes
CUST201371,72,One Year,Standard,Digital Wallet,1,54.26,3897.65,37.6,3,3,1,No
CUST201372,62,Month-to-Month,Standard,Credit Card,0,47.68,2789.59,72.4,0,2,1,No
CUST201373,11,Month-to-Month,Standard,Credit Card,0,54.31,566.41,90.5,3,2,1,Yes
CUST201374,56,Month-to-Month,Standard,Digital Wallet,1,52.33,2758.27,44.5,1,4,1,No
CUST201375,36,Two Year,Premium,Digital Wallet,0,99.29,3382.4,59.3,4,1,1,Yes
CUST201376,28,Month-to-Month,Basic,Credit Card,1,15.07,390.07,22.2,0,3,1,No
CUST201377,43,Month-to-Month,Premium,Credit Card,0,98.5,3957.54,103.9,1,3,1,Yes
CUST201378,12,Month-to-Month,Standard,Mailed Check,0,50.15,582.88,69.7,3,2,3,No
CUST201379,28,One Year,Premium,Bank Transfer,1,99.42,2649.82,87.2,2,5,0,No
CUST201380,11,Month-to-Month,Basic,Bank Transfer,1,20.01,202.5,56.0,2,4,0,No
CUST201381,25,Month-to-Month,Standard,Digital Wallet,1,61.52,1462.44,63.7,2,4,1,Yes
CUST201382,24,Month-to-Month,Standard,Digital Wallet,1,60.12,1377.89,59.1,0,3,0,Yes
CUST201383,39,Month-to-Month,Standard,Bank Transfer,0,62.51,2270.11,62.4,0,3,1,No
CUST201384,23,Month-to-Month,Premium,Bank Transfer,0,91.75,1962.93,97.5,2,3,1,No
CUST201385,33,Month-to-Month,Basic,Digital Wallet,1,30.34,937.92,26.2,2,5,0,No
CUST201386,19,Month-to-Month,Standard,Bank Transfer,0,46.16,807.05,44.0,2,4,2,No
CUST201387,18,Month-to-Month,Standard,Bank Transfer,0,56.09,953.53,64.2,2,2,2,No
CUST201388,72,Month-to-Month,Basic,Credit Card,0,29.08,1993.0,5.4,3,3,2,Yes
CUST201389,38,Month-to-Month,Standard,Mailed Check,1,57.27,2086.25,60.1,2,5,0,No
CUST201390,71,Two Year,Standard,Credit Card,1,61.66,4272.64,49.6,0,5,0,No
CUST201391,23,Month-to-Month,Standard,Digital Wallet,1,48.92,1117.64,57.3,1,3,2,No
CUST201392,12,One Year,Standard,Bank Transfer,1,58.59,685.27,31.9,1,4,1,No
CUST201393,4,Two Year,Basic,Digital Wallet,0,22.07,85.16,38.1,2,4,2,No
CUST201394,13,One Year,Standard,Credit Card,0,45.21,574.01,46.2,0,4,2,No
CUST201395,72,One Year,Basic,Mailed Check,1,24.95,1749.58,33.7,4,5,0,No
CUST201396,30,One Year,Premium,Bank Transfer,1,86.65,2401.96,100.6,2,3,1,No
CUST201397,14,One Year,Standard,Digital Wallet,1,54.4,710.79,18.0,2,5,0,No
CUST201398,13,Month-to-Month,Premium,Credit Card,0,85.23,1088.08,59.6,4,4,1,Yes
CUST201399,30,Month-to-Month,Basic,Credit Card,1,18.11,543.08,50.7,1,3,1,No
CUST201400,72,Month-to-Month,Basic,Mailed Check,1,25.69,1794.9,39.9,0,4,1,No
CUST201401,33,Month-to-Month,Basic,Credit Card,0,27.35,838.44,45.0,1,4,2,No
CUST201402,9,One Year,Standard,Bank Transfer,1,46.61,388.72,70.4,1,3,2,No
CUST201403,52,One Year,Basic,Credit Card,1,25.51,1283.17,40.4,2,2,1,No
CUST201404,16,Month-to-Month,Standard,Credit Card,1,46.54,709.86,52.4,1,3,1,No
CUST201405,18,Two Year,Standard,Bank Transfer,0,56.61,964.26,75.8,1,4,1,Yes
CUST201406,10,Month-to-Month,Standard,Digital Wallet,1,55.14,524.14,90.1,1,3,3,Yes
CUST201407,26,Month-to-Month,Premium,Bank Transfer,1,95.81,2387.9,106.7,1,3,3,No
CUST201408,12,Month-to-Month,Premium,Mailed Check,1,89.43,1066.51,78.8,3,4,1,Yes
CUST201409,11,Two Year,Standard,Digital Wallet,1,57.12,592.04,40.3,0,4,2,No
CUST201410,34,Month-to-Month,Standard,Mailed Check,1,54.43,1811.66,21.9,1,4,1,Yes
CUST201411,35,Month-to-Month,Standard,Credit Card,0,47.5,1585.53,63.5,0,4,1,Yes
CUST201412,22,Month-to-Month,Standard,Digital Wallet,1,54.42,1108.49,51.2,0,5,1,No
CUST201413,33,Month-to-Month,Standard,Digital Wallet,0,52.04,1682.27,51.2,2,4,0,No
CUST201414,29,Month-to-Month,Standard,Mailed Check,0,60.84,1691.16,52.0,2,4,2,No
CUST201415,43,Two Year,Premium,Credit Card,1,88.84,3802.11,79.8,1,3,4,No
CUST201416,72,Month-to-Month,Basic,Credit Card,0,25.97,1841.35,29.0,2,2,2,No
CUST201417,14,One Year,Basic,Credit Card,0,29.93,417.88,33.7,0,4,1,No
CUST201418,30,Month-to-Month,Premium,Credit Card,1,93.64,2660.1,95.8,0,4,0,Yes
CUST201419,32,One Year,Standard,Credit Card,1,50.55,1569.56,51.1,3,1,0,Yes
CUST201420,9,One Year,Standard,Bank Transfer,0,48.75,414.76,74.1,1,4,0,No
CUST201421,43,One Year,Standard,Bank Transfer,1,45.28,1878.42,38.0,1,5,0,No
CUST201422,9,Two Year,Standard,Credit Card,1,58.58,492.25,42.7,1,3,2,No
CUST201423,44,One Year,Basic,Digital Wallet,0,38.12,1598.5,40.7,3,3,2,Yes
CUST201424,5,Month-to-Month,Premium,Credit Card,1,96.76,468.05,91.7,3,3,0,Yes
CUST201425,11,Month-to-Month,Premium,Mailed Check,0,93.38,1006.69,98.4,2,4,1,No
CUST201426,12,One Year,Basic,Credit Card,0,25.59,302.22,2.0,4,3,2,Yes
CUST201427,39,One Year,Basic,Credit Card,0,15.75,583.94,18.7,2,4,0,Yes
CUST201428,11,Two Year,Premium,Credit Card,0,89.48,966.82,96.1,1,4,1,No
CUST201429,38,Month-to-Month,Basic,Credit Card,1,28.84,1038.14,14.6,1,4,0,No
CUST201430,72,Month-to-Month,Standard,Credit Card,1,55.23,3783.08,52.2,3,3,1,Yes
CUST201431,7,One Year,Basic,Digital Wallet,1,28.95,199.24,38.4,4,3,1,No
CUST201432,31,Month-to-Month,Basic,Bank Transfer,1,18.52,566.35,2.0,3,4,1,No
CUST201433,23,One Year,Basic,Credit Card,0,32.65,726.75,46.8,2,3,2,No
CUST201434,34,Month-to-Month,Standard,Credit Card,0,52.04,1737.07,66.4,2,1,4,Yes
CUST201435,16,Month-to-Month,Basic,Credit Card,1,25.84,410.3,22.2,2,4,0,No
CUST201436,59,One Year,Premium,Credit Card,0,91.02,5368.06,91.9,1,3,0,Yes
CUST201437,30,Month-to-Month,Premium,Digital Wallet,1,100.75,2791.31,86.5,3,3,1,No
CUST201438,18,Month-to-Month,Premium,Credit Card,0,95.34,1620.16,79.1,3,2,2,Yes
CUST201439,25,Month-to-Month,Standard,Bank Transfer,1,53.32,1237.84,54.3,1,4,0,No
CUST201440,14,Two Year,Premium,Credit Card,0,88.78,1235.09,81.9,2,4,0,No
CUST201441,21,One Year,Standard,Bank Transfer,0,49.43,978.02,60.6,2,3,2,Yes
CUST201442,25,One Year,Basic,Digital Wallet,0,22.96,531.78,6.9,2,4,1,No
CUST201443,2,Month-to-Month,Standard,Credit Card,0,67.23,133.02,66.7,1,4,2,Yes
CUST201444,40,Two Year,Basic,Credit Card,1,18.46,693.78,31.2,0,3,0,No
CUST201445,28,Month-to-Month,Standard,Bank Transfer,0,61.38,1664.26,37.4,1,4,1,Yes
CUST201446,36,One Year,Basic,Mailed Check,0,15.87,557.94,20.3,1,4,1,No
CUST201447,36,Month-to-Month,Basic,Digital Wallet,1,38.69,1353.08,2.0,3,4,1,No
CUST201448,10,One Year,Standard,Bank Transfer,1,49.24,462.12,71.3,2,2,1,Yes
CUST201449,13,Month-to-Month,Basic,Bank Transfer,0,29.73,369.81,17.2,2,2,0,Yes
CUST201450,62,Month-to-Month,Premium,Credit Card,0,90.02,5322.63,102.6,0,3,1,No
CUST201451,15,Two Year,Standard,Bank Transfer,1,52.19,723.53,28.3,0,4,0,No
CUST201452,55,Month-to-Month,Basic,Digital Wallet,1,23.8,1290.3,31.4,0,2,3,No
CUST201453,72,Two Year,Standard,Digital Wallet,1,49.0,3384.4,64.1,4,2,3,No
CUST201454,22,One Year,Premium,Bank Transfer,0,87.82,1867.41,121.3,0,4,0,No
CUST201455,43,One Year,Premium,Digital Wallet,1,89.97,3753.64,84.4,2,3,1,No
CUST201456,28,One Year,Basic,Digital Wallet,0,26.54,742.92,26.3,1,3,2,No
CUST201457,39,Two Year,Standard,Bank Transfer,1,48.27,1870.97,36.4,2,2,0,No
CUST201458,11,Month-to-Month,Standard,Mailed Check,1,60.41,626.31,39.9,0,3,2,Yes
CUST201459,31,Two Year,Standard,Bank Transfer,1,53.54,1624.01,54.0,1,2,1,No
CUST201460,26,Month-to-Month,Standard,Bank Transfer,1,42.03,1089.52,63.6,5,2,3,Yes
CUST201461,14,Month-to-Month,Premium,Digital Wallet,0,104.53,1437.72,84.3,2,2,2,No
CUST201462,15,Two Year,Standard,Bank Transfer,1,56.5,781.12,87.3,0,3,0,No
CUST201463,37,Month-to-Month,Basic,Digital Wallet,1,24.57,859.08,37.2,4,5,0,No
CUST201464,27,Month-to-Month,Basic,Digital Wallet,1,15.0,376.6,7.5,2,4,2,No
CUST201465,40,Two Year,Premium,Bank Transfer,0,88.07,3350.75,89.5,1,4,3,No
CUST201466,22,Month-to-Month,Basic,Digital Wallet,1,15.0,312.94,36.5,1,4,0,No
CUST201467,20,One Year,Standard,Digital Wallet,0,47.22,890.46,51.0,3,2,0,No
CUST201468,15,One Year,Standard,Bank Transfer,0,54.57,770.92,80.7,1,4,1,Yes
CUST201469,48,One Year,Premium,Credit Card,0,97.04,4377.13,119.9,2,4,2,No
CUST201470,20,Month-to-Month,Basic,Digital Wallet,1,32.88,648.69,43.3,1,5,1,No
CUST201471,16,One Year,Standard,Credit Card,1,53.94,849.29,59.2,1,3,2,No
CUST201472,43,Two Year,Standard,Bank Transfer,1,53.43,2212.04,60.0,0,4,2,No
CUST201473,5,Month-to-Month,Standard,Credit Card,0,53.25,252.07,69.8,1,5,2,No
CUST201474,18,Two Year,Basic,Digital Wallet,1,28.79,505.86,43.3,2,4,2,No
CUST201475,17,Two Year,Premium,Mailed Check,1,102.44,1638.14,84.0,3,4,0,Yes
CUST201476,72,Month-to-Month,Standard,Mailed Check,1,47.22,3257.63,46.7,2,3,1,No
CUST201477,17,Two Year,Standard,Bank Transfer,1,46.68,750.61,37.3,0,4,2,No
CUST201478,11,Two Year,Standard,Digital Wallet,0,45.52,497.81,50.8,0,5,0,No
CUST201479,15,Month-to-Month,Standard,Digital Wallet,1,54.7,811.22,46.2,2,3,1,Yes
CUST201480,5,One Year,Premium,Credit Card,1,103.95,491.82,95.2,2,4,0,No
CUST201481,10,Two Year,Basic,Credit Card,1,26.5,255.74,37.9,0,4,2,No
CUST201482,15,Two Year,Standard,Bank Transfer,1,58.83,851.86,47.3,1,4,0,No
CUST201483,11,Month-to-Month,Standard,Credit Card,0,50.78,513.95,61.4,3,1,2,Yes
CUST201484,40,Month-to-Month,Standard,Digital Wallet,1,56.62,2114.22,56.6,2,2,0,Yes
CUST201485,37,One Year,Standard,Mailed Check,0,51.58,1797.19,70.9,1,4,1,No
CUST201486,23,Month-to-Month,Premium,Bank Transfer,1,96.48,2145.24,87.3,2,3,0,Yes
CUST201487,35,Month-to-Month,Standard,Bank Transfer,1,52.68,1801.29,34.3,1,4,0,No
CUST201488,19,Month-to-Month,Premium,Credit Card,0,95.56,1680.46,90.7,2,4,0,No
CUST201489,47,Month-to-Month,Standard,Credit Card,0,62.51,2778.38,21.7,0,3,2,No
CUST201490,7,Month-to-Month,Premium,Digital Wallet,1,88.42,573.24,90.8,1,3,3,No
CUST201491,10,Month-to-Month,Basic,Bank Transfer,1,26.68,258.76,11.3,3,3,2,Yes
CUST201492,12,One Year,Basic,Credit Card,0,23.49,280.96,30.1,3,4,0,No
CUST201493,38,Two Year,Standard,Bank Transfer,1,46.98,1726.82,68.3,3,2,1,No
CUST201494,38,Month-to-Month,Standard,Bank Transfer,0,60.32,2169.24,58.2,1,4,1,Yes
CUST201495,18,Month-to-Month,Standard,Bank Transfer,1,62.1,1030.36,55.7,1,4,1,No
CUST201496,36,Two Year,Premium,Bank Transfer,1,97.3,3448.06,83.5,0,4,2,No
CUST201497,32,Two Year,Standard,Bank Transfer,1,54.71,1641.43,70.2,2,5,0,No
CUST201498,18,Month-to-Month,Standard,Mailed Check,1,55.91,927.15,57.1,1,4,1,Yes
CUST201499,39,One Year,Standard,Digital Wallet,0,59.0,2140.41,54.1,0,2,0,No
CUST201500,10,Month-to-Month,Premium,Bank Transfer,1,104.17,1027.13,97.7,1,4,0,Yes
CUST201501,7,Two Year,Basic,Credit Card,1,22.36,147.1,22.3,0,3,5,No
CUST201502,49,Month-to-Month,Premium,Digital Wallet,1,99.94,4515.29,74.8,0,2,0,Yes
CUST201503,35,One Year,Premium,Digital Wallet,0,96.36,3116.06,93.5,2,3,1,No
CUST201504,49,Month-to-Month,Premium,Credit Card,1,89.73,4186.63,108.6,2,3,1,No
CUST201505,18,Month-to-Month,Standard,Digital Wallet,1,57.13,972.78,63.4,1,5,1,No
CUST201506,37,Month-to-Month,Premium,Bank Transfer,1,93.02,3222.0,67.6,2,3,0,Yes
CUST201507,32,Month-to-Month,Premium,Credit Card,1,98.24,3008.72,90.4,1,2,0,No
CUST201508,27,Month-to-Month,Standard,Digital Wallet,0,52.79,1407.2,45.7,0,3,0,Yes
CUST201509,20,One Year,Premium,Credit Card,1,91.13,1772.5,76.9,3,4,1,Yes
CUST201510,17,Month-to-Month,Basic,Digital Wallet,1,20.9,352.35,42.0,0,5,2,No
CUST201511,18,One Year,Standard,Bank Transfer,1,53.77,945.43,37.4,2,4,1,No
CUST201512,13,Month-to-Month,Standard,Credit Card,1,59.03,715.78,52.6,1,2,1,Yes
CUST201513,27,One Year,Standard,Credit Card,1,56.41,1428.08,79.1,3,3,0,No
CUST201514,13,Two Year,Standard,Credit Card,1,56.08,679.8,41.4,1,3,0,No
CUST201515,28,Month-to-Month,Basic,Credit Card,1,20.99,581.94,59.9,2,3,1,Yes
CUST201516,24,Month-to-Month,Standard,Credit Card,0,49.24,1142.52,30.3,2,4,2,No
CUST201517,40,One Year,Standard,Bank Transfer,1,59.49,2323.57,34.0,1,4,1,Yes
CUST201518,32,Month-to-Month,Standard,Credit Card,1,54.69,1669.3,74.8,3,4,1,No
CUST201519,25,Month-to-Month,Premium,Bank Transfer,1,93.47,2314.28,97.4,0,4,1,Yes
CUST201520,31,Month-to-Month,Premium,Credit Card,0,88.14,2516.97,90.6,1,3,0,No
CUST201521,20,Month-to-Month,Premium,Digital Wallet,0,105.5,2074.26,106.2,2,3,0,No
CUST201522,6,Month-to-Month,Standard,Bank Transfer,0,54.58,324.86,39.6,3,3,1,Yes
CUST201523,12,One Year,Basic,Credit Card,0,23.34,261.76,29.0,2,4,3,No
CUST201524,27,Two Year,Standard,Bank Transfer,1,61.16,1534.12,53.6,0,2,0,No
CUST201525,17,One Year,Standard,Credit Card,0,52.58,863.78,54.1,1,5,2,No
CUST201526,23,One Year,Standard,Digital Wallet,1,57.32,1219.7,48.5,1,2,2,Yes
CUST201527,26,Month-to-Month,Basic,Bank Transfer,1,30.47,749.91,29.7,1,4,1,No
CUST201528,24,Month-to-Month,Standard,Mailed Check,1,55.42,1250.1,33.0,1,3,0,No
CUST201529,16,Month-to-Month,Standard,Credit Card,0,57.72,876.44,65.2,1,4,0,No
CUST201530,15,One Year,Standard,Credit Card,1,55.51,787.59,56.9,2,2,1,No
CUST201531,62,Month-to-Month,Standard,Digital Wallet,1,52.19,3090.57,53.7,2,5,2,No
CUST201532,62,Month-to-Month,Basic,Credit Card,1,28.45,1690.41,17.5,2,3,0,Yes
CUST201533,31,Two Year,Basic,Credit Card,1,30.72,902.94,23.5,0,4,0,No
CUST201534,28,Month-to-Month,Basic,Bank Transfer,1,30.24,842.44,37.2,3,3,2,Yes
CUST201535,13,Month-to-Month,Premium,Mailed Check,1,91.43,1140.95,109.6,1,3,2,No
CUST201536,5,Month-to-Month,Basic,Bank Transfer,1,31.23,149.89,18.3,0,5,0,Yes
CUST201537,16,One Year,Standard,Bank Transfer,0,48.98,747.88,51.4,0,4,0,No
CUST201538,28,Month-to-Month,Standard,Credit Card,1,49.45,1342.02,75.1,0,3,2,No
CUST201539,7,Month-to-Month,Basic,Digital Wallet,1,16.33,110.08,18.9,2,5,0,No
CUST201540,18,Month-to-Month,Premium,Mailed Check,0,94.74,1615.12,96.4,2,4,1,Yes
CUST201541,58,Month-to-Month,Premium,Credit Card,0,94.87,5479.79,102.3,1,4,3,No
CUST201542,63,One Year,Standard,Credit Card,0,48.46,2821.2,16.7,1,3,3,No
CUST201543,43,Two Year,Premium,Credit Card,0,92.52,3883.14,83.8,0,3,2,Yes
CUST201544,34,Month-to-Month,Standard,Digital Wallet,0,52.78,1758.1,80.8,1,5,1,No
CUST201545,13,One Year,Standard,Mailed Check,1,61.46,770.43,54.3,0,4,3,No
CUST201546,17,Two Year,Standard,Mailed Check,0,57.35,907.5,48.5,1,3,0,No
CUST201547,29,One Year,Standard,Credit Card,0,51.53,1465.72,62.7,0,4,1,Yes
CUST201548,31,Month-to-Month,Premium,Credit Card,0,87.05,2638.17,101.8,1,5,3,No
CUST201549,36,Month-to-Month,Standard,Digital Wallet,1,47.28,1569.84,37.8,1,3,1,No
CUST201550,44,Month-to-Month,Basic,Credit Card,1,36.21,1516.93,15.2,2,3,1,No
CUST201551,32,Month-to-Month,Basic,Mailed Check,1,25.02,790.43,36.4,3,5,2,No
CUST201552,4,Two Year,Standard,Bank Transfer,1,60.41,222.33,45.1,0,4,2,No
CUST201553,39,Month-to-Month,Basic,Credit Card,1,28.11,1012.86,42.2,1,3,2,Yes
CUST201554,17,Month-to-Month,Basic,Credit Card,1,28.86,481.22,2.0,0,3,2,No
CUST201555,23,One Year,Basic,Mailed Check,0,24.1,524.59,30.9,2,2,2,Yes
CUST201556,39,Month-to-Month,Standard,Credit Card,0,49.57,1899.73,84.1,1,1,0,Yes
CUST201557,20,Month-to-Month,Basic,Mailed Check,1,17.89,353.48,24.1,3,4,1,Yes
CUST201558,56,Month-to-Month,Standard,Credit Card,1,60.44,3267.9,44.6,2,3,0,No
CUST201559,23,Month-to-Month,Standard,Digital Wallet,1,44.62,945.98,46.0,1,3,3,Yes
CUST201560,19,One Year,Standard,Credit Card,1,47.93,896.83,60.7,0,4,0,No
CUST201561,10,One Year,Premium,Mailed Check,1,99.08,984.29,93.3,2,3,0,Yes
CUST201562,19,Month-to-Month,Premium,Mailed Check,1,92.13,1646.7,104.3,1,4,1,Yes
CUST201563,66,Month-to-Month,Premium,Mailed Check,1,98.18,6410.12,95.4,3,2,1,No
CUST201564,58,Month-to-Month,Basic,Credit Card,1,24.55,1348.08,4.8,1,3,1,No
CUST201565,18,Two Year,Standard,Credit Card,1,59.13,987.01,57.9,0,5,0,No
CUST201566,49,One Year,Standard,Mailed Check,0,56.05,2688.96,33.3,2,3,0,No
CUST201567,34,Two Year,Standard,Bank Transfer,1,46.62,1579.22,62.9,2,3,1,No
CUST201568,13,One Year,Standard,Credit Card,0,62.38,749.32,59.1,1,4,0,Yes
CUST201569,9,One Year,Standard,Bank Transfer,1,51.05,453.2,35.8,2,4,1,No
CUST201570,14,Month-to-Month,Standard,Mailed Check,0,58.22,765.66,74.4,1,3,2,Yes
CUST201571,25,Two Year,Standard,Credit Card,1,55.69,1333.42,59.0,1,3,1,No
CUST201572,16,Month-to-Month,Premium,Bank Transfer,1,96.66,1536.04,90.3,1,5,1,Yes
CUST201573,20,Two Year,Standard,Credit Card,1,41.62,777.39,60.0,0,4,1,No
CUST201574,29,One Year,Basic,Bank Transfer,0,22.6,644.21,28.1,0,3,1,No
CUST201575,10,Month-to-Month,Standard,Digital Wallet,0,66.11,613.07,24.2,1,3,1,Yes
CUST201576,15,Month-to-Month,Standard,Bank Transfer,1,61.18,859.0,66.9,3,4,0,Yes
CUST201577,42,One Year,Standard,Digital Wallet,0,50.47,2011.0,53.8,2,4,1,No
CUST201578,61,One Year,Basic,Bank Transfer,1,33.74,1958.31,45.1,1,3,2,No
CUST201579,34,One Year,Basic,Bank Transfer,1,31.75,998.23,26.4,1,4,1,No
CUST201580,9,Month-to-Month,Basic,Bank Transfer,1,27.96,234.82,26.6,4,2,1,Yes
CUST201581,51,Month-to-Month,Basic,Bank Transfer,1,23.87,1149.39,36.8,1,4,4,No
CUST201582,43,One Year,Premium,Bank Transfer,1,97.4,4092.86,108.0,1,3,0,No
CUST201583,11,Two Year,Standard,Credit Card,0,53.86,549.06,18.1,0,3,0,Yes
CUST201584,31,Month-to-Month,Standard,Credit Card,1,63.25,1885.11,40.2,0,4,2,Yes
CUST201585,6,Two Year,Premium,Digital Wallet,0,95.57,552.78,96.2,2,2,2,Yes
CUST201586,15,Two Year,Standard,Credit Card,1,58.45,830.92,66.6,1,3,1,No
CUST201587,72,Month-to-Month,Standard,Credit Card,1,51.15,3388.28,38.2,1,4,1,No
CUST201588,7,One Year,Premium,Mailed Check,1,106.38,734.34,107.7,1,3,0,No
CUST201589,37,Month-to-Month,Standard,Credit Card,1,62.6,2217.94,50.3,2,3,1,No
CUST201590,17,Month-to-Month,Standard,Credit Card,0,51.76,843.49,46.9,1,3,0,No
CUST201591,12,Month-to-Month,Premium,Bank Transfer,1,108.64,1299.89,117.4,1,3,4,No
CUST201592,13,Month-to-Month,Standard,Bank Transfer,1,52.66,671.04,80.5,0,3,1,No
CUST201593,4,Month-to-Month,Basic,Digital Wallet,1,15.77,61.52,2.0,0,3,1,Yes
CUST201594,10,One Year,Basic,Bank Transfer,1,18.08,172.49,22.6,3,4,1,Yes
CUST201595,36,Month-to-Month,Basic,Bank Transfer,0,26.87,925.22,30.4,2,3,1,Yes
CUST201596,50,Month-to-Month,Standard,Digital Wallet,1,56.86,2632.78,57.5,1,2,1,No
CUST201597,32,Two Year,Standard,Credit Card,1,52.62,1643.96,61.3,1,3,1,No
CUST201598,6,Two Year,Premium,Digital Wallet,1,96.0,565.3,105.4,0,4,0,No
CUST201599,37,Month-to-Month,Premium,Bank Transfer,0,89.79,3220.06,87.0,1,5,0,Yes
CUST201600,25,Month-to-Month,Standard,Digital Wallet,1,54.24,1336.4,59.4,1,4,1,Yes
CUST201601,64,One Year,Basic,Bank Transfer,1,23.94,1506.03,54.6,1,3,0,Yes
CUST201602,54,Month-to-Month,Basic,Credit Card,1,24.31,1267.69,34.3,2,2,0,No
CUST201603,45,Two Year,Premium,Credit Card,1,88.18,3670.8,90.0,3,1,2,No
CUST201604,58,Month-to-Month,Standard,Bank Transfer,1,49.86,2696.96,35.3,2,4,1,No
CUST201605,22,Month-to-Month,Premium,Credit Card,1,93.0,2023.9,85.4,2,3,2,No
CUST201606,18,Month-to-Month,Standard,Bank Transfer,1,47.13,810.19,62.9,1,3,0,Yes
CUST201607,72,Month-to-Month,Standard,Credit Card,0,52.01,3561.82,65.8,2,4,2,Yes
CUST201608,19,Month-to-Month,Basic,Bank Transfer,0,32.11,566.65,57.4,1,3,1,Yes
CUST201609,14,Two Year,Basic,Mailed Check,0,33.17,444.27,41.6,2,5,1,No
CUST201610,17,One Year,Premium,Mailed Check,0,92.58,1556.55,86.0,2,3,0,No
CUST201611,30,One Year,Standard,Digital Wallet,1,55.61,1657.07,53.7,1,4,0,No
CUST201612,32,Two Year,Standard,Credit Card,1,62.81,1992.95,50.2,1,3,0,No
CUST201613,13,One Year,Basic,Bank Transfer,1,29.98,383.59,30.6,1,3,0,No
CUST201614,12,One Year,Standard,Credit Card,1,55.46,623.94,77.6,1,3,1,No
CUST201615,72,Month-to-Month,Standard,Credit Card,1,53.11,3763.93,40.2,2,2,0,No
CUST201616,18,Month-to-Month,Basic,Digital Wallet,0,38.5,644.22,40.0,1,4,0,No
CUST201617,54,One Year,Basic,Bank Transfer,0,29.21,1526.86,32.6,1,3,1,No
CUST201618,48,Two Year,Standard,Credit Card,1,47.17,2199.89,66.9,2,3,0,Yes
CUST201619,8,Month-to-Month,Standard,Digital Wallet,1,44.79,348.92,33.9,2,4,3,No
CUST201620,23,Month-to-Month,Basic,Credit Card,0,28.79,641.47,2.0,3,3,1,No
CUST201621,38,Month-to-Month,Standard,Digital Wallet,0,53.08,1966.59,58.3,0,4,1,No
CUST201622,43,Month-to-Month,Premium,Credit Card,1,103.71,4112.59,96.7,1,2,1,No
CUST201623,32,One Year,Premium,Bank Transfer,1,85.12,2636.11,118.2,2,3,2,Yes
CUST201624,38,Two Year,Premium,Bank Transfer,0,86.86,3129.88,103.8,2,4,0,No
CUST201625,52,Two Year,Basic,Digital Wallet,1,25.86,1248.26,32.7,2,2,2,No
CUST201626,36,One Year,Standard,Credit Card,0,48.35,1642.85,62.2,1,3,0,No
CUST201627,19,Month-to-Month,Standard,Mailed Check,1,62.39,1155.4,59.0,1,3,0,No
CUST201628,30,Month-to-Month,Premium,Credit Card,0,98.68,2806.46,72.2,1,4,2,No
CUST201629,10,One Year,Premium,Credit Card,0,103.08,1003.88,84.6,0,3,1,No
CUST201630,46,Two Year,Basic,Mailed Check,0,15.0,641.44,25.4,0,3,0,No
CUST201631,20,Month-to-Month,Basic,Bank Transfer,0,15.0,296.8,18.6,0,2,0,Yes
CUST201632,10,Two Year,Basic,Bank Transfer,1,29.88,287.57,36.1,1,4,4,No
CUST201633,72,Two Year,Basic,Credit Card,1,17.01,1155.98,14.4,1,1,0,No
CUST201634,7,Month-to-Month,Standard,Mailed Check,0,61.31,400.6,58.4,3,4,0,Yes
CUST201635,46,Two Year,Standard,Bank Transfer,1,48.54,2188.69,47.1,2,2,1,No
CUST201636,21,One Year,Standard,Digital Wallet,0,68.64,1336.59,66.2,0,1,1,No
CUST201637,22,Two Year,Basic,Digital Wallet,1,23.27,508.39,26.9,2,3,0,No
CUST201638,21,One Year,Basic,Credit Card,1,24.5,503.84,18.0,0,3,2,No
CUST201639,27,One Year,Standard,Digital Wallet,1,60.77,1578.57,54.1,5,4,0,No
CUST201640,16,Two Year,Standard,Credit Card,0,57.91,922.9,63.3,2,3,0,No
CUST201641,21,One Year,Standard,Digital Wallet,0,54.08,1067.04,50.1,1,4,1,No
CUST201642,18,Month-to-Month,Premium,Bank Transfer,1,114.54,2011.23,70.1,3,3,1,Yes
CUST201643,11,Month-to-Month,Standard,Credit Card,1,52.25,535.29,50.2,2,3,1,Yes
CUST201644,11,Two Year,Standard,Credit Card,1,46.99,494.6,62.1,1,4,1,No
CUST201645,11,Month-to-Month,Premium,Credit Card,1,101.87,1038.33,89.8,0,4,3,Yes
CUST201646,20,Month-to-Month,Premium,Credit Card,1,96.51,1908.72,94.3,0,3,0,Yes
CUST201647,47,Month-to-Month,Premium,Digital Wallet,1,91.59,3962.8,121.5,1,4,2,No
CUST201648,30,Month-to-Month,Standard,Credit Card,1,51.95,1507.91,60.1,2,2,1,Yes
CUST201649,33,One Year,Basic,Credit Card,1,26.71,838.15,38.8,3,3,1,No
CUST201650,24,Month-to-Month,Basic,Digital Wallet,0,31.98,725.89,40.3,2,4,0,Yes
CUST201651,8,Month-to-Month,Standard,Credit Card,1,60.24,474.16,47.4,1,3,1,Yes
CUST201652,72,One Year,Premium,Credit Card,1,84.53,6068.82,86.8,0,1,0,No
CUST201653,23,Month-to-Month,Standard,Credit Card,1,54.47,1165.99,52.7,0,4,1,No
CUST201654,64,One Year,Basic,Digital Wallet,0,23.06,1446.73,24.8,1,5,1,No
CUST201655,21,Month-to-Month,Premium,Mailed Check,0,99.31,2035.69,79.1,2,1,1,Yes
CUST201656,72,Month-to-Month,Basic,Bank Transfer,1,18.24,1249.6,18.6,0,4,1,No
CUST201657,5,One Year,Basic,Bank Transfer,1,24.14,112.64,31.6,1,4,0,No
CUST201658,31,One Year,Basic,Mailed Check,0,27.87,810.89,32.5,0,5,0,No
CUST201659,36,Month-to-Month,Basic,Digital Wallet,1,24.94,870.5,4.6,0,4,0,No
CUST201660,20,Month-to-Month,Standard,Credit Card,1,56.97,1088.76,63.4,1,5,0,No
CUST201661,24,Two Year,Basic,Digital Wallet,1,35.82,839.37,43.4,1,2,3,No
CUST201662,46,Month-to-Month,Standard,Credit Card,0,61.25,2677.68,55.2,0,3,3,Yes
CUST201663,1,Month-to-Month,Premium,Credit Card,1,86.01,82.8,93.5,2,2,1,Yes
CUST201664,56,One Year,Premium,Credit Card,1,103.37,5580.31,126.9,1,3,1,No
CUST201665,35,Two Year,Standard,Bank Transfer,0,61.27,1988.11,50.1,2,4,1,No
CUST201666,56,Month-to-Month,Basic,Bank Transfer,0,18.66,1017.1,7.9,0,4,0,Yes
CUST201667,8,Month-to-Month,Basic,Credit Card,0,24.54,190.25,11.4,4,1,3,No
CUST201668,5,One Year,Premium,Digital Wallet,1,92.64,459.44,115.9,0,4,3,No
CUST201669,17,Two Year,Standard,Bank Transfer,1,60.27,972.87,70.4,1,5,0,No
CUST201670,24,Month-to-Month,Standard,Mailed Check,0,50.45,1137.47,40.8,1,3,0,Yes
CUST201671,72,Two Year,Premium,Mailed Check,0,94.05,6761.17,98.4,0,3,2,No
CUST201672,27,Month-to-Month,Premium,Digital Wallet,0,100.7,2535.19,81.6,1,4,1,Yes
CUST201673,72,Two Year,Standard,Mailed Check,0,51.42,3596.15,48.6,0,3,3,No
CUST201674,24,Month-to-Month,Standard,Credit Card,1,52.42,1226.85,76.2,2,3,2,Yes
CUST201675,23,One Year,Standard,Credit Card,1,61.67,1355.31,43.1,3,3,1,Yes
CUST201676,30,Two Year,Standard,Bank Transfer,0,51.52,1450.57,65.2,4,2,0,No
CUST201677,11,Month-to-Month,Premium,Bank Transfer,1,113.11,1185.91,85.3,1,3,2,No
CUST201678,24,Two Year,Standard,Credit Card,1,53.06,1257.52,53.2,0,3,1,No
CUST201679,23,One Year,Basic,Digital Wallet,0,15.0,338.67,35.1,0,3,2,No
CUST201680,25,Month-to-Month,Basic,Bank Transfer,1,31.06,746.25,14.9,2,4,1,No
CUST201681,71,Month-to-Month,Standard,Credit Card,1,55.77,3945.26,42.6,0,4,1,No
CUST201682,24,One Year,Standard,Credit Card,1,57.87,1337.36,63.5,1,3,3,No
CUST201683,8,Month-to-Month,Standard,Bank Transfer,1,59.81,469.12,73.0,3,4,1,No
CUST201684,15,Month-to-Month,Standard,Digital Wallet,1,66.96,975.31,43.1,1,4,3,No
CUST201685,11,Month-to-Month,Premium,Credit Card,1,102.22,1080.39,103.4,0,5,2,No
CUST201686,50,Month-to-Month,Standard,Digital Wallet,1,50.88,2414.83,40.8,2,1,0,Yes
CUST201687,35,Month-to-Month,Premium,Bank Transfer,1,101.98,3462.1,100.7,2,3,0,Yes
CUST201688,18,One Year,Standard,Mailed Check,1,56.77,941.02,49.6,3,2,0,No
CUST201689,34,Month-to-Month,Premium,Digital Wallet,1,88.24,2944.95,77.8,1,3,1,No
CUST201690,67,Month-to-Month,Premium,Credit Card,1,91.8,5708.0,76.7,1,3,0,No
CUST201691,38,One Year,Standard,Mailed Check,1,66.67,2522.91,70.7,1,5,0,No
CUST201692,28,Month-to-Month,Premium,Bank Transfer,1,91.14,2544.71,92.9,4,3,1,No
CUST201693,57,Month-to-Month,Premium,Mailed Check,0,100.71,5355.22,102.0,3,2,2,Yes
CUST201694,29,Month-to-Month,Premium,Bank Transfer,0,94.16,2525.4,78.4,1,3,1,No
CUST201695,14,One Year,Standard,Credit Card,0,58.6,773.9,77.2,3,3,0,Yes
CUST201696,11,Month-to-Month,Basic,Mailed Check,0,18.64,200.85,57.4,0,4,1,No
CUST201697,50,Month-to-Month,Premium,Credit Card,0,93.54,4664.92,85.2,1,3,1,Yes
CUST201698,23,Two Year,Basic,Credit Card,1,15.0,341.74,16.5,0,3,1,No
CUST201699,46,Month-to-Month,Basic,Mailed Check,1,36.13,1576.76,19.1,2,3,4,Yes
CUST201700,72,One Year,Basic,Mailed Check,1,27.06,1898.18,35.2,2,3,2,No
CUST201701,29,One Year,Standard,Digital Wallet,0,47.53,1281.31,63.6,3,4,1,No
CUST201702,8,Month-to-Month,Standard,Digital Wallet,0,53.63,400.22,57.6,1,3,2,No
CUST201703,40,One Year,Premium,Digital Wallet,1,98.98,3657.48,93.2,0,4,1,No
CUST201704,24,One Year,Standard,Bank Transfer,1,53.46,1245.61,73.2,0,3,1,No
CUST201705,13,Month-to-Month,Premium,Credit Card,1,87.45,1115.41,104.5,3,5,1,Yes
CUST201706,38,Month-to-Month,Basic,Credit Card,1,16.37,613.15,8.7,0,5,1,No
CUST201707,23,Month-to-Month,Basic,Digital Wallet,1,28.11,638.68,14.9,1,3,0,No
CUST201708,17,Two Year,Premium,Digital Wallet,1,99.24,1615.03,97.9,1,2,2,Yes
CUST201709,16,Two Year,Standard,Bank Transfer,1,39.71,632.24,51.5,1,4,1,No
CUST201710,8,Month-to-Month,Basic,Credit Card,0,20.56,151.96,30.9,2,2,2,Yes
CUST201711,56,Month-to-Month,Premium,Credit Card,1,91.07,5052.84,96.1,1,4,1,No
CUST201712,4,One Year,Standard,Credit Card,1,54.48,217.75,53.7,5,2,0,Yes
CUST201713,17,One Year,Basic,Credit Card,1,28.94,466.84,25.1,2,2,3,No
CUST201714,32,Two Year,Basic,Credit Card,1,31.61,987.1,21.2,2,4,0,No
CUST201715,46,One Year,Premium,Credit Card,0,91.85,3949.77,103.1,1,3,1,No
CUST201716,45,One Year,Basic,Mailed Check,1,18.92,795.79,14.4,0,4,0,Yes
CUST201717,17,One Year,Standard,Mailed Check,1,50.09,819.98,53.0,1,3,0,No
CUST201718,46,Month-to-Month,Standard,Bank Transfer,1,63.25,2781.55,48.3,0,4,1,No
CUST201719,11,Month-to-Month,Standard,Bank Transfer,1,53.93,549.84,33.3,0,3,2,No
CUST201720,22,One Year,Premium,Credit Card,1,100.12,2102.67,85.6,1,2,1,No
CUST201721,26,Month-to-Month,Basic,Credit Card,1,27.42,668.1,15.2,1,3,2,No
CUST201722,22,Month-to-Month,Standard,Digital Wallet,1,68.0,1488.31,81.7,4,3,0,Yes
CUST201723,17,Month-to-Month,Basic,Credit Card,1,15.48,255.33,43.8,3,5,1,No
CUST201724,15,Month-to-Month,Basic,Mailed Check,1,22.46,328.05,20.7,2,4,0,Yes
CUST201725,16,Month-to-Month,Standard,Bank Transfer,0,51.89,821.14,44.9,0,3,1,Yes
CUST201726,9,One Year,Basic,Bank Transfer,1,33.04,284.68,33.3,2,3,0,No
CUST201727,32,One Year,Basic,Bank Transfer,1,23.37,698.64,27.7,2,3,0,No
CUST201728,5,Month-to-Month,Basic,Digital Wallet,0,28.94,134.62,2.0,2,4,2,Yes
CUST201729,68,Month-to-Month,Standard,Bank Transfer,1,40.67,2660.19,69.4,2,3,0,No
CUST201730,72,Month-to-Month,Standard,Credit Card,1,53.13,3791.27,32.6,1,4,4,No
CUST201731,16,Month-to-Month,Premium,Mailed Check,1,100.81,1563.86,98.1,1,3,3,Yes
CUST201732,26,Two Year,Standard,Bank Transfer,1,60.92,1540.33,58.2,1,4,0,No
CUST201733,20,Month-to-Month,Standard,Credit Card,0,52.28,990.74,37.5,2,4,1,No
CUST201734,68,Two Year,Premium,Digital Wallet,1,89.1,5900.12,98.5,5,3,0,No
CUST201735,26,Month-to-Month,Standard,Credit Card,1,51.95,1316.09,54.9,0,4,2,Yes
CUST201736,13,Month-to-Month,Premium,Bank Transfer,0,93.84,1134.55,95.2,3,3,0,Yes
CUST201737,15,Month-to-Month,Standard,Bank Transfer,0,65.03,972.7,24.7,1,5,1,No
CUST201738,9,Month-to-Month,Premium,Credit Card,1,91.7,812.43,100.0,3,3,1,No
CUST201739,52,Month-to-Month,Premium,Credit Card,0,97.86,4983.34,110.3,2,4,2,Yes
CUST201740,10,One Year,Basic,Mailed Check,1,32.23,320.78,50.3,1,4,1,No
CUST201741,29,Month-to-Month,Standard,Bank Transfer,1,53.22,1489.7,62.9,1,4,0,No
CUST201742,43,One Year,Basic,Credit Card,1,18.24,736.23,55.8,3,4,0,Yes
CUST201743,49,Month-to-Month,Basic,Credit Card,1,21.82,1056.04,31.1,3,1,1,Yes
CUST201744,9,Month-to-Month,Basic,Digital Wallet,1,25.93,228.64,2.0,0,2,2,No
CUST201745,5,Two Year,Premium,Bank Transfer,0,96.32,456.26,90.7,2,3,1,Yes
CUST201746,24,One Year,Premium,Credit Card,1,92.72,2177.16,91.2,1,2,1,Yes
CUST201747,16,Month-to-Month,Premium,Mailed Check,1,100.59,1504.19,115.3,2,4,0,No
CUST201748,18,Month-to-Month,Basic,Credit Card,1,17.04,284.25,13.9,1,2,3,No
CUST201749,6,Month-to-Month,Premium,Digital Wallet,1,92.15,535.55,72.0,1,3,1,Yes
CUST201750,16,Month-to-Month,Basic,Digital Wallet,1,24.0,378.61,48.3,0,3,1,No
CUST201751,14,One Year,Standard,Credit Card,1,54.73,712.68,62.7,2,5,1,Yes
CUST201752,20,Month-to-Month,Basic,Credit Card,1,19.07,369.04,56.3,2,4,0,No
CUST201753,10,Month-to-Month,Standard,Digital Wallet,1,55.52,528.72,57.9,2,3,1,No
CUST201754,30,Month-to-Month,Premium,Bank Transfer,1,93.88,2800.8,97.0,0,5,1,No
CUST201755,25,Month-to-Month,Standard,Credit Card,0,52.17,1214.9,55.5,1,3,0,Yes
CUST201756,51,Month-to-Month,Basic,Credit Card,0,25.36,1284.81,9.8,3,3,1,No
CUST201757,36,Month-to-Month,Standard,Bank Transfer,1,58.45,1954.62,31.4,1,4,2,No
CUST201758,21,Month-to-Month,Standard,Credit Card,1,58.99,1208.16,45.2,3,4,0,No
CUST201759,30,Month-to-Month,Basic,Credit Card,1,23.11,642.66,38.0,3,2,0,No
CUST201760,11,Month-to-Month,Basic,Bank Transfer,0,27.6,298.83,35.8,1,3,2,No
CUST201761,31,Month-to-Month,Standard,Credit Card,0,70.09,2027.98,57.3,0,3,1,No
CUST201762,16,Month-to-Month,Standard,Digital Wallet,1,60.05,898.51,49.3,1,2,1,Yes
CUST201763,10,Two Year,Standard,Bank Transfer,1,64.18,625.8,48.5,1,5,2,No
CUST201764,66,Month-to-Month,Standard,Digital Wallet,0,52.3,3230.51,33.6,0,4,1,No
CUST201765,29,Month-to-Month,Standard,Digital Wallet,1,61.36,1762.88,74.0,2,4,1,Yes
CUST201766,15,One Year,Standard,Bank Transfer,0,59.89,873.06,33.8,1,3,1,No
CUST201767,20,One Year,Basic,Credit Card,1,19.71,370.38,40.5,1,4,0,No
CUST201768,11,One Year,Premium,Credit Card,1,94.91,978.93,98.7,3,3,1,No
CUST201769,7,Two Year,Standard,Credit Card,1,53.73,364.38,59.9,1,3,0,No
CUST201770,26,Month-to-Month,Premium,Bank Transfer,1,92.93,2278.38,117.7,0,3,2,Yes
CUST201771,42,Month-to-Month,Basic,Bank Transfer,1,20.03,818.9,21.6,1,4,2,Yes
CUST201772,30,One Year,Standard,Credit Card,1,58.63,1719.05,55.9,2,3,1,No
CUST201773,33,Month-to-Month,Standard,Credit Card,0,55.29,1758.49,59.6,2,3,2,Yes
CUST201774,59,Two Year,Basic,Digital Wallet,1,30.27,1689.12,12.1,2,3,2,No
CUST201775,28,Month-to-Month,Standard,Digital Wallet,1,45.35,1179.15,54.6,0,4,1,No
CUST201776,26,One Year,Standard,Digital Wallet,1,59.37,1505.84,63.2,2,2,2,Yes
CUST201777,30,Month-to-Month,Premium,Digital Wallet,0,91.38,2662.7,84.4,2,5,0,No
CUST201778,6,Month-to-Month,Basic,Credit Card,0,31.17,176.39,26.7,1,2,1,No
CUST201779,38,Month-to-Month,Standard,Credit Card,1,56.0,2011.69,52.1,0,4,1,No
CUST201780,17,Month-to-Month,Premium,Digital Wallet,0,94.95,1566.78,117.6,0,4,1,Yes
CUST201781,40,Two Year,Premium,Bank Transfer,1,88.58,3315.27,93.2,7,3,1,No
CUST201782,12,Two Year,Premium,Credit Card,1,93.86,1053.21,87.4,1,5,0,Yes
CUST201783,9,Month-to-Month,Basic,Bank Transfer,1,15.0,125.56,2.4,2,3,3,No
CUST201784,9,One Year,Basic,Mailed Check,0,23.39,208.74,32.2,1,3,5,No
CUST201785,41,Two Year,Basic,Credit Card,1,24.26,964.29,6.7,3,3,1,No
CUST201786,44,One Year,Basic,Bank Transfer,1,22.25,940.62,28.9,0,4,3,No
CUST201787,14,Month-to-Month,Basic,Mailed Check,1,25.24,338.53,9.3,1,4,1,No
CUST201788,2,One Year,Standard,Credit Card,0,54.49,104.13,58.5,1,3,2,No
CUST201789,24,Month-to-Month,Standard,Mailed Check,1,59.37,1313.67,45.4,0,4,0,No
CUST201790,40,One Year,Basic,Credit Card,1,26.17,1035.23,61.0,0,4,4,No
CUST201791,64,One Year,Standard,Credit Card,1,63.64,3972.63,46.1,0,3,1,No
CUST201792,52,Month-to-Month,Standard,Credit Card,1,51.68,2623.98,49.4,3,4,1,No
CUST201793,27,One Year,Standard,Credit Card,1,57.48,1488.78,34.1,5,3,1,No
CUST201794,10,Month-to-Month,Standard,Bank Transfer,0,59.74,557.9,56.4,2,3,0,Yes
CUST201795,32,One Year,Basic,Bank Transfer,1,25.48,764.45,32.0,0,4,1,No
CUST201796,15,Month-to-Month,Standard,Mailed Check,1,56.69,830.4,37.8,0,4,4,No
CUST201797,24,One Year,Standard,Credit Card,1,63.86,1486.64,70.6,2,4,1,No
CUST201798,3,Month-to-Month,Basic,Credit Card,1,27.73,80.52,55.3,0,4,1,No
CUST201799,25,Month-to-Month,Standard,Bank Transfer,1,55.12,1308.6,40.5,2,3,0,Yes
CUST201800,55,Month-to-Month,Premium,Bank Transfer,1,99.23,5331.2,116.5,1,3,2,No
CUST201801,9,Month-to-Month,Standard,Credit Card,0,48.33,407.01,51.3,1,5,1,No
CUST201802,47,One Year,Basic,Digital Wallet,1,24.84,1082.64,2.2,1,5,3,No
CUST201803,40,One Year,Basic,Mailed Check,0,20.81,795.43,17.1,2,2,2,No
CUST201804,17,Month-to-Month,Basic,Credit Card,0,29.49,463.8,53.6,2,2,2,Yes
CUST201805,49,Two Year,Basic,Bank Transfer,1,22.54,1069.36,19.2,0,3,0,No
CUST201806,30,One Year,Basic,Mailed Check,0,28.63,813.79,2.0,1,5,0,No
CUST201807,17,Two Year,Basic,Digital Wallet,1,23.92,393.44,27.6,1,4,3,No
CUST201808,33,One Year,Basic,Bank Transfer,0,27.79,858.28,20.0,1,2,0,No
CUST201809,45,Month-to-Month,Basic,Credit Card,1,30.96,1294.37,17.0,0,4,1,No
CUST201810,8,One Year,Standard,Credit Card,0,45.0,333.22,66.9,2,4,0,Yes
CUST201811,72,Month-to-Month,Basic,Bank Transfer,1,32.06,2209.65,17.9,2,5,2,No
CUST201812,17,Month-to-Month,Premium,Bank Transfer,1,88.26,1386.92,89.3,0,4,2,No
CUST201813,21,Month-to-Month,Premium,Credit Card,1,96.24,2011.73,75.4,2,4,1,No
CUST201814,51,Month-to-Month,Basic,Credit Card,1,29.91,1514.35,2.6,1,3,2,Yes
CUST201815,24,Two Year,Standard,Mailed Check,0,58.84,1339.81,64.9,2,2,0,No
CUST201816,31,Month-to-Month,Premium,Digital Wallet,1,109.27,3156.51,82.3,0,3,1,No
CUST201817,32,Month-to-Month,Standard,Digital Wallet,0,51.27,1561.49,72.6,1,2,1,Yes
CUST201818,21,Month-to-Month,Premium,Digital Wallet,0,96.28,1918.18,115.2,0,4,1,No
CUST201819,29,Month-to-Month,Premium,Digital Wallet,1,93.74,2638.36,103.4,1,2,2,Yes
CUST201820,38,Month-to-Month,Basic,Digital Wallet,0,16.87,618.46,22.4,2,5,1,Yes
CUST201821,23,Two Year,Standard,Credit Card,0,57.21,1219.42,66.9,3,3,0,Yes
CUST201822,37,One Year,Standard,Credit Card,1,42.68,1482.83,51.3,1,4,2,No
CUST201823,72,Month-to-Month,Standard,Mailed Check,1,59.17,4023.78,57.9,1,5,3,No
CUST201824,42,One Year,Standard,Bank Transfer,1,49.36,1926.42,63.1,2,4,2,No
CUST201825,28,Two Year,Premium,Credit Card,1,101.22,2617.24,101.8,3,2,1,No
CUST201826,17,Month-to-Month,Standard,Digital Wallet,1,48.28,803.37,74.9,4,4,1,Yes
CUST201827,7,Month-to-Month,Standard,Bank Transfer,0,57.27,379.34,34.7,0,3,2,No
CUST201828,29,Month-to-Month,Basic,Credit Card,1,29.6,820.9,8.7,0,1,2,No
CUST201829,10,Month-to-Month,Premium,Credit Card,1,107.18,1051.37,95.0,2,4,3,Yes
CUST201830,13,Two Year,Basic,Digital Wallet,1,25.09,322.67,2.0,3,2,2,Yes
CUST201831,18,Two Year,Standard,Credit Card,1,43.66,727.69,56.3,4,3,0,Yes
CUST201832,32,Two Year,Basic,Digital Wallet,1,33.32,1051.84,11.8,2,4,1,No
CUST201833,8,One Year,Standard,Credit Card,1,66.01,506.85,41.6,2,2,1,Yes
CUST201834,47,Month-to-Month,Basic,Digital Wallet,1,18.82,881.86,20.6,1,3,1,Yes
CUST201835,38,Month-to-Month,Standard,Credit Card,0,60.3,2118.81,49.2,4,3,0,Yes
CUST201836,13,Two Year,Premium,Mailed Check,0,93.35,1137.74,99.9,1,3,1,No
CUST201837,55,Two Year,Basic,Credit Card,1,17.65,914.42,17.6,3,2,1,No
CUST201838,27,Month-to-Month,Basic,Credit Card,1,30.7,801.97,30.2,1,4,2,No
CUST201839,16,One Year,Basic,Credit Card,1,29.23,440.51,38.7,1,4,0,No
CUST201840,49,Two Year,Standard,Digital Wallet,1,65.14,3012.27,60.1,1,3,0,No
CUST201841,16,Month-to-Month,Basic,Credit Card,0,23.56,357.16,26.1,0,4,0,No
CUST201842,46,One Year,Standard,Bank Transfer,1,48.96,2221.34,68.8,2,4,1,No
CUST201843,24,Two Year,Premium,Credit Card,0,92.01,2144.9,95.6,2,2,1,Yes
CUST201844,33,Month-to-Month,Standard,Credit Card,0,42.7,1327.64,74.9,2,4,0,No
CUST201845,29,Month-to-Month,Basic,Mailed Check,1,24.75,691.61,36.8,1,3,3,No
CUST201846,30,Two Year,Premium,Digital Wallet,0,92.41,2601.39,85.5,1,3,2,No
CUST201847,46,Two Year,Basic,Bank Transfer,1,28.22,1197.67,21.1,1,2,2,No
CUST201848,29,Month-to-Month,Premium,Credit Card,0,101.58,2799.76,65.5,0,4,2,No
CUST201849,11,One Year,Basic,Credit Card,0,29.1,303.17,5.2,0,5,0,No
CUST201850,3,One Year,Premium,Bank Transfer,1,99.35,295.12,72.5,0,4,1,No
CUST201851,34,One Year,Standard,Credit Card,0,62.1,1974.91,40.4,1,3,3,No
CUST201852,72,One Year,Standard,Digital Wallet,1,69.21,4866.37,57.3,1,4,1,No
CUST201853,38,One Year,Standard,Bank Transfer,1,59.46,2086.36,60.8,1,3,1,No
CUST201854,15,One Year,Basic,Credit Card,0,18.51,268.92,13.3,1,3,1,No
CUST201855,47,One Year,Premium,Bank Transfer,0,93.26,4180.81,103.5,1,3,1,No
CUST201856,22,Month-to-Month,Standard,Digital Wallet,0,56.82,1248.36,68.4,1,5,0,No
CUST201857,41,Month-to-Month,Premium,Credit Card,0,90.35,3657.45,105.4,0,3,1,No
CUST201858,24,Month-to-Month,Basic,Credit Card,1,15.0,331.71,14.8,1,5,2,No
CUST201859,72,Two Year,Standard,Credit Card,1,46.15,3275.39,37.8,1,2,1,No
CUST201860,25,Month-to-Month,Standard,Digital Wallet,0,57.68,1409.08,42.0,1,3,1,Yes
CUST201861,65,One Year,Basic,Bank Transfer,1,26.43,1653.69,52.1,3,3,1,No
CUST201862,31,Two Year,Basic,Digital Wallet,0,21.62,647.61,10.2,1,3,0,No
CUST201863,9,Month-to-Month,Standard,Digital Wallet,1,62.37,555.5,64.4,5,2,0,Yes
CUST201864,17,Month-to-Month,Premium,Digital Wallet,1,83.33,1391.44,96.8,1,3,1,Yes
CUST201865,11,Month-to-Month,Standard,Credit Card,0,56.21,570.67,75.0,2,3,2,No
CUST201866,11,Two Year,Basic,Digital Wallet,0,27.68,298.79,35.9,0,4,1,No
CUST201867,26,One Year,Standard,Digital Wallet,0,62.6,1592.68,64.2,0,3,0,No
CUST201868,10,Month-to-Month,Premium,Credit Card,0,101.69,1010.27,94.4,2,4,0,No
CUST201869,19,Month-to-Month,Basic,Bank Transfer,1,24.12,452.66,26.8,4,4,1,Yes
CUST201870,34,Month-to-Month,Basic,Digital Wallet,1,15.42,484.91,9.0,3,3,2,No
CUST201871,16,Two Year,Standard,Bank Transfer,0,47.66,753.57,55.2,0,4,0,No
CUST201872,11,Month-to-Month,Premium,Mailed Check,1,98.37,1009.86,84.1,0,2,2,No
CUST201873,43,Two Year,Basic,Credit Card,0,24.63,1011.57,25.2,1,2,0,No
CUST201874,72,Two Year,Basic,Digital Wallet,1,24.74,1767.06,36.5,4,4,0,No
CUST201875,25,Two Year,Basic,Bank Transfer,1,33.57,792.64,25.9,1,2,0,No
CUST201876,48,Month-to-Month,Basic,Bank Transfer,1,20.43,978.49,6.3,0,4,0,No
CUST201877,60,Month-to-Month,Basic,Digital Wallet,0,28.91,1632.63,14.2,0,5,0,No
CUST201878,12,Month-to-Month,Standard,Credit Card,0,48.74,551.2,45.0,0,5,3,No
CUST201879,12,Two Year,Premium,Digital Wallet,1,101.22,1186.14,83.5,0,4,2,No
CUST201880,45,Two Year,Basic,Bank Transfer,0,40.94,1832.42,38.6,3,2,1,No
CUST201881,54,Month-to-Month,Standard,Bank Transfer,1,70.68,3793.85,25.1,0,4,0,No
CUST201882,43,Month-to-Month,Premium,Credit Card,1,103.4,4138.63,117.2,1,5,1,No
CUST201883,29,One Year,Basic,Bank Transfer,0,27.74,755.12,14.0,2,3,0,No
CUST201884,18,Month-to-Month,Standard,Digital Wallet,1,55.35,928.29,60.6,1,3,0,No
CUST201885,32,Month-to-Month,Premium,Credit Card,1,95.54,2868.78,101.7,1,3,3,No
CUST201886,11,Month-to-Month,Premium,Digital Wallet,1,97.91,1035.03,75.7,1,5,1,Yes
CUST201887,72,Month-to-Month,Premium,Credit Card,1,108.65,7728.56,107.6,6,3,1,Yes
CUST201888,49,Month-to-Month,Premium,Mailed Check,1,87.48,4108.82,83.9,1,3,2,No
CUST201889,43,One Year,Standard,Bank Transfer,0,52.95,2250.06,64.1,2,1,0,Yes
CUST201890,34,One Year,Standard,Bank Transfer,1,46.89,1478.81,52.0,1,2,2,No
CUST201891,61,Two Year,Basic,Digital Wallet,1,23.96,1374.51,14.6,1,3,0,No
CUST201892,13,One Year,Standard,Credit Card,0,51.69,639.5,86.9,3,4,2,Yes
CUST201893,54,Month-to-Month,Standard,Credit Card,1,55.48,2941.72,64.7,1,2,0,Yes
CUST201894,50,Month-to-Month,Premium,Digital Wallet,1,88.88,4410.88,66.1,0,2,3,No
CUST201895,19,Month-to-Month,Standard,Credit Card,1,53.65,1003.08,54.0,2,4,0,Yes
CUST201896,22,Two Year,Premium,Bank Transfer,1,91.64,1972.33,75.1,2,4,0,Yes
CUST201897,24,One Year,Standard,Digital Wallet,1,47.49,1061.72,54.1,1,4,2,No
CUST201898,22,Month-to-Month,Standard,Digital Wallet,1,55.61,1169.24,83.9,2,3,0,Yes
CUST201899,10,Month-to-Month,Standard,Digital Wallet,1,64.26,602.96,56.5,0,3,1,No
CUST201900,10,One Year,Basic,Mailed Check,0,15.76,152.0,2.0,1,3,1,No
CUST201901,23,One Year,Standard,Credit Card,0,39.86,902.39,63.2,1,3,0,No
CUST201902,2,Two Year,Standard,Bank Transfer,1,56.69,111.88,68.7,1,2,2,No
CUST201903,27,Two Year,Standard,Credit Card,1,52.92,1366.1,30.9,0,2,2,No
CUST201904,16,Month-to-Month,Premium,Digital Wallet,0,94.26,1460.61,84.1,5,4,0,Yes
CUST201905,12,One Year,Standard,Digital Wallet,1,55.71,634.47,71.1,0,5,1,Yes
CUST201906,44,Month-to-Month,Premium,Digital Wallet,0,89.81,3741.9,105.9,2,5,3,Yes
CUST201907,34,One Year,Premium,Credit Card,1,90.2,2884.46,54.4,5,3,0,No
CUST201908,39,Month-to-Month,Standard,Digital Wallet,1,55.33,2047.87,58.3,1,3,3,No
CUST201909,48,Month-to-Month,Premium,Bank Transfer,0,85.75,4028.89,95.1,0,4,1,No
CUST201910,22,Month-to-Month,Basic,Bank Transfer,1,19.44,422.4,22.9,3,4,1,No
CUST201911,25,One Year,Standard,Bank Transfer,1,51.59,1281.4,72.2,0,4,1,No
CUST201912,7,Month-to-Month,Basic,Credit Card,1,27.3,178.8,4.3,0,3,2,No
CUST201913,9,Month-to-Month,Standard,Credit Card,1,63.69,548.97,61.1,1,4,1,No
CUST201914,26,Month-to-Month,Standard,Credit Card,1,53.38,1361.79,74.5,1,5,1,No
CUST201915,38,One Year,Standard,Digital Wallet,1,50.57,1914.76,64.9,1,3,2,No
CUST201916,34,Month-to-Month,Standard,Mailed Check,0,57.6,1938.49,67.1,1,3,1,No
CUST201917,16,Month-to-Month,Premium,Credit Card,0,87.24,1376.2,69.6,4,4,1,Yes
CUST201918,5,Month-to-Month,Standard,Digital Wallet,0,49.13,243.89,66.2,1,4,0,Yes
CUST201919,16,One Year,Standard,Credit Card,1,52.55,800.47,57.5,0,4,1,No
CUST201920,25,Month-to-Month,Basic,Credit Card,0,24.58,608.08,35.6,1,5,1,No
CUST201921,19,One Year,Standard,Credit Card,0,53.99,961.49,56.9,2,2,1,Yes
CUST201922,37,Month-to-Month,Standard,Digital Wallet,1,43.88,1603.36,46.8,2,3,1,No
CUST201923,30,Month-to-Month,Standard,Credit Card,1,55.93,1592.57,57.6,2,3,1,No
CUST201924,22,Month-to-Month,Standard,Credit Card,1,56.97,1200.19,53.9,3,3,2,Yes
CUST201925,10,Month-to-Month,Standard,Digital Wallet,1,50.51,478.58,65.8,0,4,0,No
CUST201926,13,Month-to-Month,Standard,Credit Card,1,63.09,755.27,56.2,2,3,2,Yes
CUST201927,48,Month-to-Month,Standard,Digital Wallet,1,51.41,2362.46,55.3,0,4,1,No
CUST201928,49,Month-to-Month,Standard,Digital Wallet,1,54.86,2676.62,43.9,2,3,2,No
CUST201929,24,Month-to-Month,Premium,Bank Transfer,0,94.55,2155.63,82.3,2,2,3,No
CUST201930,6,Month-to-Month,Standard,Credit Card,1,56.72,327.62,51.0,0,4,1,No
CUST201931,37,Month-to-Month,Basic,Bank Transfer,1,19.14,686.28,10.9,1,4,0,Yes
CUST201932,20,Month-to-Month,Standard,Digital Wallet,1,55.46,1087.91,62.4,1,3,2,Yes
CUST201933,22,Month-to-Month,Basic,Credit Card,1,20.24,411.38,3.8,2,4,1,No
CUST201934,9,Month-to-Month,Standard,Credit Card,1,48.84,409.53,6.5,0,3,1,Yes
CUST201935,15,One Year,Basic,Bank Transfer,1,32.06,476.5,16.4,4,4,1,No
CUST201936,35,One Year,Basic,Bank Transfer,1,16.69,552.8,28.2,0,3,3,No
CUST201937,49,Month-to-Month,Premium,Mailed Check,1,92.55,4272.0,88.0,3,3,3,No
CUST201938,40,Month-to-Month,Standard,Digital Wallet,1,44.99,1793.17,46.5,4,4,2,No
CUST201939,47,One Year,Premium,Digital Wallet,1,90.55,4040.45,99.8,4,3,2,No
CUST201940,25,Two Year,Standard,Digital Wallet,1,49.31,1218.75,81.2,1,2,0,No
CUST201941,9,Month-to-Month,Premium,Bank Transfer,1,103.64,931.8,86.5,0,2,0,No
CUST201942,6,Month-to-Month,Standard,Mailed Check,1,50.46,294.24,72.1,0,5,3,No
CUST201943,34,Month-to-Month,Premium,Digital Wallet,0,86.84,2729.44,110.0,2,5,4,No
CUST201944,11,One Year,Premium,Credit Card,0,80.87,837.74,86.6,2,3,0,No
CUST201945,19,Month-to-Month,Basic,Bank Transfer,1,23.43,421.07,24.5,1,4,2,Yes
CUST201946,16,Two Year,Premium,Bank Transfer,0,92.26,1456.84,74.2,1,5,0,No
CUST201947,56,Month-to-Month,Standard,Credit Card,1,55.45,2963.34,72.6,0,4,1,No
CUST201948,9,One Year,Standard,Mailed Check,0,51.14,434.56,32.4,2,5,3,No
CUST201949,19,Month-to-Month,Standard,Digital Wallet,1,50.91,909.23,47.8,1,4,1,No
CUST201950,34,Month-to-Month,Standard,Bank Transfer,1,49.99,1656.26,48.9,1,3,1,No
CUST201951,53,Month-to-Month,Basic,Mailed Check,1,15.0,786.37,24.7,3,5,0,No
CUST201952,12,Two Year,Basic,Mailed Check,1,35.98,422.52,10.5,0,5,0,No
CUST201953,35,Month-to-Month,Basic,Credit Card,1,22.84,767.35,29.8,1,4,2,Yes
CUST201954,23,Month-to-Month,Premium,Credit Card,1,96.22,2210.15,81.1,1,4,1,Yes
CUST201955,23,Month-to-Month,Standard,Mailed Check,1,58.56,1308.77,57.4,0,4,1,No
CUST201956,24,Month-to-Month,Basic,Credit Card,0,33.46,797.96,15.2,2,4,3,No
CUST201957,16,Month-to-Month,Premium,Credit Card,0,94.21,1417.44,112.5,0,5,2,No
CUST201958,43,Month-to-Month,Standard,Bank Transfer,0,38.46,1634.16,58.6,0,2,1,Yes
CUST201959,54,Two Year,Standard,Credit Card,1,62.46,3273.4,53.9,1,4,2,No
CUST201960,4,Two Year,Standard,Mailed Check,0,52.7,202.29,42.5,1,4,1,No
CUST201961,25,Month-to-Month,Standard,Bank Transfer,0,49.17,1182.41,69.8,1,3,0,Yes
CUST201962,45,Two Year,Standard,Bank Transfer,1,58.79,2559.32,64.8,2,3,0,No
CUST201963,45,Month-to-Month,Standard,Digital Wallet,0,45.0,1986.1,52.8,4,4,1,Yes
CUST201964,25,One Year,Premium,Bank Transfer,1,93.38,2188.11,95.1,2,3,1,Yes
CUST201965,15,Two Year,Basic,Digital Wallet,0,23.85,356.21,29.2,3,2,2,No
CUST201966,27,Month-to-Month,Basic,Mailed Check,0,28.27,731.53,2.4,0,5,0,No
CUST201967,31,Month-to-Month,Basic,Digital Wallet,0,21.03,610.97,27.8,1,3,1,No
CUST201968,59,One Year,Basic,Bank Transfer,0,17.57,969.44,26.8,0,2,3,No
CUST201969,34,One Year,Standard,Digital Wallet,1,48.54,1532.97,36.8,3,2,2,No
CUST201970,72,Two Year,Basic,Credit Card,1,25.37,1779.84,12.4,1,4,0,No
CUST201971,9,Month-to-Month,Basic,Mailed Check,1,17.6,148.24,34.9,3,2,1,Yes
CUST201972,13,Month-to-Month,Basic,Digital Wallet,0,25.52,331.75,54.6,3,3,3,Yes
CUST201973,27,Month-to-Month,Premium,Credit Card,1,102.05,2582.21,116.4,5,4,2,Yes
CUST201974,29,Month-to-Month,Standard,Bank Transfer,0,53.39,1433.36,71.7,0,5,2,No
CUST201975,42,Month-to-Month,Premium,Bank Transfer,0,90.93,3616.68,99.3,0,3,2,Yes
CUST201976,9,One Year,Premium,Credit Card,1,87.19,779.86,74.8,1,5,2,No
CUST201977,24,Month-to-Month,Basic,Credit Card,0,33.96,777.34,51.3,0,4,3,No
CUST201978,43,Month-to-Month,Standard,Digital Wallet,0,71.95,3068.93,46.4,1,4,0,No
CUST201979,33,Month-to-Month,Standard,Mailed Check,1,60.6,1913.16,43.1,1,5,3,Yes
CUST201980,22,Month-to-Month,Basic,Bank Transfer,1,36.98,791.92,40.9,0,4,1,No
CUST201981,37,One Year,Standard,Digital Wallet,1,48.99,1788.12,73.5,2,2,2,Yes
CUST201982,5,Two Year,Basic,Credit Card,0,24.31,114.5,31.7,2,3,0,No
CUST201983,14,Month-to-Month,Standard,Digital Wallet,0,50.72,654.4,22.9,0,5,0,No
CUST201984,42,Month-to-Month,Premium,Mailed Check,1,103.25,4196.42,86.1,1,3,3,No
CUST201985,32,Month-to-Month,Premium,Digital Wallet,1,85.1,2623.77,122.4,3,2,3,Yes
CUST201986,68,Two Year,Premium,Bank Transfer,0,98.41,6495.14,131.1,1,5,1,No
CUST201987,48,Two Year,Standard,Credit Card,0,46.47,2109.61,67.0,1,3,0,No
CUST201988,16,Two Year,Standard,Mailed Check,1,52.11,810.28,63.0,1,4,1,No
CUST201989,27,Month-to-Month,Standard,Credit Card,0,55.87,1393.96,56.0,1,4,0,No
CUST201990,7,Month-to-Month,Premium,Digital Wallet,1,93.44,652.31,84.2,2,3,0,No
CUST201991,18,Month-to-Month,Premium,Credit Card,0,94.99,1671.9,92.1,2,3,3,Yes
CUST201992,48,Month-to-Month,Standard,Bank Transfer,0,56.42,2534.86,78.3,4,4,2,No
CUST201993,37,Two Year,Standard,Digital Wallet,0,61.48,2189.32,41.4,3,4,1,No
CUST201994,17,One Year,Standard,Credit Card,1,52.98,891.64,45.2,2,4,2,No
CUST201995,15,Month-to-Month,Premium,Credit Card,0,98.12,1354.74,86.0,2,3,1,Yes
CUST201996,66,Month-to-Month,Standard,Credit Card,0,52.75,3263.89,56.0,2,4,1,No
CUST201997,13,Two Year,Basic,Digital Wallet,0,34.33,434.78,31.8,4,3,3,No
CUST201998,16,Month-to-Month,Premium,Bank Transfer,0,93.89,1477.47,95.4,1,2,2,Yes
CUST201999,56,One Year,Basic,Bank Transfer,0,24.09,1270.79,41.5,1,4,0,No
CUST202000,51,One Year,Premium,Digital Wallet,0,94.28,4727.55,80.4,2,2,1,No
CUST202001,25,One Year,Standard,Credit Card,1,57.29,1394.97,60.5,1,3,1,No
CUST202002,20,One Year,Standard,Credit Card,1,60.97,1126.56,39.9,2,2,0,No
CUST202003,33,One Year,Standard,Bank Transfer,1,57.32,1762.5,49.1,0,3,0,No
CUST202004,39,One Year,Premium,Credit Card,1,95.31,3519.17,85.8,3,5,0,No
CUST202005,8,Month-to-Month,Premium,Digital Wallet,1,89.49,713.43,102.3,4,2,2,Yes
CUST202006,19,One Year,Premium,Credit Card,1,95.18,1664.34,93.2,0,1,1,Yes
CUST202007,22,Month-to-Month,Standard,Digital Wallet,0,64.3,1327.99,40.7,2,3,0,Yes
CUST202008,36,Month-to-Month,Standard,Digital Wallet,1,55.42,1934.35,50.9,0,5,1,No
CUST202009,17,One Year,Standard,Digital Wallet,1,62.99,1066.91,43.1,3,4,2,No
CUST202010,15,Two Year,Premium,Digital Wallet,0,91.75,1371.51,61.1,3,4,1,No
CUST202011,63,One Year,Standard,Digital Wallet,0,61.04,3828.9,65.3,1,4,1,No
CUST202012,55,Month-to-Month,Basic,Credit Card,0,35.07,1899.73,9.0,2,3,2,No
CUST202013,10,Two Year,Basic,Credit Card,1,24.87,242.8,8.2,1,4,0,No
CUST202014,62,Two Year,Basic,Credit Card,0,17.69,1024.36,47.6,0,4,0,No
CUST202015,20,Month-to-Month,Standard,Digital Wallet,0,55.68,1099.39,48.2,1,4,2,No
CUST202016,39,Month-to-Month,Standard,Mailed Check,1,54.1,2038.76,31.4,0,4,0,Yes
CUST202017,6,Month-to-Month,Premium,Credit Card,0,83.89,470.63,82.1,4,5,0,Yes
CUST202018,2,One Year,Basic,Credit Card,0,23.15,45.33,23.3,0,5,1,No
CUST202019,30,Month-to-Month,Standard,Credit Card,1,51.2,1532.37,66.5,3,2,1,Yes
CUST202020,25,Month-to-Month,Premium,Credit Card,0,102.64,2415.62,92.1,0,4,0,No
CUST202021,26,Two Year,Basic,Credit Card,1,23.9,583.15,34.0,1,5,2,No
CUST202022,18,Month-to-Month,Standard,Bank Transfer,1,61.81,1092.45,75.9,1,4,0,Yes
CUST202023,15,Month-to-Month,Premium,Bank Transfer,1,92.33,1371.26,115.1,2,4,0,Yes
CUST202024,19,Month-to-Month,Standard,Mailed Check,0,56.17,1047.86,54.7,2,3,1,Yes
CUST202025,31,Month-to-Month,Basic,Credit Card,0,15.0,443.47,17.5,1,5,1,No
CUST202026,48,Month-to-Month,Standard,Digital Wallet,0,49.02,2239.0,73.4,1,5,3,No
CUST202027,42,Month-to-Month,Basic,Bank Transfer,1,28.89,1151.65,61.8,0,4,0,No
CUST202028,16,One Year,Premium,Credit Card,1,87.51,1387.61,77.9,0,5,0,No
CUST202029,25,One Year,Standard,Digital Wallet,1,69.6,1690.07,58.5,1,4,1,No
CUST202030,3,Two Year,Standard,Mailed Check,0,45.79,134.03,60.8,3,4,1,No
CUST202031,20,Two Year,Standard,Credit Card,1,57.52,1119.46,79.4,1,4,0,Yes
CUST202032,36,Month-to-Month,Standard,Mailed Check,1,51.95,1825.34,71.9,2,2,1,Yes
CUST202033,16,Month-to-Month,Basic,Credit Card,1,20.0,306.61,39.3,3,3,0,No
CUST202034,32,One Year,Premium,Credit Card,0,85.75,2697.41,109.8,1,4,2,No
CUST202035,41,Month-to-Month,Standard,Bank Transfer,0,48.4,1865.21,62.7,2,3,1,Yes
CUST202036,35,Two Year,Premium,Credit Card,1,87.89,3023.22,109.3,0,4,1,No
CUST202037,21,Month-to-Month,Basic,Credit Card,1,29.25,574.85,19.0,2,3,2,Yes
CUST202038,72,Month-to-Month,Premium,Bank Transfer,1,94.83,6305.43,86.8,5,2,1,Yes
CUST202039,63,Month-to-Month,Premium,Digital Wallet,0,89.39,5368.71,104.1,0,3,1,No
CUST202040,22,Month-to-Month,Basic,Credit Card,1,23.09,485.18,23.0,0,3,3,No
CUST202041,33,One Year,Standard,Digital Wallet,0,47.53,1513.04,58.8,5,2,2,Yes
CUST202042,30,Month-to-Month,Standard,Mailed Check,0,51.75,1437.12,44.3,3,2,2,Yes
CUST202043,56,Two Year,Standard,Credit Card,1,56.75,2927.75,62.1,1,3,1,No
CUST202044,29,One Year,Premium,Digital Wallet,0,87.45,2481.8,106.0,2,3,0,Yes
CUST202045,25,Two Year,Basic,Credit Card,0,20.56,512.2,20.9,1,4,0,No
CUST202046,24,Two Year,Standard,Credit Card,0,49.71,1127.08,42.7,1,2,0,No
CUST202047,59,One Year,Premium,Digital Wallet,0,93.35,5414.07,80.8,2,4,3,No
CUST202048,48,Two Year,Basic,Credit Card,1,36.77,1752.88,15.3,1,4,1,No
CUST202049,53,One Year,Standard,Digital Wallet,1,60.35,3030.57,68.5,1,4,1,Yes
CUST202050,25,Month-to-Month,Premium,Mailed Check,0,99.95,2315.37,104.0,1,3,1,Yes
CUST202051,6,Month-to-Month,Premium,Digital Wallet,1,89.56,532.49,105.4,0,4,1,No
CUST202052,19,Month-to-Month,Premium,Digital Wallet,1,93.78,1725.77,82.3,0,4,1,No
CUST202053,41,Month-to-Month,Basic,Credit Card,0,26.25,1037.33,9.1,1,4,1,No
CUST202054,41,One Year,Standard,Credit Card,0,51.31,1959.15,39.2,1,3,0,No
CUST202055,26,Two Year,Standard,Bank Transfer,1,57.72,1394.36,64.2,1,3,0,Yes
CUST202056,52,One Year,Basic,Bank Transfer,0,30.22,1449.46,13.8,2,4,2,No
CUST202057,25,Month-to-Month,Standard,Digital Wallet,1,42.64,1026.74,53.2,1,4,2,Yes
CUST202058,72,Month-to-Month,Basic,Credit Card,1,28.74,1966.54,14.1,0,5,0,No
CUST202059,7,Two Year,Standard,Credit Card,1,53.15,346.81,56.8,2,3,0,Yes
CUST202060,28,Two Year,Standard,Bank Transfer,1,56.38,1513.92,54.4,1,3,1,No
CUST202061,28,Month-to-Month,Basic,Digital Wallet,1,16.48,428.88,20.8,0,4,1,No
CUST202062,31,Month-to-Month,Basic,Bank Transfer,1,27.33,804.06,27.6,0,4,0,Yes
CUST202063,13,Month-to-Month,Premium,Credit Card,0,98.93,1265.66,73.1,0,3,1,Yes
CUST202064,21,Month-to-Month,Premium,Digital Wallet,1,86.46,1798.69,116.6,1,4,1,No
CUST202065,38,Two Year,Standard,Bank Transfer,0,56.69,2084.17,36.9,3,3,3,No
CUST202066,16,Month-to-Month,Standard,Bank Transfer,1,50.07,738.97,49.0,1,3,1,No
CUST202067,11,Month-to-Month,Premium,Mailed Check,1,92.15,949.58,127.0,2,2,2,No
CUST202068,72,One Year,Basic,Mailed Check,0,17.7,1185.73,31.3,0,4,0,No
CUST202069,27,Month-to-Month,Premium,Credit Card,0,89.83,2352.68,97.0,2,4,2,No
CUST202070,24,Month-to-Month,Basic,Digital Wallet,1,27.22,644.43,27.4,1,4,1,Yes
CUST202071,8,One Year,Basic,Bank Transfer,0,19.52,150.99,29.6,1,3,1,No
CUST202072,14,Month-to-Month,Basic,Digital Wallet,1,24.58,338.13,35.7,0,3,0,No
CUST202073,35,Month-to-Month,Standard,Credit Card,1,53.52,1850.88,77.7,0,4,2,No
CUST202074,16,Month-to-Month,Standard,Digital Wallet,1,51.44,820.97,63.1,4,3,1,Yes
CUST202075,16,Month-to-Month,Basic,Mailed Check,0,22.48,345.54,13.9,2,4,5,No
CUST202076,27,Month-to-Month,Standard,Bank Transfer,1,62.79,1570.29,53.4,0,4,0,No
CUST202077,22,Month-to-Month,Standard,Credit Card,1,55.28,1150.58,42.7,1,5,1,No
CUST202078,19,Month-to-Month,Standard,Digital Wallet,0,70.77,1279.8,45.9,3,2,2,Yes
CUST202079,57,Two Year,Standard,Mailed Check,1,68.66,3810.16,49.2,0,4,2,No
CUST202080,2,One Year,Premium,Digital Wallet,1,89.39,165.35,71.0,0,4,1,Yes
CUST202081,48,Two Year,Basic,Bank Transfer,1,23.53,1090.83,40.0,0,4,0,No
CUST202082,31,Two Year,Standard,Credit Card,1,56.96,1722.7,57.9,4,3,1,No
CUST202083,6,Month-to-Month,Standard,Credit Card,1,55.56,315.75,42.2,1,4,2,Yes
CUST202084,7,Month-to-Month,Standard,Bank Transfer,1,54.97,363.08,11.9,1,3,1,Yes
CUST202085,14,Two Year,Standard,Credit Card,1,46.7,651.68,55.2,3,4,1,No
CUST202086,31,Month-to-Month,Basic,Bank Transfer,1,27.91,841.41,19.4,1,3,1,No
CUST202087,20,One Year,Basic,Mailed Check,1,18.1,346.14,45.4,3,3,0,Yes
CUST202088,51,Two Year,Standard,Bank Transfer,0,53.84,2553.38,95.0,0,3,1,No
CUST202089,71,Month-to-Month,Standard,Credit Card,1,54.41,3760.68,51.5,1,3,0,No
CUST202090,14,One Year,Standard,Credit Card,1,45.85,610.42,61.4,1,4,0,No
CUST202091,64,Month-to-Month,Standard,Digital Wallet,0,60.7,3582.68,79.1,0,4,0,No
CUST202092,46,Month-to-Month,Standard,Credit Card,0,75.54,3200.06,57.7,0,3,1,Yes
CUST202093,16,Month-to-Month,Basic,Credit Card,1,23.66,359.22,23.3,1,2,1,Yes
CUST202094,27,Month-to-Month,Basic,Bank Transfer,1,24.71,662.75,41.2,2,4,0,Yes
CUST202095,34,Month-to-Month,Standard,Credit Card,1,56.69,1785.99,56.0,3,1,0,Yes
CUST202096,21,One Year,Standard,Credit Card,1,57.53,1199.36,68.7,1,3,0,No
CUST202097,47,Month-to-Month,Standard,Mailed Check,1,51.98,2307.61,51.0,1,2,1,Yes
CUST202098,23,One Year,Basic,Digital Wallet,1,21.69,494.01,2.0,0,4,2,No
CUST202099,26,Month-to-Month,Premium,Credit Card,1,90.88,2252.43,100.4,2,4,1,No
CUST202100,11,Month-to-Month,Premium,Digital Wallet,1,99.02,1029.53,105.4,0,4,1,Yes
CUST202101,18,One Year,Standard,Mailed Check,0,62.03,1032.22,71.7,4,3,1,No
CUST202102,12,Month-to-Month,Premium,Credit Card,0,91.5,1018.84,123.1,1,3,1,No
CUST202103,52,One Year,Basic,Bank Transfer,1,23.81,1201.72,40.5,1,3,2,No
CUST202104,49,Month-to-Month,Premium,Bank Transfer,0,99.24,4709.07,106.4,2,4,1,Yes
CUST202105,42,Month-to-Month,Standard,Bank Transfer,1,63.28,2479.23,57.6,0,3,3,Yes
CUST202106,23,One Year,Premium,Digital Wallet,0,84.55,1843.97,74.1,0,4,0,No
CUST202107,6,Month-to-Month,Premium,Digital Wallet,0,97.79,576.82,94.3,3,2,1,Yes
CUST202108,21,One Year,Premium,Credit Card,0,93.22,1919.49,100.0,1,4,4,No
CUST202109,64,Month-to-Month,Standard,Bank Transfer,0,44.12,2712.3,31.0,2,2,2,No
CUST202110,60,Month-to-Month,Standard,Bank Transfer,0,63.52,3751.13,75.7,1,3,1,No
CUST202111,23,One Year,Standard,Digital Wallet,1,47.77,1096.11,45.0,2,4,1,No
CUST202112,15,One Year,Standard,Bank Transfer,0,65.33,933.25,63.7,1,4,1,No
CUST202113,30,Month-to-Month,Basic,Bank Transfer,1,32.54,975.46,18.8,1,3,5,No
CUST202114,22,Month-to-Month,Basic,Bank Transfer,1,22.78,493.83,34.3,3,3,2,No
CUST202115,44,Month-to-Month,Basic,Mailed Check,1,27.7,1148.19,42.0,1,4,2,No
CUST202116,27,One Year,Premium,Bank Transfer,1,99.52,2472.42,99.5,1,4,1,No
CUST202117,18,Month-to-Month,Premium,Credit Card,1,96.9,1629.42,105.3,1,4,0,No
CUST202118,57,One Year,Premium,Digital Wallet,0,94.92,5035.53,108.4,2,3,2,No
CUST202119,38,Two Year,Standard,Credit Card,0,63.47,2341.68,51.8,2,4,2,No
CUST202120,17,Month-to-Month,Basic,Digital Wallet,1,29.26,484.82,29.4,3,5,4,Yes
CUST202121,46,One Year,Standard,Credit Card,1,53.62,2441.28,67.7,1,5,1,No
CUST202122,16,Month-to-Month,Standard,Digital Wallet,0,47.99,738.66,63.0,3,4,1,No
CUST202123,43,Month-to-Month,Premium,Bank Transfer,1,100.41,4297.06,97.9,2,4,1,Yes
CUST202124,17,Month-to-Month,Standard,Digital Wallet,0,59.9,1000.54,50.3,1,2,1,Yes
CUST202125,43,Month-to-Month,Standard,Credit Card,1,53.89,2264.18,78.0,0,5,0,No
CUST202126,31,Month-to-Month,Premium,Digital Wallet,1,103.09,3117.23,101.2,0,4,1,Yes
CUST202127,72,Two Year,Basic,Credit Card,1,31.19,2073.58,37.4,1,2,0,No
CUST202128,37,Two Year,Standard,Digital Wallet,1,65.64,2402.25,23.3,0,3,0,No
CUST202129,18,Two Year,Standard,Credit Card,1,53.42,958.71,46.5,2,5,1,No
CUST202130,24,Two Year,Premium,Credit Card,1,93.02,2076.93,74.7,1,3,2,No
CUST202131,3,Month-to-Month,Standard,Bank Transfer,1,48.48,142.35,49.6,1,2,1,Yes
CUST202132,5,One Year,Basic,Bank Transfer,1,15.0,70.94,41.0,1,5,1,No
CUST202133,24,Two Year,Standard,Credit Card,1,61.97,1418.1,74.6,0,3,2,No
CUST202134,36,Month-to-Month,Premium,Digital Wallet,1,91.19,3044.21,105.8,2,2,1,No
CUST202135,42,One Year,Premium,Bank Transfer,1,81.94,3432.85,72.9,0,4,1,No
CUST202136,18,One Year,Standard,Bank Transfer,1,53.81,899.45,58.4,0,2,2,No
CUST202137,11,Month-to-Month,Basic,Credit Card,0,25.48,271.45,16.8,5,2,2,No
CUST202138,22,One Year,Standard,Mailed Check,1,51.97,1063.17,67.8,2,4,1,No
CUST202139,58,One Year,Premium,Digital Wallet,1,96.8,5376.12,106.7,0,5,3,No
CUST202140,58,One Year,Standard,Credit Card,1,62.68,3348.96,41.5,2,3,0,No
CUST202141,32,Month-to-Month,Premium,Mailed Check,0,92.74,2926.78,108.8,2,3,1,Yes
CUST202142,18,Two Year,Standard,Mailed Check,1,53.13,923.31,52.9,2,3,1,No
CUST202143,21,Month-to-Month,Premium,Bank Transfer,0,100.89,2039.55,105.7,0,3,2,Yes
CUST202144,8,One Year,Basic,Bank Transfer,1,30.02,231.15,42.6,1,2,0,No
CUST202145,42,Month-to-Month,Standard,Digital Wallet,0,52.24,2141.45,43.3,1,3,1,No
CUST202146,19,One Year,Standard,Bank Transfer,0,55.34,1027.86,65.6,1,2,0,Yes
CUST202147,26,Month-to-Month,Standard,Bank Transfer,1,58.15,1481.7,51.3,1,5,1,No
CUST202148,24,One Year,Basic,Credit Card,1,37.48,835.51,38.5,3,1,1,No
CUST202149,48,One Year,Basic,Bank Transfer,1,24.92,1114.98,2.0,4,2,1,No
CUST202150,23,Month-to-Month,Standard,Mailed Check,0,56.51,1232.31,65.7,2,3,0,Yes
CUST202151,31,One Year,Premium,Mailed Check,0,99.96,3003.09,91.1,3,4,1,Yes
CUST202152,22,Month-to-Month,Standard,Credit Card,0,61.45,1292.68,53.0,2,3,1,No
CUST202153,40,Month-to-Month,Basic,Credit Card,1,25.45,988.22,10.8,3,4,1,No
CUST202154,29,Month-to-Month,Basic,Mailed Check,0,37.22,1075.58,34.7,0,4,0,No
CUST202155,37,Month-to-Month,Basic,Bank Transfer,0,23.28,849.78,18.6,2,3,1,No
CUST202156,15,Month-to-Month,Standard,Credit Card,1,55.3,764.47,37.0,1,4,1,No
CUST202157,24,Two Year,Basic,Credit Card,0,18.76,424.47,52.4,0,4,1,No
CUST202158,6,Month-to-Month,Standard,Digital Wallet,1,47.7,272.39,50.7,0,4,2,Yes
CUST202159,26,One Year,Standard,Credit Card,1,53.93,1334.43,42.5,1,3,1,No
CUST202160,7,One Year,Basic,Bank Transfer,1,28.65,191.47,31.2,1,5,1,No
CUST202161,10,One Year,Basic,Credit Card,1,35.03,347.71,37.1,3,2,0,No
CUST202162,41,One Year,Standard,Digital Wallet,0,48.04,1969.26,53.1,3,1,0,Yes
CUST202163,72,Month-to-Month,Premium,Credit Card,1,92.56,6173.97,108.4,0,4,1,No
CUST202164,7,Two Year,Standard,Mailed Check,1,60.97,409.85,43.7,0,4,2,No
CUST202165,26,Month-to-Month,Standard,Bank Transfer,1,60.69,1453.73,49.8,1,3,1,No
CUST202166,12,Two Year,Standard,Bank Transfer,1,56.17,653.21,55.0,0,2,1,No
CUST202167,19,Month-to-Month,Standard,Bank Transfer,1,56.61,1052.1,49.8,3,2,2,Yes
CUST202168,28,Month-to-Month,Basic,Digital Wallet,0,27.79,747.31,31.7,2,4,2,Yes
CUST202169,4,Month-to-Month,Standard,Bank Transfer,0,51.58,201.59,68.7,0,2,1,Yes
CUST202170,57,One Year,Premium,Bank Transfer,0,104.25,5752.87,87.1,2,3,1,No
CUST202171,22,Month-to-Month,Standard,Bank Transfer,1,57.38,1246.2,43.7,2,4,4,No
CUST202172,22,Month-to-Month,Standard,Bank Transfer,1,52.23,1092.87,54.9,3,4,1,No
CUST202173,32,Month-to-Month,Standard,Credit Card,0,60.08,1880.54,42.5,0,3,1,No
CUST202174,35,Month-to-Month,Standard,Mailed Check,0,58.98,1988.88,52.7,2,4,1,No
CUST202175,6,Month-to-Month,Standard,Digital Wallet,1,48.74,281.22,50.6,2,2,2,No
CUST202176,42,Two Year,Premium,Bank Transfer,1,90.71,3534.35,113.5,2,4,2,No
CUST202177,10,Month-to-Month,Standard,Digital Wallet,1,56.66,560.54,31.0,2,3,0,Yes
CUST202178,27,Month-to-Month,Standard,Bank Transfer,1,61.38,1654.23,41.8,3,3,2,No
CUST202179,20,One Year,Premium,Digital Wallet,1,99.02,1881.31,86.9,2,2,1,No
CUST202180,39,Month-to-Month,Premium,Credit Card,0,92.11,3449.46,94.9,1,3,2,No
CUST202181,30,One Year,Basic,Bank Transfer,1,26.15,728.52,14.3,2,4,1,No
CUST202182,9,Month-to-Month,Premium,Digital Wallet,1,105.23,884.41,101.8,0,2,1,No
CUST202183,26,Two Year,Standard,Bank Transfer,1,45.37,1168.17,61.7,0,2,2,No
CUST202184,39,Month-to-Month,Premium,Mailed Check,1,106.74,3871.26,81.8,2,3,2,Yes
CUST202185,19,Month-to-Month,Premium,Bank Transfer,1,87.05,1546.75,81.0,1,4,1,No
CUST202186,32,Month-to-Month,Basic,Bank Transfer,0,26.62,851.8,8.3,0,4,1,No
CUST202187,13,One Year,Premium,Mailed Check,1,94.29,1149.05,111.4,2,4,1,No
CUST202188,40,Month-to-Month,Standard,Digital Wallet,0,39.61,1519.42,61.1,2,4,1,No
CUST202189,14,Month-to-Month,Basic,Digital Wallet,0,41.03,570.84,32.3,0,5,1,No
CUST202190,22,Month-to-Month,Standard,Credit Card,1,56.21,1216.68,88.7,2,5,1,No
CUST202191,9,One Year,Standard,Credit Card,1,66.49,578.49,57.7,0,3,1,No
CUST202192,22,Month-to-Month,Standard,Digital Wallet,0,47.31,1021.2,50.8,0,4,2,No
CUST202193,31,Month-to-Month,Standard,Credit Card,1,50.84,1501.69,34.5,3,3,1,No
CUST202194,11,Month-to-Month,Standard,Digital Wallet,1,54.36,565.41,66.6,0,3,1,Yes
CUST202195,38,Month-to-Month,Standard,Bank Transfer,1,51.24,1852.36,54.9,0,3,1,No
CUST202196,72,One Year,Standard,Mailed Check,0,58.56,3924.98,55.2,0,4,0,No
CUST202197,34,Two Year,Premium,Digital Wallet,1,101.56,3255.99,130.7,3,3,3,No
CUST202198,24,Two Year,Premium,Credit Card,1,90.71,2134.41,99.4,1,4,4,No
CUST202199,16,Two Year,Premium,Bank Transfer,1,88.69,1360.85,89.3,1,4,0,No
CUST202200,59,Month-to-Month,Standard,Bank Transfer,0,53.54,2992.18,54.2,3,3,0,No
CUST202201,9,One Year,Standard,Credit Card,1,60.25,515.98,62.2,1,4,0,No
CUST202202,39,Month-to-Month,Standard,Credit Card,1,57.83,2194.81,56.6,0,3,3,Yes
CUST202203,16,One Year,Standard,Digital Wallet,0,57.41,885.77,72.8,1,4,2,Yes
CUST202204,42,Two Year,Standard,Bank Transfer,1,49.17,1979.03,66.1,0,3,0,No
CUST202205,46,Month-to-Month,Basic,Bank Transfer,1,27.06,1164.11,18.8,2,5,0,No
CUST202206,44,Two Year,Standard,Bank Transfer,1,50.56,2055.54,62.4,2,3,0,No
CUST202207,30,Month-to-Month,Basic,Bank Transfer,1,22.34,616.62,24.8,1,3,1,No
CUST202208,17,Month-to-Month,Standard,Digital Wallet,0,59.55,958.92,90.4,3,3,0,No
CUST202209,31,Month-to-Month,Standard,Credit Card,0,45.37,1351.96,38.4,1,4,1,No
CUST202210,27,One Year,Basic,Digital Wallet,1,24.41,645.48,16.3,2,3,1,No
CUST202211,72,One Year,Basic,Digital Wallet,0,19.76,1405.63,2.0,3,3,1,Yes
CUST202212,13,Month-to-Month,Standard,Credit Card,1,55.45,719.67,52.3,2,3,0,Yes
CUST202213,46,Month-to-Month,Premium,Digital Wallet,1,89.64,4014.4,92.4,2,3,1,Yes
CUST202214,51,One Year,Basic,Bank Transfer,1,15.0,754.67,11.1,3,3,1,No
CUST202215,25,Month-to-Month,Basic,Digital Wallet,1,21.95,511.07,36.0,2,3,0,Yes
CUST202216,38,One Year,Premium,Bank Transfer,1,97.49,3548.29,88.2,0,4,1,No
CUST202217,60,Month-to-Month,Standard,Digital Wallet,0,51.8,2939.01,68.4,2,3,1,No
CUST202218,10,Month-to-Month,Basic,Credit Card,0,28.4,264.22,22.5,1,2,1,Yes
CUST202219,47,Month-to-Month,Basic,Bank Transfer,1,35.06,1597.18,18.1,2,2,0,Yes
CUST202220,22,Month-to-Month,Standard,Credit Card,1,46.14,992.3,54.2,0,2,2,No
CUST202221,25,Two Year,Premium,Digital Wallet,1,94.01,2164.54,88.1,2,3,0,Yes
CUST202222,71,Month-to-Month,Basic,Credit Card,0,28.58,1989.94,50.2,2,4,1,No
CUST202223,64,Month-to-Month,Premium,Digital Wallet,0,101.3,6055.99,106.4,2,3,1,No
CUST202224,25,Month-to-Month,Standard,Digital Wallet,1,60.19,1500.88,69.5,1,4,1,Yes
CUST202225,7,Month-to-Month,Standard,Credit Card,1,58.05,381.51,68.1,1,4,0,Yes
CUST202226,14,Month-to-Month,Premium,Bank Transfer,1,91.07,1231.21,95.4,0,4,0,Yes
CUST202227,34,Month-to-Month,Standard,Mailed Check,1,47.57,1564.46,56.5,0,3,1,Yes
CUST202228,64,Month-to-Month,Basic,Bank Transfer,1,20.49,1270.07,37.7,2,3,1,No
CUST202229,14,Two Year,Standard,Credit Card,1,45.45,626.73,62.0,0,4,1,Yes
CUST202230,36,Month-to-Month,Basic,Digital Wallet,0,27.11,910.09,35.9,1,2,0,No
CUST202231,70,One Year,Premium,Digital Wallet,1,97.87,6530.85,89.1,2,4,2,No
CUST202232,15,Month-to-Month,Standard,Digital Wallet,1,57.38,804.15,34.5,3,3,2,No
CUST202233,13,Two Year,Standard,Credit Card,1,58.78,731.28,57.6,1,4,3,No
CUST202234,13,Month-to-Month,Basic,Bank Transfer,0,26.23,322.78,37.5,3,1,2,Yes
CUST202235,16,Month-to-Month,Premium,Credit Card,0,88.68,1314.63,108.9,2,3,0,Yes
CUST202236,72,Month-to-Month,Standard,Digital Wallet,1,53.81,3585.58,78.9,1,4,1,No
CUST202237,47,Month-to-Month,Premium,Credit Card,0,100.51,4630.08,72.2,0,2,1,No
CUST202238,27,Month-to-Month,Standard,Mailed Check,1,57.71,1459.51,46.6,2,2,2,No
CUST202239,13,Month-to-Month,Standard,Credit Card,0,54.07,649.91,15.1,1,4,2,Yes
CUST202240,18,Month-to-Month,Standard,Digital Wallet,1,56.19,1008.4,62.2,1,4,1,No
CUST202241,18,Month-to-Month,Basic,Bank Transfer,1,28.72,481.28,8.3,2,4,2,No
CUST202242,31,One Year,Standard,Mailed Check,0,57.01,1637.3,46.1,2,5,1,No
CUST202243,24,Month-to-Month,Basic,Digital Wallet,0,16.66,373.99,23.5,3,3,2,No
CUST202244,39,One Year,Premium,Bank Transfer,1,101.13,3890.73,85.1,1,4,2,No
CUST202245,38,Month-to-Month,Basic,Bank Transfer,1,20.98,784.45,31.7,1,2,1,Yes
CUST202246,8,One Year,Standard,Credit Card,0,62.38,471.75,42.4,0,3,0,Yes
CUST202247,12,One Year,Standard,Digital Wallet,1,60.59,691.15,65.3,1,3,1,Yes
CUST202248,2,One Year,Standard,Credit Card,0,48.48,91.33,58.6,2,3,1,No
CUST202249,8,Month-to-Month,Standard,Digital Wallet,1,57.0,438.42,62.6,0,3,1,Yes
CUST202250,46,Month-to-Month,Basic,Credit Card,1,32.44,1489.36,16.9,2,4,0,Yes
CUST202251,12,Month-to-Month,Basic,Digital Wallet,0,29.37,326.5,2.0,1,5,0,No
CUST202252,22,Month-to-Month,Basic,Digital Wallet,0,31.22,647.19,2.0,4,3,3,Yes
CUST202253,37,Month-to-Month,Standard,Digital Wallet,0,54.88,1925.11,52.8,1,4,0,Yes
CUST202254,17,Two Year,Premium,Credit Card,1,89.41,1402.58,109.6,2,3,1,No
CUST202255,29,Month-to-Month,Premium,Digital Wallet,0,107.27,3028.09,86.4,3,4,0,No
CUST202256,33,One Year,Premium,Bank Transfer,0,99.97,3274.65,96.5,2,4,1,No
CUST202257,20,Month-to-Month,Basic,Credit Card,1,19.58,378.97,42.5,0,3,0,No
CUST202258,56,Two Year,Basic,Mailed Check,1,17.82,930.59,14.5,1,4,0,No
CUST202259,15,Month-to-Month,Premium,Digital Wallet,0,103.16,1438.36,94.3,2,2,2,No
CUST202260,20,Month-to-Month,Standard,Digital Wallet,0,53.84,1066.8,73.3,0,3,1,No
CUST202261,20,Month-to-Month,Standard,Credit Card,1,51.04,959.77,45.3,2,3,3,No
CUST202262,16,Month-to-Month,Premium,Credit Card,1,95.8,1505.06,107.6,0,3,3,Yes
CUST202263,19,Month-to-Month,Standard,Bank Transfer,0,57.1,1059.04,56.2,3,5,1,No
CUST202264,51,Two Year,Basic,Digital Wallet,1,15.0,716.8,2.0,1,3,2,No
CUST202265,67,One Year,Basic,Credit Card,1,15.0,1001.11,48.2,0,3,0,No
CUST202266,7,Month-to-Month,Premium,Digital Wallet,0,87.48,586.43,92.5,3,3,0,No
CUST202267,37,One Year,Basic,Credit Card,1,23.03,812.9,29.8,3,4,0,No
CUST202268,13,Month-to-Month,Standard,Digital Wallet,0,58.98,709.29,69.4,2,4,2,No
CUST202269,44,Month-to-Month,Premium,Digital Wallet,0,106.74,4408.11,103.8,0,3,2,No
CUST202270,10,Two Year,Standard,Credit Card,0,53.44,521.95,51.8,1,3,1,No
CUST202271,31,Month-to-Month,Standard,Bank Transfer,1,47.43,1431.88,56.9,2,3,1,No
CUST202272,72,One Year,Premium,Bank Transfer,1,89.75,5949.69,106.5,1,3,2,Yes
CUST202273,32,Month-to-Month,Standard,Digital Wallet,1,55.62,1673.61,95.4,4,4,1,Yes
CUST202274,38,Month-to-Month,Basic,Bank Transfer,0,23.09,838.68,20.4,3,2,1,Yes
CUST202275,70,Two Year,Basic,Bank Transfer,1,38.2,2515.22,4.9,6,2,2,Yes
CUST202276,60,One Year,Premium,Credit Card,1,97.6,5429.84,96.1,0,5,1,No
CUST202277,23,Month-to-Month,Standard,Credit Card,0,48.4,1048.42,54.3,1,3,0,No
CUST202278,21,One Year,Basic,Bank Transfer,1,30.3,626.13,43.0,1,4,0,No
CUST202279,64,Month-to-Month,Standard,Bank Transfer,1,45.38,2849.52,81.5,1,5,1,Yes
CUST202280,42,Month-to-Month,Basic,Digital Wallet,0,30.56,1249.87,21.0,3,4,0,Yes
CUST202281,10,One Year,Basic,Digital Wallet,1,26.81,259.36,27.2,2,3,1,No
CUST202282,47,Month-to-Month,Standard,Digital Wallet,1,58.13,2730.79,80.5,2,3,0,No
CUST202283,16,One Year,Standard,Bank Transfer,1,45.84,682.67,44.4,0,4,1,No
CUST202284,72,Month-to-Month,Standard,Digital Wallet,1,56.98,3983.18,16.3,0,4,0,No
CUST202285,7,Month-to-Month,Premium,Credit Card,0,97.26,666.14,105.5,1,4,2,Yes
CUST202286,57,Two Year,Standard,Digital Wallet,1,57.55,3217.64,69.2,1,3,1,No
CUST202287,13,Month-to-Month,Standard,Credit Card,0,51.13,648.89,66.1,1,3,1,Yes
CUST202288,27,One Year,Standard,Bank Transfer,1,57.54,1441.18,41.5,0,3,1,No
CUST202289,44,Two Year,Basic,Credit Card,1,28.24,1184.76,5.7,4,4,1,No
CUST202290,11,One Year,Premium,Bank Transfer,0,85.97,936.43,106.0,0,3,0,No
CUST202291,8,Two Year,Basic,Credit Card,1,18.52,139.43,16.8,4,4,2,Yes
CUST202292,3,Month-to-Month,Standard,Digital Wallet,1,53.53,148.68,38.1,2,3,0,Yes
CUST202293,34,Month-to-Month,Basic,Bank Transfer,1,27.78,889.3,23.0,2,3,0,Yes
CUST202294,48,One Year,Premium,Digital Wallet,0,92.91,4157.65,87.1,2,3,1,No
CUST202295,33,Month-to-Month,Basic,Digital Wallet,1,29.25,906.41,18.1,1,4,1,No
CUST202296,54,Two Year,Premium,Bank Transfer,1,94.35,4711.24,89.9,1,5,0,No
CUST202297,28,One Year,Standard,Credit Card,1,58.34,1612.25,33.5,0,4,0,No
CUST202298,40,One Year,Premium,Credit Card,1,84.59,3181.0,102.3,0,3,0,Yes
CUST202299,1,One Year,Premium,Mailed Check,1,95.25,89.28,59.2,2,4,0,Yes
CUST202300,27,Month-to-Month,Standard,Bank Transfer,1,64.87,1611.52,46.2,2,5,0,No
CUST202301,28,Month-to-Month,Basic,Credit Card,1,18.48,481.52,43.2,1,2,0,Yes
CUST202302,22,Month-to-Month,Premium,Digital Wallet,1,94.84,1992.74,101.5,2,3,2,No
CUST202303,72,Month-to-Month,Premium,Bank Transfer,1,96.32,6470.54,109.3,3,4,0,No
CUST202304,72,Month-to-Month,Standard,Mailed Check,0,52.68,3637.04,23.6,1,4,0,Yes
CUST202305,47,One Year,Standard,Credit Card,1,48.35,2229.9,47.6,2,5,0,No
CUST202306,72,Month-to-Month,Basic,Credit Card,0,37.49,2597.61,51.6,1,4,0,No
CUST202307,9,Two Year,Standard,Bank Transfer,1,56.43,498.01,55.1,1,4,0,No
CUST202308,37,Month-to-Month,Basic,Credit Card,1,25.6,935.92,2.0,3,3,1,No
CUST202309,29,Month-to-Month,Basic,Mailed Check,1,31.71,855.9,18.3,1,2,0,Yes
CUST202310,28,Two Year,Standard,Bank Transfer,0,55.08,1522.88,61.4,3,1,0,Yes
CUST202311,35,One Year,Premium,Mailed Check,0,89.02,3083.73,85.4,2,3,5,No
CUST202312,36,Month-to-Month,Basic,Bank Transfer,0,17.03,592.77,28.7,0,4,1,No
CUST202313,18,One Year,Standard,Digital Wallet,0,63.06,1047.38,46.5,0,4,1,No
CUST202314,39,Month-to-Month,Standard,Mailed Check,0,57.58,2174.12,83.9,3,3,0,No
CUST202315,20,Month-to-Month,Standard,Mailed Check,1,48.25,935.58,61.5,1,3,2,No
CUST202316,62,Two Year,Basic,Mailed Check,0,25.15,1442.38,22.9,3,3,1,No
CUST202317,25,Two Year,Premium,Credit Card,1,87.22,2041.24,106.1,5,4,0,No
CUST202318,17,One Year,Premium,Credit Card,1,96.9,1619.82,92.8,2,2,3,Yes
CUST202319,22,Month-to-Month,Standard,Credit Card,1,63.73,1307.86,56.7,3,3,0,No
CUST202320,5,Month-to-Month,Premium,Bank Transfer,1,93.47,452.57,80.0,0,4,1,No
CUST202321,13,Month-to-Month,Premium,Digital Wallet,1,97.66,1246.65,103.8,0,4,3,No
CUST202322,22,Month-to-Month,Standard,Bank Transfer,1,57.42,1181.66,71.0,1,4,3,No
CUST202323,17,Two Year,Standard,Credit Card,0,48.12,777.43,61.6,3,3,1,No
CUST202324,11,Month-to-Month,Standard,Digital Wallet,1,58.1,633.59,34.0,2,3,1,Yes
CUST202325,39,Month-to-Month,Standard,Digital Wallet,0,61.02,2207.33,46.0,1,2,0,No
CUST202326,11,One Year,Standard,Bank Transfer,1,59.76,652.95,45.8,1,3,0,No
CUST202327,13,Month-to-Month,Premium,Mailed Check,0,91.5,1175.29,100.9,2,5,1,Yes
CUST202328,19,One Year,Standard,Credit Card,1,59.97,1076.47,56.5,2,3,1,No
CUST202329,27,Month-to-Month,Standard,Digital Wallet,0,54.16,1393.0,59.1,3,3,2,No
CUST202330,18,Month-to-Month,Basic,Credit Card,0,27.88,480.88,17.3,3,3,1,Yes
CUST202331,20,Month-to-Month,Basic,Bank Transfer,0,32.89,617.19,14.6,3,3,1,Yes
CUST202332,26,Month-to-Month,Standard,Credit Card,1,52.85,1270.43,63.6,1,4,2,No
CUST202333,24,Month-to-Month,Standard,Credit Card,1,47.37,1045.99,55.3,1,5,1,No
CUST202334,23,Two Year,Basic,Digital Wallet,1,19.53,444.66,26.1,1,3,3,No
CUST202335,38,One Year,Standard,Digital Wallet,1,60.21,2131.89,35.9,0,4,2,No
CUST202336,19,One Year,Premium,Bank Transfer,0,87.05,1623.02,102.4,1,3,0,Yes
CUST202337,10,Month-to-Month,Basic,Mailed Check,0,20.11,191.72,14.4,0,4,2,Yes
CUST202338,54,One Year,Basic,Bank Transfer,0,19.78,1049.27,20.6,2,3,3,No
CUST202339,41,Month-to-Month,Premium,Bank Transfer,0,84.97,3354.52,83.5,1,4,0,Yes
CUST202340,65,Month-to-Month,Standard,Digital Wallet,1,59.47,3809.59,59.7,2,4,0,No
CUST202341,20,One Year,Standard,Mailed Check,0,54.16,1055.96,48.5,3,4,3,No
CUST202342,47,One Year,Standard,Digital Wallet,1,56.76,2565.88,72.2,0,4,1,No
CUST202343,4,Two Year,Standard,Digital Wallet,1,51.08,200.75,64.1,1,3,0,No
CUST202344,48,Two Year,Standard,Digital Wallet,1,55.16,2488.39,57.2,0,4,0,No
CUST202345,42,Month-to-Month,Basic,Credit Card,1,32.37,1268.91,2.0,2,4,1,No
CUST202346,16,Month-to-Month,Standard,Bank Transfer,1,47.48,732.75,62.1,1,2,1,Yes
CUST202347,11,Month-to-Month,Standard,Credit Card,1,45.55,481.18,48.0,3,4,1,Yes
CUST202348,35,Month-to-Month,Standard,Bank Transfer,1,58.77,1909.84,48.6,1,3,0,No
CUST202349,25,Month-to-Month,Standard,Credit Card,1,51.68,1245.38,61.2,1,3,2,Yes
CUST202350,7,Month-to-Month,Standard,Bank Transfer,1,55.68,384.81,68.5,0,3,0,No
CUST202351,72,Month-to-Month,Basic,Bank Transfer,1,19.57,1373.64,30.1,0,4,1,No
CUST202352,39,One Year,Basic,Bank Transfer,1,27.49,998.38,26.6,1,3,0,No
CUST202353,68,Two Year,Standard,Digital Wallet,0,63.2,4253.39,71.4,0,3,1,No
CUST202354,43,Two Year,Standard,Digital Wallet,1,48.14,1924.26,58.2,0,3,1,No
CUST202355,15,Month-to-Month,Standard,Digital Wallet,0,58.39,867.79,45.1,0,4,2,No
CUST202356,19,Month-to-Month,Premium,Bank Transfer,0,99.9,1881.28,102.0,1,4,0,Yes
CUST202357,72,Month-to-Month,Standard,Bank Transfer,0,62.64,4256.94,53.8,3,2,0,Yes
CUST202358,19,Month-to-Month,Basic,Credit Card,1,19.57,356.3,16.9,0,4,0,No
CUST202359,15,Two Year,Standard,Bank Transfer,0,45.85,642.16,25.1,2,2,1,No
CUST202360,72,Month-to-Month,Standard,Bank Transfer,1,59.06,4062.69,61.3,1,5,1,No
CUST202361,6,One Year,Standard,Bank Transfer,0,45.96,270.75,54.4,1,2,1,No
CUST202362,27,Month-to-Month,Basic,Bank Transfer,0,24.07,615.82,44.1,0,4,0,No
CUST202363,16,Month-to-Month,Basic,Digital Wallet,1,24.79,377.39,25.2,2,3,0,No
CUST202364,33,Two Year,Standard,Digital Wallet,1,49.82,1622.41,46.1,1,3,1,No
CUST202365,13,Month-to-Month,Basic,Credit Card,1,32.98,428.73,18.7,2,2,2,Yes
CUST202366,71,Month-to-Month,Basic,Credit Card,1,31.64,2075.67,8.8,1,4,0,No
CUST202367,25,One Year,Standard,Mailed Check,1,58.48,1370.59,44.9,2,4,2,No
CUST202368,29,Month-to-Month,Premium,Credit Card,1,101.76,2864.15,96.0,0,4,0,No
CUST202369,7,Month-to-Month,Standard,Digital Wallet,1,55.12,365.49,50.2,1,2,2,No
CUST202370,35,Month-to-Month,Standard,Bank Transfer,1,55.56,1885.22,57.0,1,3,1,No
CUST202371,11,Month-to-Month,Premium,Bank Transfer,1,97.52,1028.82,92.1,0,3,2,Yes
CUST202372,39,Month-to-Month,Standard,Bank Transfer,0,57.27,2167.3,57.8,0,1,0,Yes
CUST202373,34,Month-to-Month,Standard,Digital Wallet,1,51.95,1707.14,52.1,0,2,0,No
CUST202374,7,Two Year,Standard,Bank Transfer,0,52.56,366.76,49.1,2,3,0,Yes
CUST202375,66,Month-to-Month,Premium,Digital Wallet,0,106.51,6516.71,73.6,1,2,2,No
CUST202376,25,Month-to-Month,Premium,Credit Card,1,100.18,2406.7,132.9,2,2,0,Yes
CUST202377,12,One Year,Premium,Credit Card,1,85.03,975.45,70.0,3,2,0,No
CUST202378,28,Two Year,Standard,Digital Wallet,0,58.79,1625.54,59.9,1,2,2,No
CUST202379,27,One Year,Standard,Digital Wallet,1,59.84,1487.65,56.4,3,5,3,Yes
CUST202380,40,Two Year,Standard,Bank Transfer,0,63.07,2432.8,62.5,2,3,4,No
CUST202381,12,Month-to-Month,Premium,Bank Transfer,1,95.32,1129.02,100.5,1,5,0,No
CUST202382,24,Month-to-Month,Premium,Credit Card,0,88.56,1973.44,77.0,1,3,0,No
CUST202383,68,One Year,Basic,Bank Transfer,1,16.5,1079.1,14.5,3,3,0,No
CUST202384,33,Two Year,Basic,Mailed Check,1,27.07,863.83,10.7,0,4,2,No
CUST202385,19,Month-to-Month,Standard,Bank Transfer,1,54.02,959.85,66.2,1,3,2,No
CUST202386,29,One Year,Premium,Bank Transfer,0,99.35,2722.26,122.8,0,2,0,No
CUST202387,14,Month-to-Month,Premium,Credit Card,1,94.46,1318.3,91.6,1,5,2,No
CUST202388,9,Month-to-Month,Basic,Bank Transfer,0,29.72,267.19,20.9,3,3,2,Yes
CUST202389,30,One Year,Basic,Digital Wallet,1,23.84,677.26,36.7,2,2,1,No
CUST202390,35,One Year,Premium,Bank Transfer,1,96.74,3168.85,108.8,1,3,1,No
CUST202391,36,Month-to-Month,Standard,Credit Card,0,53.01,1891.57,60.2,1,2,3,Yes
CUST202392,9,Month-to-Month,Standard,Bank Transfer,1,52.98,449.45,52.4,1,2,1,No
CUST202393,59,Two Year,Basic,Digital Wallet,1,21.23,1198.62,29.5,1,4,0,No
CUST202394,46,One Year,Premium,Credit Card,1,86.82,3963.27,96.2,2,4,2,Yes
CUST202395,52,One Year,Premium,Credit Card,1,96.67,4961.82,96.9,2,4,1,No
CUST202396,59,Month-to-Month,Standard,Digital Wallet,1,56.08,3207.19,54.7,2,2,0,No
CUST202397,68,Month-to-Month,Premium,Bank Transfer,1,97.48,6421.32,92.0,1,3,0,No
CUST202398,13,Month-to-Month,Standard,Credit Card,1,42.97,556.85,37.2,1,3,1,No
CUST202399,72,Month-to-Month,Standard,Digital Wallet,1,56.98,3814.6,34.7,2,4,1,No
CUST202400,19,Month-to-Month,Premium,Bank Transfer,1,89.11,1654.27,95.8,1,4,1,Yes
CUST202401,13,One Year,Standard,Credit Card,1,48.73,609.61,67.0,2,2,0,No
CUST202402,24,Month-to-Month,Standard,Digital Wallet,0,49.45,1100.78,44.2,1,5,0,No
CUST202403,33,Month-to-Month,Basic,Bank Transfer,1,24.24,785.9,30.5,1,5,2,No
CUST202404,17,Month-to-Month,Basic,Digital Wallet,0,15.0,239.27,40.5,0,4,1,No
CUST202405,46,Month-to-Month,Standard,Credit Card,1,59.22,2527.35,33.7,0,4,0,No
CUST202406,51,Two Year,Basic,Credit Card,1,23.34,1175.5,33.6,0,3,1,No
CUST202407,3,Two Year,Standard,Bank Transfer,1,54.73,160.04,40.1,1,4,0,Yes
CUST202408,26,Two Year,Standard,Bank Transfer,1,55.62,1356.04,42.8,3,3,2,No
CUST202409,54,Month-to-Month,Standard,Mailed Check,0,54.78,2933.93,45.7,3,5,1,Yes
CUST202410,29,One Year,Basic,Bank Transfer,1,27.12,731.35,33.1,2,3,0,No
CUST202411,58,One Year,Basic,Bank Transfer,0,22.13,1262.7,45.7,3,2,2,No
CUST202412,46,Month-to-Month,Basic,Digital Wallet,1,23.54,1063.99,33.1,3,3,0,No
CUST202413,42,Month-to-Month,Standard,Bank Transfer,1,45.35,1755.24,61.2,2,4,0,No
CUST202414,35,Two Year,Premium,Credit Card,1,82.42,2751.68,83.8,0,2,0,No
CUST202415,4,One Year,Basic,Digital Wallet,0,27.84,104.55,2.6,2,3,1,No
CUST202416,27,One Year,Standard,Digital Wallet,1,54.93,1439.42,58.3,3,3,0,No
CUST202417,20,Month-to-Month,Premium,Credit Card,1,95.12,1896.26,107.6,3,4,0,Yes
CUST202418,28,Month-to-Month,Premium,Credit Card,1,93.65,2493.6,120.5,3,2,0,Yes
CUST202419,21,One Year,Basic,Digital Wallet,1,20.42,422.6,57.1,1,4,0,No
CUST202420,15,One Year,Premium,Digital Wallet,1,98.87,1427.26,84.0,1,3,2,No
CUST202421,9,Month-to-Month,Basic,Credit Card,0,24.55,218.77,43.6,0,3,0,No
CUST202422,36,Month-to-Month,Premium,Digital Wallet,1,86.72,3074.94,104.9,1,4,2,No
CUST202423,72,Month-to-Month,Standard,Credit Card,1,58.07,4032.42,56.5,0,3,0,No
CUST202424,11,One Year,Standard,Digital Wallet,1,65.32,677.51,61.6,2,3,2,No
CUST202425,21,Month-to-Month,Basic,Bank Transfer,1,20.84,410.89,57.9,1,2,1,Yes
CUST202426,54,One Year,Basic,Bank Transfer,0,27.93,1467.32,2.0,1,2,1,No
CUST202427,63,Month-to-Month,Basic,Bank Transfer,1,27.26,1675.14,2.0,0,4,1,No
CUST202428,17,One Year,Standard,Mailed Check,0,53.03,842.79,46.5,1,2,1,Yes
CUST202429,31,Month-to-Month,Standard,Bank Transfer,0,60.9,1746.76,44.2,3,2,1,Yes
CUST202430,35,Two Year,Standard,Credit Card,1,50.57,1663.09,61.4,1,4,0,Yes
CUST202431,45,Month-to-Month,Premium,Credit Card,1,102.73,4550.85,95.1,2,5,1,No
CUST202432,39,Month-to-Month,Standard,Credit Card,1,43.81,1636.24,24.5,0,4,0,No
CUST202433,42,One Year,Basic,Credit Card,1,27.24,1091.35,2.0,2,4,1,No
CUST202434,64,Month-to-Month,Premium,Bank Transfer,1,100.28,6209.61,88.8,1,3,2,No
CUST202435,50,Month-to-Month,Standard,Digital Wallet,1,54.11,2547.36,55.6,2,4,0,No
CUST202436,29,Month-to-Month,Basic,Digital Wallet,1,26.23,720.33,47.5,1,3,2,No
CUST202437,17,Month-to-Month,Standard,Digital Wallet,1,46.61,756.59,43.1,0,4,3,No
CUST202438,39,Month-to-Month,Standard,Credit Card,1,61.2,2206.13,58.9,2,3,2,Yes
CUST202439,65,Month-to-Month,Basic,Credit Card,1,28.04,1688.44,5.9,1,3,1,No
CUST202440,24,Month-to-Month,Basic,Credit Card,0,30.29,682.37,56.0,1,4,0,No
CUST202441,22,Month-to-Month,Premium,Bank Transfer,1,100.16,2163.45,78.6,1,3,3,Yes
CUST202442,37,Month-to-Month,Standard,Credit Card,1,44.67,1637.01,48.0,2,4,0,No
CUST202443,28,Month-to-Month,Standard,Credit Card,1,55.32,1520.47,51.4,1,3,0,No
CUST202444,39,Month-to-Month,Basic,Bank Transfer,0,18.69,711.61,22.8,2,4,3,Yes
CUST202445,34,One Year,Standard,Bank Transfer,1,62.86,2068.63,62.4,1,4,2,No
CUST202446,28,Two Year,Standard,Credit Card,0,61.52,1721.16,46.8,2,3,0,No
CUST202447,23,One Year,Standard,Bank Transfer,0,56.97,1222.74,66.3,0,2,1,No
CUST202448,21,Month-to-Month,Premium,Digital Wallet,1,73.02,1426.53,98.0,0,3,2,Yes
CUST202449,28,Month-to-Month,Basic,Digital Wallet,1,32.48,844.35,13.6,2,4,2,Yes
CUST202450,14,One Year,Standard,Bank Transfer,1,60.56,796.58,47.3,3,4,2,No
CUST202451,35,One Year,Standard,Digital Wallet,0,43.01,1432.12,50.1,0,4,0,No
CUST202452,15,Month-to-Month,Basic,Bank Transfer,0,15.0,209.02,26.5,0,4,3,No
CUST202453,5,Month-to-Month,Premium,Digital Wallet,1,109.35,528.07,107.4,1,4,2,No
CUST202454,5,Month-to-Month,Standard,Bank Transfer,0,43.26,203.64,65.8,1,3,1,No
CUST202455,34,Month-to-Month,Standard,Digital Wallet,1,52.75,1680.95,20.4,2,3,0,No
CUST202456,27,Month-to-Month,Basic,Credit Card,1,15.0,393.46,45.8,2,3,3,No
CUST202457,8,Month-to-Month,Basic,Credit Card,1,27.24,213.15,13.7,1,3,1,No
CUST202458,13,Month-to-Month,Standard,Digital Wallet,1,60.45,770.93,43.1,3,4,0,Yes
CUST202459,40,One Year,Standard,Credit Card,0,48.25,1830.22,58.5,1,1,0,Yes
CUST202460,15,Month-to-Month,Standard,Bank Transfer,1,60.98,847.04,29.5,0,1,3,No
CUST202461,32,One Year,Basic,Bank Transfer,0,15.25,483.27,45.3,1,3,0,No
CUST202462,27,Two Year,Premium,Digital Wallet,0,83.81,2189.39,98.5,1,5,2,No
CUST202463,14,Month-to-Month,Premium,Digital Wallet,0,93.31,1275.44,75.7,1,3,2,Yes
CUST202464,15,Two Year,Premium,Mailed Check,1,102.49,1528.16,108.9,1,3,2,No
CUST202465,20,Month-to-Month,Premium,Credit Card,1,94.25,1829.06,69.7,2,5,1,No
CUST202466,72,Month-to-Month,Basic,Digital Wallet,1,22.54,1493.67,23.5,4,3,2,No
CUST202467,72,Month-to-Month,Premium,Credit Card,1,96.04,6713.47,102.9,1,3,0,No
CUST202468,45,Month-to-Month,Standard,Credit Card,1,62.45,2601.22,49.7,1,4,0,No
CUST202469,6,Month-to-Month,Standard,Bank Transfer,1,58.9,335.68,69.8,3,2,0,No
CUST202470,46,One Year,Standard,Credit Card,1,50.06,2123.56,56.5,0,4,1,No
CUST202471,58,Two Year,Standard,Digital Wallet,0,64.63,3564.65,26.3,0,5,2,No
CUST202472,26,Month-to-Month,Premium,Mailed Check,1,90.03,2328.28,86.5,1,2,0,No
CUST202473,21,Month-to-Month,Basic,Credit Card,1,31.71,635.81,46.9,3,3,2,No
CUST202474,9,Two Year,Basic,Credit Card,1,25.24,213.87,26.3,0,3,1,No
CUST202475,15,Month-to-Month,Basic,Bank Transfer,0,20.85,307.55,33.2,1,3,1,Yes
CUST202476,14,Month-to-Month,Premium,Digital Wallet,0,101.05,1304.88,92.2,1,4,0,No
CUST202477,49,One Year,Basic,Digital Wallet,0,24.11,1112.97,16.0,2,3,2,No
CUST202478,23,One Year,Standard,Bank Transfer,1,53.41,1164.67,56.0,1,4,3,No
CUST202479,4,Month-to-Month,Standard,Digital Wallet,1,61.88,241.36,71.2,0,4,0,No
CUST202480,21,Month-to-Month,Basic,Bank Transfer,0,22.39,461.73,18.9,1,3,0,Yes
CUST202481,15,Month-to-Month,Basic,Digital Wallet,0,26.6,397.59,28.6,1,4,1,No
CUST202482,32,One Year,Standard,Credit Card,1,66.54,2080.0,59.7,1,4,0,No
CUST202483,42,One Year,Basic,Bank Transfer,1,23.04,895.59,5.8,2,3,1,No
CUST202484,11,Two Year,Basic,Mailed Check,0,34.43,373.56,23.7,2,4,0,No
CUST202485,25,Month-to-Month,Basic,Credit Card,1,28.14,667.93,31.6,2,2,3,No
CUST202486,72,Month-to-Month,Standard,Credit Card,0,51.69,3585.64,80.5,2,3,1,No
CUST202487,21,Two Year,Standard,Bank Transfer,1,57.46,1154.88,95.8,2,3,2,No
CUST202488,27,Month-to-Month,Basic,Credit Card,0,22.17,583.89,15.6,0,4,1,No
CUST202489,9,Month-to-Month,Basic,Bank Transfer,1,22.19,187.16,39.5,1,3,1,No
CUST202490,72,Month-to-Month,Basic,Bank Transfer,0,28.27,1928.3,39.3,1,2,0,No
CUST202491,16,Month-to-Month,Standard,Bank Transfer,0,45.11,701.17,78.7,2,3,2,No
CUST202492,46,One Year,Standard,Digital Wallet,0,48.46,2215.27,61.1,1,3,0,No
CUST202493,14,Two Year,Premium,Digital Wallet,0,99.74,1347.38,136.0,1,3,1,No
CUST202494,9,Month-to-Month,Standard,Mailed Check,1,51.49,431.03,60.6,1,4,1,Yes
CUST202495,27,Month-to-Month,Standard,Credit Card,1,68.08,1702.62,52.1,0,3,1,No
CUST202496,57,Two Year,Standard,Credit Card,1,31.91,1724.11,24.5,1,4,0,No
CUST202497,13,Month-to-Month,Standard,Credit Card,0,53.39,653.94,46.0,1,2,3,Yes
CUST202498,11,Month-to-Month,Basic,Bank Transfer,1,15.0,151.95,13.4,3,3,1,No
CUST202499,11,Month-to-Month,Basic,Credit Card,1,17.04,182.09,28.6,2,2,2,No
CUST202500,15,Two Year,Standard,Digital Wallet,0,64.56,903.7,53.1,2,2,0,No
CUST202501,19,Month-to-Month,Basic,Credit Card,1,27.63,507.89,44.8,2,5,2,No
CUST202502,11,Two Year,Standard,Credit Card,0,55.61,564.42,69.9,4,2,2,No
CUST202503,8,One Year,Standard,Bank Transfer,0,55.42,424.87,66.4,0,3,1,No
CUST202504,32,Month-to-Month,Standard,Digital Wallet,0,49.82,1480.41,37.9,0,3,1,Yes
CUST202505,30,One Year,Basic,Digital Wallet,1,23.67,683.9,19.3,2,3,1,No
CUST202506,32,Month-to-Month,Standard,Credit Card,0,57.88,1770.65,80.7,0,5,0,No
CUST202507,4,Month-to-Month,Standard,Digital Wallet,1,47.61,180.95,68.1,0,5,0,No
CUST202508,66,Two Year,Premium,Mailed Check,0,93.3,5940.4,98.3,2,3,1,No
CUST202509,10,One Year,Premium,Digital Wallet,1,85.0,849.66,72.3,2,3,0,No
CUST202510,58,Month-to-Month,Premium,Credit Card,1,77.23,4169.47,104.5,3,3,2,Yes
CUST202511,39,One Year,Basic,Bank Transfer,0,21.3,801.95,35.3,3,4,1,No
CUST202512,10,One Year,Standard,Bank Transfer,0,47.13,452.71,39.5,1,5,0,No
CUST202513,13,One Year,Basic,Credit Card,1,17.22,211.9,2.0,1,3,4,No
CUST202514,41,Month-to-Month,Standard,Credit Card,1,53.72,2173.73,66.0,1,2,1,No
CUST202515,12,One Year,Premium,Credit Card,0,95.61,1068.12,80.7,2,3,2,No
CUST202516,11,Month-to-Month,Basic,Digital Wallet,0,28.01,295.7,40.9,1,5,1,No
CUST202517,30,Month-to-Month,Standard,Bank Transfer,1,64.36,1804.06,56.8,1,4,1,No
CUST202518,23,Two Year,Standard,Digital Wallet,0,44.78,999.34,70.2,0,4,3,No
CUST202519,20,Two Year,Premium,Credit Card,1,101.35,1936.19,101.2,2,3,1,No
CUST202520,16,Month-to-Month,Basic,Bank Transfer,0,26.05,403.69,3.4,2,4,1,No
CUST202521,10,Month-to-Month,Premium,Bank Transfer,1,95.14,900.14,125.0,2,5,0,Yes
CUST202522,29,Month-to-Month,Basic,Digital Wallet,1,30.79,885.12,27.0,2,4,2,No
CUST202523,30,Month-to-Month,Premium,Bank Transfer,0,100.32,2981.73,82.0,3,4,2,Yes
CUST202524,12,Month-to-Month,Basic,Digital Wallet,1,34.68,413.81,2.0,1,4,0,No
CUST202525,17,Month-to-Month,Basic,Digital Wallet,0,15.1,255.04,40.4,1,3,0,Yes
CUST202526,48,Month-to-Month,Standard,Digital Wallet,0,51.85,2383.75,74.4,1,4,0,No
CUST202527,24,Month-to-Month,Basic,Credit Card,1,28.92,646.75,47.2,1,4,2,No
CUST202528,31,One Year,Basic,Credit Card,1,24.36,751.74,24.7,5,3,0,Yes
CUST202529,32,Month-to-Month,Standard,Bank Transfer,1,50.71,1558.38,57.5,0,4,0,No
CUST202530,32,Two Year,Premium,Bank Transfer,1,97.07,3002.09,78.7,0,3,0,No
CUST202531,29,Month-to-Month,Standard,Bank Transfer,0,63.2,1818.5,21.7,1,3,2,Yes
CUST202532,8,Two Year,Basic,Digital Wallet,1,30.02,234.71,13.4,0,3,2,No
CUST202533,11,One Year,Standard,Bank Transfer,0,47.65,483.64,45.0,1,3,0,No
CUST202534,17,Two Year,Standard,Digital Wallet,0,53.98,850.97,67.3,0,4,2,No
CUST202535,24,Month-to-Month,Standard,Digital Wallet,0,58.49,1387.07,62.4,2,2,1,No
CUST202536,23,Month-to-Month,Standard,Bank Transfer,1,60.45,1338.24,52.1,2,2,3,No
CUST202537,38,One Year,Standard,Credit Card,1,57.66,2035.01,39.9,2,3,3,No
CUST202538,43,Month-to-Month,Premium,Digital Wallet,0,92.24,3665.69,101.5,3,3,1,No
CUST202539,33,Month-to-Month,Premium,Digital Wallet,1,87.72,2765.17,98.5,2,4,1,No
CUST202540,16,Month-to-Month,Premium,Credit Card,0,98.42,1531.1,100.2,2,2,2,Yes
CUST202541,33,Month-to-Month,Basic,Bank Transfer,1,18.43,607.31,75.5,2,3,2,Yes
CUST202542,18,One Year,Standard,Credit Card,1,42.01,745.22,56.6,3,4,0,No
CUST202543,38,Month-to-Month,Standard,Credit Card,1,53.96,1963.63,61.8,3,3,0,No
CUST202544,1,Month-to-Month,Standard,Digital Wallet,1,47.98,44.23,66.4,1,1,5,Yes
CUST202545,40,One Year,Premium,Bank Transfer,1,91.27,3435.07,94.3,6,4,2,Yes
CUST202546,26,Two Year,Premium,Digital Wallet,1,100.2,2412.06,80.5,4,3,0,Yes
CUST202547,19,Month-to-Month,Basic,Bank Transfer,0,23.21,425.01,34.0,1,3,1,Yes
CUST202548,29,Month-to-Month,Standard,Bank Transfer,1,53.08,1419.88,58.3,2,4,2,Yes
CUST202549,41,Month-to-Month,Basic,Mailed Check,1,16.56,677.85,18.5,0,5,1,No
CUST202550,36,Two Year,Standard,Bank Transfer,1,61.15,2132.8,64.0,3,3,0,Yes
CUST202551,72,Month-to-Month,Basic,Bank Transfer,0,15.99,1112.1,33.9,1,4,0,No
CUST202552,19,One Year,Premium,Bank Transfer,1,95.63,1745.02,97.2,2,4,0,No
CUST202553,30,Month-to-Month,Standard,Digital Wallet,1,61.02,1796.47,54.1,2,3,0,Yes
CUST202554,60,Two Year,Basic,Credit Card,1,29.94,1665.29,35.6,0,4,1,No
CUST202555,12,Month-to-Month,Standard,Credit Card,1,57.37,686.46,30.2,1,3,0,Yes
CUST202556,42,One Year,Standard,Credit Card,1,59.24,2483.54,47.0,2,3,0,No
CUST202557,17,Month-to-Month,Premium,Digital Wallet,1,95.77,1586.0,79.8,3,3,0,No
CUST202558,4,Two Year,Standard,Bank Transfer,0,49.44,197.39,48.5,1,4,0,No
CUST202559,35,Month-to-Month,Standard,Credit Card,1,54.85,1838.37,68.9,2,3,0,Yes
CUST202560,14,One Year,Standard,Bank Transfer,0,46.8,618.52,56.7,2,2,2,Yes
CUST202561,28,One Year,Standard,Bank Transfer,1,65.77,1765.05,53.6,1,4,2,No
CUST202562,19,Month-to-Month,Basic,Credit Card,1,30.84,554.05,46.1,1,4,1,No
CUST202563,17,Month-to-Month,Basic,Credit Card,0,20.19,334.6,25.3,2,3,2,Yes
CUST202564,10,Month-to-Month,Standard,Mailed Check,1,63.05,600.32,70.0,1,3,3,No
CUST202565,3,One Year,Basic,Credit Card,1,30.6,85.68,39.4,2,2,2,No
CUST202566,21,Month-to-Month,Premium,Digital Wallet,1,95.15,1910.38,83.3,0,5,1,No
CUST202567,61,Month-to-Month,Standard,Bank Transfer,1,64.15,3862.31,28.3,0,4,1,No
CUST202568,28,Month-to-Month,Premium,Credit Card,0,96.18,2620.27,87.7,3,3,1,No
CUST202569,10,Month-to-Month,Basic,Credit Card,0,31.03,305.15,2.0,3,4,0,Yes
CUST202570,18,Month-to-Month,Standard,Mailed Check,0,57.44,974.07,70.5,1,2,1,Yes
CUST202571,20,Month-to-Month,Basic,Bank Transfer,0,20.35,398.8,39.8,2,4,0,No
CUST202572,65,One Year,Basic,Credit Card,0,15.92,982.93,58.1,0,4,2,No
CUST202573,33,One Year,Basic,Credit Card,0,29.04,906.23,25.0,2,3,1,No
CUST202574,60,Two Year,Standard,Credit Card,0,53.8,3080.09,46.6,2,2,1,No
CUST202575,10,One Year,Premium,Digital Wallet,1,95.85,929.13,116.6,2,2,4,Yes
CUST202576,32,Two Year,Premium,Credit Card,1,95.29,2924.44,100.5,2,3,1,No
CUST202577,15,Month-to-Month,Standard,Digital Wallet,0,61.11,899.01,57.9,1,1,0,Yes
CUST202578,61,Month-to-Month,Basic,Credit Card,1,25.89,1574.9,13.7,1,5,4,No
CUST202579,31,Month-to-Month,Premium,Credit Card,0,92.46,2814.96,112.1,3,4,2,No
CUST202580,6,Month-to-Month,Standard,Bank Transfer,1,56.06,318.51,74.0,2,4,0,No
CUST202581,17,Month-to-Month,Basic,Digital Wallet,0,24.74,394.54,26.3,1,3,1,No
CUST202582,10,One Year,Standard,Digital Wallet,1,52.38,519.31,74.8,0,5,3,No
CUST202583,13,Month-to-Month,Standard,Credit Card,0,52.77,633.76,37.7,2,2,1,No
CUST202584,39,Month-to-Month,Standard,Credit Card,0,57.15,2121.66,45.0,1,5,0,Yes
CUST202585,11,Month-to-Month,Standard,Credit Card,1,61.2,665.08,58.2,2,4,1,Yes
CUST202586,44,Two Year,Basic,Credit Card,1,29.76,1286.96,27.6,1,5,1,No
CUST202587,59,Month-to-Month,Standard,Bank Transfer,1,51.07,2850.06,56.8,1,2,2,Yes
CUST202588,37,Two Year,Premium,Credit Card,1,92.42,3345.06,94.8,0,4,2,No
CUST202589,11,Two Year,Basic,Digital Wallet,1,17.81,195.08,8.9,1,3,2,No
CUST202590,19,One Year,Standard,Mailed Check,1,60.4,1073.29,41.7,2,4,2,No
CUST202591,18,Two Year,Basic,Credit Card,1,24.37,410.0,25.6,0,4,1,No
CUST202592,8,Two Year,Standard,Mailed Check,1,60.55,472.25,47.9,3,3,0,Yes
CUST202593,54,One Year,Standard,Credit Card,1,53.17,2813.02,48.6,1,3,1,No
CUST202594,38,One Year,Premium,Credit Card,0,94.76,3555.69,99.0,1,3,0,No
CUST202595,7,Month-to-Month,Standard,Mailed Check,0,56.24,364.79,54.1,0,3,3,Yes
CUST202596,19,Month-to-Month,Standard,Credit Card,1,49.38,868.66,43.8,1,4,0,No
CUST202597,72,Month-to-Month,Premium,Digital Wallet,1,90.77,6365.21,72.0,2,3,1,No
CUST202598,21,Month-to-Month,Premium,Digital Wallet,1,94.53,1972.65,110.7,4,2,0,Yes
CUST202599,25,Month-to-Month,Premium,Digital Wallet,1,95.52,2368.51,97.9,2,4,1,Yes
CUST202600,6,Month-to-Month,Standard,Digital Wallet,1,56.3,326.75,61.2,1,4,3,No
CUST202601,34,One Year,Standard,Bank Transfer,0,48.92,1594.3,55.3,2,3,1,Yes
CUST202602,32,Month-to-Month,Standard,Bank Transfer,1,48.14,1465.87,45.6,0,5,0,No
CUST202603,16,One Year,Premium,Credit Card,0,98.84,1510.17,70.5,2,2,0,No
CUST202604,22,Month-to-Month,Premium,Credit Card,1,89.22,1810.86,103.3,2,3,0,Yes
CUST202605,15,Month-to-Month,Standard,Bank Transfer,0,55.72,806.14,45.0,2,2,1,No
CUST202606,26,One Year,Premium,Mailed Check,1,91.12,2242.74,98.4,2,3,0,No
CUST202607,19,Month-to-Month,Basic,Credit Card,0,27.19,509.43,18.2,3,4,1,No
CUST202608,27,Month-to-Month,Standard,Credit Card,1,56.74,1463.3,67.7,2,3,3,No
CUST202609,7,Month-to-Month,Basic,Mailed Check,0,30.77,214.53,40.7,2,1,2,Yes
CUST202610,4,One Year,Standard,Credit Card,1,65.25,255.47,69.1,0,4,1,No
CUST202611,44,Month-to-Month,Standard,Bank Transfer,0,48.46,1979.92,73.3,1,4,2,Yes
CUST202612,23,Month-to-Month,Basic,Credit Card,0,33.24,742.56,41.5,1,3,5,No
CUST202613,27,One Year,Basic,Credit Card,0,22.24,574.1,31.6,1,3,1,No
CUST202614,33,Month-to-Month,Standard,Digital Wallet,1,55.9,1787.81,57.8,0,5,2,No
CUST202615,59,One Year,Standard,Credit Card,0,55.94,3261.24,44.7,0,4,2,No
CUST202616,42,Month-to-Month,Standard,Digital Wallet,1,52.06,2062.65,72.4,0,5,0,No
CUST202617,30,One Year,Standard,Digital Wallet,1,63.81,1891.44,48.4,4,3,1,No
CUST202618,69,Month-to-Month,Standard,Bank Transfer,1,49.77,3415.49,76.5,1,5,1,No
CUST202619,33,Two Year,Basic,Credit Card,1,16.24,522.02,2.0,1,2,1,No
CUST202620,32,Two Year,Basic,Credit Card,1,28.31,879.79,18.4,1,3,1,No
CUST202621,15,One Year,Premium,Bank Transfer,0,94.51,1394.06,95.6,3,4,1,No
CUST202622,18,Month-to-Month,Premium,Credit Card,0,91.87,1612.0,102.9,1,1,1,Yes
CUST202623,45,One Year,Standard,Bank Transfer,1,66.18,2872.85,63.2,4,3,1,Yes
CUST202624,43,Two Year,Standard,Bank Transfer,1,51.7,2189.66,56.8,0,4,0,No
CUST202625,26,One Year,Standard,Credit Card,0,51.94,1247.41,32.6,3,5,0,No
CUST202626,24,One Year,Basic,Credit Card,1,17.06,400.43,35.1,1,3,2,No
CUST202627,52,Month-to-Month,Standard,Bank Transfer,1,56.77,2727.44,78.8,0,5,1,No
CUST202628,32,Month-to-Month,Standard,Digital Wallet,1,60.63,1809.44,80.0,1,3,0,Yes
CUST202629,15,One Year,Standard,Credit Card,0,57.75,842.14,68.8,2,4,2,No
CUST202630,18,Month-to-Month,Premium,Mailed Check,1,108.62,1908.46,66.5,1,4,0,Yes
CUST202631,55,Month-to-Month,Premium,Digital Wallet,1,89.77,4912.38,114.7,3,3,2,No
CUST202632,14,Month-to-Month,Basic,Digital Wallet,1,27.93,370.86,32.5,3,4,1,Yes
CUST202633,13,Month-to-Month,Basic,Bank Transfer,0,23.12,290.42,20.6,2,3,1,No
CUST202634,21,Two Year,Standard,Bank Transfer,1,52.73,1051.64,50.2,4,3,0,No
CUST202635,29,Month-to-Month,Basic,Bank Transfer,1,22.32,629.48,17.7,0,4,2,No
CUST202636,12,Two Year,Standard,Credit Card,0,55.0,640.14,51.4,4,3,2,Yes
CUST202637,14,Month-to-Month,Basic,Credit Card,1,21.14,289.78,17.5,0,3,1,Yes
CUST202638,13,Month-to-Month,Standard,Credit Card,1,55.75,683.36,50.4,0,3,2,Yes
CUST202639,39,One Year,Premium,Credit Card,0,93.48,3404.78,123.5,1,3,1,No
CUST202640,45,One Year,Standard,Credit Card,0,58.46,2572.88,70.0,4,3,0,No
CUST202641,30,One Year,Standard,Credit Card,1,50.34,1399.15,63.6,3,4,1,No
CUST202642,25,One Year,Premium,Digital Wallet,0,95.95,2395.29,93.7,0,4,0,No
CUST202643,47,One Year,Basic,Digital Wallet,1,27.23,1266.49,38.9,3,3,0,Yes
CUST202644,52,Month-to-Month,Standard,Mailed Check,1,47.98,2335.6,85.3,2,2,1,No
CUST202645,67,Month-to-Month,Premium,Credit Card,1,102.43,6344.03,83.9,1,2,3,No
CUST202646,18,Month-to-Month,Basic,Digital Wallet,1,22.55,385.67,13.1,2,4,0,Yes
CUST202647,24,Month-to-Month,Premium,Credit Card,0,94.82,2123.09,101.6,3,5,0,Yes
CUST202648,72,One Year,Basic,Bank Transfer,1,24.43,1695.21,11.3,1,4,1,Yes
CUST202649,72,Month-to-Month,Premium,Mailed Check,1,87.9,6285.38,74.8,2,3,0,No
CUST202650,50,One Year,Basic,Bank Transfer,1,35.38,1757.83,14.1,2,1,1,No
CUST202651,20,One Year,Standard,Mailed Check,0,45.97,878.31,58.4,2,3,0,Yes
CUST202652,72,One Year,Basic,Credit Card,1,21.49,1458.71,31.7,0,4,2,No
CUST202653,32,Month-to-Month,Standard,Digital Wallet,0,52.02,1572.92,51.8,2,3,1,Yes
CUST202654,27,Two Year,Premium,Bank Transfer,0,102.75,2738.15,103.6,1,3,5,No
CUST202655,52,One Year,Premium,Digital Wallet,1,95.05,4609.33,91.0,2,2,1,No
CUST202656,11,One Year,Premium,Bank Transfer,1,95.06,1039.66,83.9,1,4,1,No
CUST202657,18,Two Year,Standard,Digital Wallet,0,58.67,987.3,86.4,0,4,0,No
CUST202658,15,Month-to-Month,Standard,Credit Card,0,59.74,828.75,55.9,3,4,0,Yes
CUST202659,35,Month-to-Month,Basic,Digital Wallet,1,26.21,860.32,31.8,2,3,0,No
CUST202660,13,Month-to-Month,Standard,Bank Transfer,0,60.21,752.83,35.4,2,3,1,No
CUST202661,4,Month-to-Month,Standard,Digital Wallet,1,56.94,210.65,64.3,0,5,1,No
CUST202662,17,Month-to-Month,Standard,Credit Card,0,51.41,866.3,25.5,2,4,2,No
CUST202663,14,One Year,Basic,Digital Wallet,1,20.9,286.13,39.6,1,5,1,No
CUST202664,30,One Year,Basic,Bank Transfer,1,25.17,713.7,59.8,1,4,1,No
CUST202665,57,Month-to-Month,Standard,Credit Card,0,48.06,2710.32,42.8,1,4,0,No
CUST202666,66,One Year,Standard,Bank Transfer,1,54.4,3465.55,47.9,0,5,2,No
CUST202667,72,Month-to-Month,Premium,Digital Wallet,1,95.63,6767.86,108.5,3,3,1,No
CUST202668,8,Month-to-Month,Standard,Bank Transfer,1,58.56,461.77,38.2,0,4,0,No
CUST202669,23,Month-to-Month,Standard,Bank Transfer,0,57.64,1265.25,40.6,3,4,3,Yes
CUST202670,49,Two Year,Standard,Digital Wallet,0,56.04,2563.88,50.9,2,3,1,No
CUST202671,39,Month-to-Month,Standard,Credit Card,1,69.03,2560.79,60.4,0,4,1,No
CUST202672,72,Two Year,Standard,Credit Card,0,43.52,2948.36,77.1,2,3,2,No
CUST202673,27,One Year,Premium,Credit Card,0,98.19,2556.62,85.1,1,4,0,No
CUST202674,34,One Year,Basic,Digital Wallet,1,15.0,492.13,33.8,2,1,2,No
CUST202675,37,Month-to-Month,Standard,Credit Card,1,51.26,1752.14,54.2,0,3,0,Yes
CUST202676,33,Two Year,Premium,Bank Transfer,0,96.41,3139.96,85.5,1,3,2,No
CUST202677,20,One Year,Premium,Bank Transfer,1,115.37,2252.43,115.8,4,4,1,Yes
CUST202678,34,Month-to-Month,Premium,Bank Transfer,1,90.65,3042.32,73.5,0,5,1,No
CUST202679,29,One Year,Standard,Credit Card,0,51.96,1506.36,53.1,2,3,1,Yes
CUST202680,13,Month-to-Month,Premium,Credit Card,1,92.38,1181.97,110.5,2,2,2,Yes
CUST202681,23,Two Year,Premium,Bank Transfer,0,104.21,2368.13,82.6,0,5,1,No
CUST202682,6,One Year,Basic,Bank Transfer,1,23.82,139.78,41.4,0,4,0,No
CUST202683,24,Two Year,Premium,Digital Wallet,1,106.57,2382.62,92.6,0,3,0,No
CUST202684,62,Two Year,Basic,Credit Card,1,28.4,1652.94,26.3,0,3,4,No
CUST202685,30,One Year,Standard,Bank Transfer,1,54.1,1507.62,46.8,2,4,0,No
CUST202686,43,One Year,Basic,Mailed Check,1,24.9,992.77,15.7,2,4,2,No
CUST202687,24,Month-to-Month,Premium,Bank Transfer,1,99.95,2244.62,97.5,0,4,0,No
CUST202688,36,One Year,Premium,Digital Wallet,0,84.1,2968.18,112.7,2,4,0,No
CUST202689,13,One Year,Basic,Digital Wallet,1,23.54,291.43,35.8,3,3,4,No
CUST202690,22,Two Year,Standard,Credit Card,1,51.8,1086.42,52.7,1,2,2,No
CUST202691,10,One Year,Standard,Credit Card,1,57.87,558.0,55.1,0,4,0,Yes
CUST202692,31,One Year,Basic,Mailed Check,0,29.51,853.46,30.5,1,3,1,No
CUST202693,26,One Year,Standard,Bank Transfer,1,62.49,1544.18,68.1,2,4,1,No
CUST202694,9,One Year,Standard,Credit Card,0,56.27,499.31,48.5,2,4,1,No
CUST202695,34,Month-to-Month,Basic,Credit Card,0,23.56,767.54,45.8,1,4,0,Yes
CUST202696,27,Two Year,Standard,Credit Card,1,57.11,1433.83,55.3,2,3,0,No
CUST202697,20,Month-to-Month,Standard,Mailed Check,0,57.18,1056.21,36.0,3,3,0,Yes
CUST202698,6,Month-to-Month,Premium,Credit Card,1,95.89,572.99,98.4,3,5,0,Yes
CUST202699,63,Month-to-Month,Standard,Digital Wallet,1,50.61,3148.72,35.0,2,2,1,No
CUST202700,8,Month-to-Month,Standard,Digital Wallet,0,62.73,468.6,71.8,1,2,0,Yes
CUST202701,72,Month-to-Month,Standard,Mailed Check,1,55.02,3667.38,49.3,0,4,2,No
CUST202702,24,One Year,Premium,Digital Wallet,1,83.99,2005.97,112.6,1,3,1,No
CUST202703,12,Month-to-Month,Basic,Bank Transfer,1,19.92,222.44,15.2,2,4,3,No
CUST202704,17,One Year,Standard,Credit Card,0,65.46,1102.34,73.3,1,2,2,No
CUST202705,10,Two Year,Basic,Mailed Check,1,21.15,203.37,13.3,4,3,3,Yes
CUST202706,39,One Year,Premium,Credit Card,1,103.24,3978.55,107.7,0,3,1,No
CUST202707,15,One Year,Basic,Digital Wallet,1,27.25,379.18,53.3,2,2,2,No
CUST202708,66,Month-to-Month,Premium,Digital Wallet,0,87.88,5657.46,113.8,0,4,2,No
CUST202709,48,Two Year,Standard,Mailed Check,1,53.06,2425.13,13.9,1,3,1,No
CUST202710,2,Month-to-Month,Basic,Credit Card,1,30.01,57.66,28.0,0,2,3,No
CUST202711,35,One Year,Basic,Credit Card,0,24.57,836.85,41.5,2,2,4,Yes
CUST202712,23,One Year,Standard,Credit Card,1,58.44,1288.85,74.8,1,5,0,No
CUST202713,21,Month-to-Month,Premium,Credit Card,1,98.8,1987.27,106.2,1,5,1,No
CUST202714,16,Month-to-Month,Basic,Credit Card,0,20.24,323.48,19.9,1,1,2,No
CUST202715,72,Month-to-Month,Standard,Digital Wallet,1,48.82,3321.23,35.5,4,4,0,No
CUST202716,60,Month-to-Month,Basic,Digital Wallet,1,20.64,1205.62,13.2,1,3,0,No
CUST202717,8,Month-to-Month,Premium,Bank Transfer,0,95.37,718.72,68.7,2,2,2,No
CUST202718,35,Month-to-Month,Standard,Digital Wallet,1,59.1,1925.37,57.6,1,5,2,No
CUST202719,17,Month-to-Month,Standard,Credit Card,0,60.59,985.42,29.1,4,2,4,Yes
CUST202720,36,Month-to-Month,Premium,Bank Transfer,0,82.75,2799.28,101.0,0,4,1,No
CUST202721,37,Two Year,Standard,Credit Card,1,59.12,2158.78,63.4,3,4,2,No
CUST202722,20,Month-to-Month,Basic,Credit Card,0,27.3,536.69,34.8,1,3,0,No
CUST202723,8,Two Year,Standard,Digital Wallet,0,51.28,408.36,57.9,3,3,0,No
CUST202724,20,Month-to-Month,Premium,Digital Wallet,1,101.46,2022.61,110.3,4,2,0,No
CUST202725,53,Month-to-Month,Basic,Credit Card,1,24.56,1227.92,24.7,1,3,1,Yes
CUST202726,45,Two Year,Standard,Credit Card,1,63.51,2728.17,64.2,0,3,0,No
CUST202727,15,One Year,Basic,Digital Wallet,0,25.09,359.67,16.9,1,4,0,No
CUST202728,18,Month-to-Month,Standard,Digital Wallet,0,55.91,1002.92,46.7,0,4,2,Yes
CUST202729,15,Two Year,Basic,Credit Card,0,35.86,505.48,32.0,1,5,1,No
CUST202730,31,Month-to-Month,Premium,Bank Transfer,0,88.59,2692.84,96.1,2,4,1,Yes
CUST202731,72,One Year,Premium,Credit Card,0,93.09,6577.56,88.6,1,3,1,No
CUST202732,21,One Year,Premium,Credit Card,1,105.14,2081.96,97.2,1,4,1,No
CUST202733,15,One Year,Standard,Digital Wallet,1,60.99,865.05,42.1,1,4,1,No
CUST202734,72,One Year,Standard,Credit Card,1,46.82,3273.22,59.3,4,1,1,Yes
CUST202735,45,Two Year,Premium,Mailed Check,1,97.38,4197.54,100.2,0,4,1,No
CUST202736,9,One Year,Premium,Credit Card,0,99.11,829.22,97.6,2,3,2,No
CUST202737,40,Month-to-Month,Basic,Mailed Check,0,27.0,1057.66,28.9,2,4,2,No
CUST202738,48,One Year,Standard,Credit Card,1,48.21,2272.75,46.5,3,4,0,No
CUST202739,21,Month-to-Month,Standard,Bank Transfer,1,64.53,1268.21,42.4,1,3,0,No
CUST202740,21,Month-to-Month,Basic,Digital Wallet,1,15.36,304.29,9.4,1,3,1,Yes
CUST202741,44,Month-to-Month,Standard,Digital Wallet,1,47.86,2051.48,49.7,1,4,0,Yes
CUST202742,14,One Year,Premium,Credit Card,1,84.53,1138.68,82.7,1,4,1,No
CUST202743,18,Month-to-Month,Basic,Mailed Check,0,20.57,341.55,29.2,1,3,0,Yes
CUST202744,10,Month-to-Month,Basic,Credit Card,1,30.79,306.69,22.7,2,2,1,No
CUST202745,29,Month-to-Month,Premium,Bank Transfer,1,96.57,2787.96,67.2,2,4,0,No
CUST202746,10,One Year,Premium,Digital Wallet,1,95.28,952.21,103.8,2,4,2,No
CUST202747,65,One Year,Basic,Bank Transfer,0,27.84,1665.96,2.0,0,3,0,No
CUST202748,35,Two Year,Premium,Credit Card,0,101.95,3556.13,106.6,0,3,2,No
CUST202749,18,Month-to-Month,Basic,Bank Transfer,0,30.58,519.77,20.6,4,3,2,No
CUST202750,16,Month-to-Month,Premium,Digital Wallet,0,86.43,1352.09,77.7,2,3,2,Yes
CUST202751,72,Month-to-Month,Standard,Credit Card,0,55.65,3838.72,44.1,2,4,3,No
CUST202752,14,Two Year,Standard,Bank Transfer,1,52.96,730.69,62.5,1,3,1,No
CUST202753,44,Two Year,Basic,Credit Card,0,28.93,1205.25,20.8,0,4,1,No
CUST202754,43,Month-to-Month,Basic,Credit Card,1,29.54,1182.28,51.1,0,3,4,No
CUST202755,35,Two Year,Standard,Credit Card,1,48.4,1673.0,55.8,1,4,0,No
CUST202756,10,Month-to-Month,Standard,Mailed Check,0,48.0,466.98,35.5,1,5,0,No
CUST202757,25,Two Year,Premium,Credit Card,1,106.25,2542.17,101.5,2,3,1,No
CUST202758,39,One Year,Premium,Credit Card,1,78.74,2910.63,100.0,1,3,3,No
CUST202759,62,Two Year,Standard,Credit Card,1,64.17,3673.75,81.4,0,3,3,No
CUST202760,46,One Year,Basic,Credit Card,0,29.8,1359.6,2.0,2,1,1,No
CUST202761,5,Month-to-Month,Standard,Digital Wallet,1,64.44,300.18,51.9,0,3,0,No
CUST202762,18,Two Year,Premium,Bank Transfer,1,81.63,1389.39,76.9,5,1,1,Yes
CUST202763,11,Month-to-Month,Standard,Credit Card,1,40.53,436.86,59.8,0,4,2,Yes
CUST202764,28,One Year,Basic,Bank Transfer,1,22.91,612.59,4.7,0,3,2,No
CUST202765,15,Month-to-Month,Basic,Digital Wallet,0,21.01,312.53,16.7,2,4,1,No
CUST202766,28,Month-to-Month,Basic,Credit Card,0,30.95,804.15,32.1,2,3,0,Yes
CUST202767,20,Month-to-Month,Basic,Digital Wallet,1,24.72,473.14,38.4,1,3,0,No
CUST202768,18,Two Year,Basic,Credit Card,1,23.19,394.81,18.1,4,3,1,Yes
CUST202769,72,Month-to-Month,Premium,Bank Transfer,1,84.77,6092.32,72.3,1,5,1,No
CUST202770,19,Month-to-Month,Basic,Mailed Check,1,27.85,493.99,10.5,4,4,2,No
CUST202771,26,Two Year,Basic,Mailed Check,1,26.9,686.67,5.6,0,4,1,No
CUST202772,46,Month-to-Month,Premium,Mailed Check,1,94.58,4005.95,93.1,1,4,2,No
CUST202773,72,Month-to-Month,Basic,Credit Card,0,28.03,1984.09,19.3,1,3,2,No
CUST202774,35,Month-to-Month,Standard,Digital Wallet,1,52.33,1698.3,49.5,1,3,1,Yes
CUST202775,63,One Year,Standard,Digital Wallet,0,52.18,3228.43,43.1,1,5,1,No
CUST202776,7,Two Year,Basic,Digital Wallet,0,26.52,173.77,17.6,0,4,2,No
CUST202777,3,Month-to-Month,Basic,Digital Wallet,1,17.33,51.52,33.8,2,3,0,Yes
CUST202778,14,Month-to-Month,Premium,Digital Wallet,0,99.19,1313.31,89.3,2,4,1,No
CUST202779,20,Two Year,Standard,Mailed Check,0,47.7,928.84,62.5,3,4,0,No
CUST202780,42,One Year,Premium,Credit Card,1,101.78,4066.86,100.8,0,3,2,No
CUST202781,38,Two Year,Standard,Credit Card,0,50.13,1753.99,71.4,0,4,2,No
CUST202782,16,Month-to-Month,Standard,Bank Transfer,1,40.44,643.48,61.2,4,3,1,No
CUST202783,24,Month-to-Month,Premium,Digital Wallet,1,100.79,2412.67,77.3,3,3,1,No
CUST202784,43,Two Year,Premium,Digital Wallet,0,91.3,3883.06,74.4,2,4,0,No
CUST202785,16,Month-to-Month,Basic,Bank Transfer,0,20.08,308.38,18.5,0,4,1,No
CUST202786,25,Month-to-Month,Premium,Credit Card,1,89.76,2202.3,91.0,1,3,2,Yes
CUST202787,49,Month-to-Month,Standard,Credit Card,0,48.94,2338.71,36.3,0,3,0,No
CUST202788,21,Month-to-Month,Basic,Bank Transfer,1,23.61,487.22,23.6,3,4,1,No
CUST202789,35,Month-to-Month,Standard,Digital Wallet,1,61.01,1969.82,57.1,0,4,1,Yes
CUST202790,45,Month-to-Month,Standard,Mailed Check,0,57.37,2517.77,71.7,1,4,2,Yes
CUST202791,10,Month-to-Month,Standard,Credit Card,1,50.63,480.82,52.6,0,2,0,No
CUST202792,18,Month-to-Month,Standard,Bank Transfer,0,68.89,1193.66,33.2,2,4,0,Yes
CUST202793,17,One Year,Premium,Bank Transfer,1,97.9,1535.59,72.6,1,4,3,No
CUST202794,37,Month-to-Month,Premium,Digital Wallet,1,93.44,3397.15,80.3,1,4,0,No
CUST202795,14,Month-to-Month,Basic,Bank Transfer,1,19.12,251.72,66.0,1,3,2,Yes
CUST202796,36,One Year,Standard,Digital Wallet,1,65.56,2350.15,51.2,1,4,0,No
CUST202797,65,One Year,Basic,Digital Wallet,0,20.58,1255.33,25.3,0,5,3,No
CUST202798,58,Month-to-Month,Standard,Credit Card,1,59.86,3282.3,40.3,0,5,0,No
CUST202799,27,Month-to-Month,Premium,Digital Wallet,1,92.64,2420.18,108.5,0,5,0,No
CUST202800,31,Two Year,Premium,Credit Card,1,90.2,2792.36,81.2,1,5,2,No
CUST202801,20,Two Year,Premium,Digital Wallet,1,88.51,1641.4,80.3,1,3,1,No
CUST202802,14,Month-to-Month,Basic,Credit Card,1,28.58,385.25,29.7,1,3,1,No
CUST202803,56,Month-to-Month,Standard,Bank Transfer,1,64.03,3411.61,48.6,2,3,0,Yes
CUST202804,69,Month-to-Month,Standard,Credit Card,0,61.94,4218.28,88.8,1,2,0,No
CUST202805,51,Month-to-Month,Standard,Credit Card,1,62.32,2995.79,48.7,3,3,0,Yes
CUST202806,41,Month-to-Month,Standard,Credit Card,1,54.4,2064.3,76.2,2,4,0,Yes
CUST202807,72,Month-to-Month,Standard,Bank Transfer,0,61.6,4159.69,38.9,1,3,1,No
CUST202808,9,Month-to-Month,Basic,Bank Transfer,1,30.32,263.11,23.0,1,3,2,No
CUST202809,42,Month-to-Month,Standard,Credit Card,0,61.08,2563.32,49.3,2,2,1,Yes
CUST202810,20,Month-to-Month,Basic,Mailed Check,1,16.89,315.76,36.1,0,3,0,Yes
CUST202811,51,Month-to-Month,Basic,Credit Card,0,16.25,792.34,37.1,3,3,2,No
CUST202812,15,One Year,Standard,Bank Transfer,0,59.07,870.16,42.0,1,2,2,No
CUST202813,52,Two Year,Basic,Credit Card,1,15.0,729.0,45.7,1,2,1,No
CUST202814,12,Two Year,Standard,Credit Card,1,52.35,616.78,60.3,1,3,2,No
CUST202815,24,Month-to-Month,Standard,Bank Transfer,1,57.59,1340.33,36.1,3,4,0,No
CUST202816,72,Two Year,Standard,Bank Transfer,1,58.86,3951.72,60.0,2,3,1,No
CUST202817,21,One Year,Standard,Credit Card,1,61.93,1212.87,54.1,0,4,1,No
CUST202818,15,Month-to-Month,Premium,Bank Transfer,0,101.11,1442.58,105.3,1,5,0,Yes
CUST202819,8,Month-to-Month,Premium,Digital Wallet,0,95.21,732.08,99.2,2,3,1,Yes
CUST202820,12,One Year,Basic,Digital Wallet,1,26.57,303.84,13.7,1,3,1,No
CUST202821,36,One Year,Premium,Credit Card,1,103.67,3682.07,110.4,2,5,1,No
CUST202822,11,One Year,Premium,Mailed Check,0,87.07,953.26,64.6,2,3,1,Yes
CUST202823,71,Month-to-Month,Standard,Credit Card,0,46.03,3077.9,43.9,3,3,2,No
CUST202824,20,One Year,Standard,Bank Transfer,1,53.74,1044.34,58.3,3,1,1,No
CUST202825,28,One Year,Premium,Bank Transfer,1,105.04,2748.65,84.6,1,3,1,Yes
CUST202826,40,One Year,Standard,Digital Wallet,1,64.42,2463.27,54.7,1,4,0,Yes
CUST202827,14,Month-to-Month,Premium,Digital Wallet,0,102.7,1378.29,90.3,2,4,1,No
CUST202828,7,Month-to-Month,Premium,Bank Transfer,1,97.82,663.02,82.2,2,2,0,Yes
CUST202829,1,Month-to-Month,Basic,Mailed Check,1,27.16,26.14,35.0,0,4,3,No
CUST202830,12,Month-to-Month,Standard,Credit Card,0,44.61,525.69,44.6,3,3,2,Yes
CUST202831,43,Month-to-Month,Basic,Bank Transfer,1,27.73,1173.0,5.9,2,5,2,No
CUST202832,21,Month-to-Month,Standard,Bank Transfer,0,54.41,1110.37,72.6,1,3,1,Yes
CUST202833,28,One Year,Basic,Credit Card,1,25.22,677.79,15.5,4,3,3,No
CUST202834,41,Month-to-Month,Premium,Digital Wallet,0,100.17,3918.27,110.1,1,3,1,Yes
CUST202835,36,Two Year,Standard,Mailed Check,0,66.55,2344.46,59.7,2,4,2,No
CUST202836,26,Month-to-Month,Basic,Credit Card,1,31.9,771.72,21.6,2,2,0,Yes
CUST202837,14,Month-to-Month,Basic,Digital Wallet,1,32.96,441.99,28.0,2,2,2,No
CUST202838,34,Month-to-Month,Basic,Bank Transfer,0,28.64,915.6,34.1,0,4,1,No
CUST202839,24,Two Year,Basic,Mailed Check,0,32.37,746.29,20.2,4,2,0,No
CUST202840,7,Month-to-Month,Premium,Credit Card,0,94.56,659.45,65.9,3,4,1,No
CUST202841,49,One Year,Basic,Bank Transfer,1,27.06,1237.48,18.3,2,4,3,No
CUST202842,22,Month-to-Month,Standard,Mailed Check,1,56.97,1202.81,36.0,2,5,1,No
CUST202843,32,One Year,Premium,Bank Transfer,1,112.51,3328.65,98.2,2,2,3,No
CUST202844,19,Month-to-Month,Standard,Credit Card,1,42.14,764.23,60.1,0,4,1,No
CUST202845,72,Two Year,Basic,Digital Wallet,1,22.8,1554.06,8.1,4,3,0,No
CUST202846,40,Month-to-Month,Standard,Credit Card,1,52.12,1961.95,72.8,2,3,1,No
CUST202847,19,Two Year,Standard,Mailed Check,0,52.86,925.21,48.3,1,3,2,No
CUST202848,19,One Year,Standard,Bank Transfer,1,57.23,1066.43,55.5,1,4,0,No
CUST202849,15,One Year,Premium,Bank Transfer,1,99.01,1451.76,89.3,1,4,0,No
CUST202850,15,Month-to-Month,Basic,Credit Card,0,18.84,269.12,15.7,1,3,0,No
CUST202851,13,One Year,Standard,Digital Wallet,1,48.94,592.07,73.8,4,2,1,Yes
CUST202852,70,One Year,Basic,Bank Transfer,1,29.23,1919.22,23.8,1,5,0,No
CUST202853,39,One Year,Standard,Credit Card,0,60.06,2172.66,24.7,0,4,4,No
CUST202854,26,One Year,Basic,Credit Card,1,37.77,913.56,12.0,2,2,0,No
CUST202855,64,Two Year,Standard,Credit Card,1,60.87,3715.95,48.3,1,3,1,Yes
CUST202856,15,One Year,Premium,Bank Transfer,1,94.9,1367.24,104.8,0,3,1,No
CUST202857,45,One Year,Premium,Bank Transfer,0,86.46,3845.31,93.1,0,4,1,No
CUST202858,28,Month-to-Month,Standard,Mailed Check,1,57.12,1545.45,49.8,1,3,2,No
CUST202859,33,Month-to-Month,Standard,Digital Wallet,1,53.46,1637.25,53.1,1,4,1,No
CUST202860,22,One Year,Standard,Credit Card,1,51.47,1054.17,59.9,1,4,2,No
CUST202861,18,Two Year,Basic,Credit Card,0,26.96,482.54,16.7,2,3,2,No
CUST202862,11,One Year,Basic,Bank Transfer,1,22.61,243.6,29.9,0,3,2,No
CUST202863,36,Month-to-Month,Basic,Digital Wallet,0,19.09,677.23,17.7,1,2,2,No
CUST202864,32,Month-to-Month,Standard,Bank Transfer,1,51.5,1524.88,65.4,1,4,3,Yes
CUST202865,31,One Year,Premium,Bank Transfer,1,100.83,2898.22,81.4,1,3,0,No
CUST202866,12,One Year,Premium,Digital Wallet,1,98.23,1126.64,70.1,3,2,3,Yes
CUST202867,31,Two Year,Standard,Bank Transfer,0,69.0,2072.6,57.3,0,5,3,No
CUST202868,25,Two Year,Basic,Credit Card,1,26.02,609.11,18.7,2,4,1,No
CUST202869,65,Two Year,Standard,Credit Card,1,71.28,4386.8,80.9,0,2,1,No
CUST202870,12,One Year,Standard,Bank Transfer,0,53.24,620.72,59.7,1,4,2,No
CUST202871,44,One Year,Basic,Credit Card,1,25.93,1080.57,26.8,0,3,1,No
CUST202872,40,Two Year,Premium,Bank Transfer,1,93.11,3653.7,122.8,1,3,5,No
CUST202873,24,Month-to-Month,Standard,Digital Wallet,1,55.68,1328.4,64.0,2,4,3,No
CUST202874,7,Month-to-Month,Premium,Mailed Check,1,91.33,596.15,83.9,2,4,2,No
CUST202875,14,Month-to-Month,Standard,Digital Wallet,0,65.36,904.68,54.2,6,2,2,Yes
CUST202876,41,One Year,Standard,Digital Wallet,0,56.54,2199.99,54.0,0,3,2,Yes
CUST202877,34,Two Year,Premium,Credit Card,1,94.76,3179.17,113.0,0,3,1,No
CUST202878,12,Month-to-Month,Basic,Digital Wallet,1,19.48,223.78,33.9,0,4,0,Yes
CUST202879,28,Month-to-Month,Basic,Digital Wallet,1,27.82,729.59,23.3,3,4,2,No
CUST202880,72,Month-to-Month,Standard,Credit Card,1,56.23,3816.74,44.1,1,4,2,No
CUST202881,24,One Year,Basic,Bank Transfer,1,21.44,488.68,11.8,1,3,1,Yes
CUST202882,36,Month-to-Month,Premium,Bank Transfer,1,92.39,3202.95,97.0,2,3,0,Yes
CUST202883,10,Month-to-Month,Standard,Digital Wallet,0,57.99,566.47,34.4,0,3,1,Yes
CUST202884,22,Month-to-Month,Basic,Credit Card,1,21.45,460.54,42.1,2,4,1,No
CUST202885,55,Month-to-Month,Standard,Credit Card,1,46.27,2457.82,55.4,2,5,2,No
CUST202886,16,Month-to-Month,Premium,Digital Wallet,1,91.52,1458.24,110.1,3,3,0,Yes
CUST202887,27,One Year,Basic,Digital Wallet,0,27.98,755.44,16.9,1,4,0,No
CUST202888,26,One Year,Standard,Credit Card,0,50.1,1295.88,75.0,2,3,1,No
CUST202889,11,Month-to-Month,Premium,Bank Transfer,0,87.15,924.21,95.0,1,4,2,Yes
CUST202890,30,Month-to-Month,Basic,Bank Transfer,1,24.43,681.02,7.2,2,4,2,No
CUST202891,18,Month-to-Month,Premium,Credit Card,1,89.28,1491.47,112.4,2,3,2,Yes
CUST202892,36,Two Year,Standard,Digital Wallet,1,53.99,1837.5,60.7,2,3,1,No
CUST202893,22,Month-to-Month,Basic,Credit Card,1,31.7,667.33,33.8,0,4,1,No
CUST202894,19,One Year,Standard,Credit Card,0,57.6,1071.7,51.8,2,4,1,No
CUST202895,72,Two Year,Basic,Bank Transfer,0,15.0,1047.97,35.1,1,2,1,No
CUST202896,28,Month-to-Month,Basic,Credit Card,1,25.39,654.46,53.0,1,3,1,Yes
CUST202897,17,Month-to-Month,Premium,Mailed Check,1,89.28,1513.11,106.2,1,5,0,Yes
CUST202898,72,One Year,Standard,Mailed Check,1,57.99,3938.0,54.5,1,3,2,No
CUST202899,35,Month-to-Month,Basic,Bank Transfer,1,29.3,949.93,6.8,1,4,4,No
CUST202900,19,Month-to-Month,Premium,Credit Card,1,101.89,1843.62,84.9,0,4,2,No
CUST202901,14,One Year,Standard,Credit Card,0,59.14,785.62,74.4,0,2,1,No
CUST202902,7,Two Year,Premium,Digital Wallet,0,95.46,636.94,97.9,1,3,0,No
CUST202903,32,One Year,Standard,Mailed Check,0,59.08,1851.31,64.3,2,1,0,No
CUST202904,34,Month-to-Month,Standard,Credit Card,1,46.04,1554.94,66.4,0,1,3,No
CUST202905,11,One Year,Standard,Credit Card,1,49.37,500.9,94.6,2,4,1,No
CUST202906,69,Two Year,Premium,Mailed Check,0,107.71,7059.94,101.8,0,4,1,No
CUST202907,20,Month-to-Month,Standard,Credit Card,1,62.22,1154.39,76.6,0,4,2,No
CUST202908,22,One Year,Basic,Mailed Check,1,15.11,313.98,21.3,0,4,1,No
CUST202909,41,Month-to-Month,Basic,Digital Wallet,1,20.41,792.22,36.0,3,4,1,Yes
CUST202910,30,One Year,Standard,Credit Card,1,44.92,1264.95,60.1,0,3,0,No
CUST202911,18,Month-to-Month,Premium,Credit Card,0,104.37,1731.85,74.1,2,3,2,No
CUST202912,7,Month-to-Month,Premium,Digital Wallet,1,102.73,691.7,85.5,2,5,0,No
CUST202913,26,Month-to-Month,Standard,Digital Wallet,1,53.91,1316.18,35.4,1,3,2,No
CUST202914,19,Two Year,Premium,Mailed Check,0,101.8,1813.71,92.3,0,4,1,No
CUST202915,23,Month-to-Month,Standard,Credit Card,1,52.04,1117.92,63.8,3,3,1,No
CUST202916,11,Month-to-Month,Standard,Bank Transfer,1,59.29,634.23,84.8,1,1,0,Yes
CUST202917,41,One Year,Basic,Digital Wallet,0,21.02,831.11,43.1,0,3,3,No
CUST202918,61,Month-to-Month,Standard,Credit Card,1,46.45,2658.79,73.8,5,3,3,Yes
CUST202919,22,Month-to-Month,Basic,Digital Wallet,1,23.0,480.95,18.1,1,3,2,Yes
CUST202920,71,One Year,Basic,Digital Wallet,0,15.26,1054.95,11.6,1,2,0,No
CUST202921,53,Month-to-Month,Standard,Digital Wallet,1,48.58,2430.29,63.7,3,4,1,No
CUST202922,72,One Year,Basic,Credit Card,0,15.0,1049.59,17.5,1,2,2,No
CUST202923,5,One Year,Premium,Mailed Check,1,92.73,432.79,110.7,2,3,0,No
CUST202924,11,Month-to-Month,Standard,Bank Transfer,0,54.86,578.9,70.1,2,5,4,No
CUST202925,72,Month-to-Month,Standard,Digital Wallet,0,56.76,4016.18,46.5,0,4,1,No
CUST202926,13,One Year,Basic,Bank Transfer,0,23.37,300.68,27.8,2,4,0,Yes
CUST202927,42,Month-to-Month,Standard,Bank Transfer,0,51.18,2142.51,59.2,1,3,0,No
CUST202928,22,Month-to-Month,Premium,Bank Transfer,0,98.96,2165.66,85.5,1,3,1,No
CUST202929,20,Month-to-Month,Basic,Bank Transfer,0,31.38,592.72,34.5,2,2,2,Yes
CUST202930,31,Month-to-Month,Premium,Credit Card,1,88.92,2713.8,97.1,1,5,1,No
CUST202931,18,Two Year,Basic,Credit Card,1,27.53,493.46,33.1,2,4,0,No
CUST202932,19,Month-to-Month,Premium,Bank Transfer,1,90.17,1578.09,75.2,0,4,2,Yes
CUST202933,31,Two Year,Standard,Credit Card,0,50.2,1470.26,57.4,3,3,2,No
CUST202934,64,Month-to-Month,Standard,Digital Wallet,0,61.18,3736.84,57.1,0,5,4,No
CUST202935,35,One Year,Standard,Credit Card,1,49.49,1690.1,66.4,1,4,0,No
CUST202936,13,One Year,Standard,Credit Card,1,55.45,664.91,42.4,2,4,1,Yes
CUST202937,47,Month-to-Month,Basic,Credit Card,1,27.74,1253.37,37.3,0,4,0,No
CUST202938,30,Month-to-Month,Standard,Credit Card,1,55.73,1661.01,48.4,0,3,1,No
CUST202939,31,Month-to-Month,Standard,Mailed Check,0,58.71,1696.91,62.2,0,4,0,No
CUST202940,37,One Year,Standard,Credit Card,1,55.7,1922.22,28.7,3,3,0,No
CUST202941,21,Two Year,Standard,Credit Card,1,55.09,1103.51,58.9,0,4,3,No
CUST202942,54,Month-to-Month,Standard,Credit Card,0,51.3,2681.17,40.7,1,4,1,No
CUST202943,31,Month-to-Month,Premium,Digital Wallet,1,88.86,2693.89,77.5,2,2,0,No
CUST202944,31,Month-to-Month,Standard,Credit Card,1,52.81,1618.95,46.9,2,4,1,No
CUST202945,29,Two Year,Basic,Bank Transfer,0,25.21,711.69,29.2,2,4,0,No
CUST202946,57,Month-to-Month,Premium,Digital Wallet,1,90.9,4798.93,69.9,2,4,1,No
CUST202947,10,Month-to-Month,Standard,Mailed Check,1,52.39,486.98,54.9,0,4,1,Yes
CUST202948,45,Two Year,Basic,Credit Card,1,19.35,855.24,24.9,2,5,3,No
CUST202949,7,Month-to-Month,Basic,Credit Card,0,20.51,139.21,3.9,2,5,0,No
CUST202950,21,Two Year,Standard,Credit Card,1,49.25,981.08,62.4,2,4,2,No
CUST202951,29,One Year,Basic,Digital Wallet,1,30.11,807.36,41.0,0,4,2,No
CUST202952,12,Two Year,Premium,Digital Wallet,0,93.86,1112.86,105.4,0,4,1,No
CUST202953,10,Month-to-Month,Basic,Digital Wallet,1,17.4,162.31,70.9,2,3,2,No
CUST202954,29,Two Year,Standard,Credit Card,1,51.35,1433.33,67.7,2,5,2,No
CUST202955,16,Month-to-Month,Standard,Credit Card,1,56.55,867.58,42.4,0,3,0,No
CUST202956,15,One Year,Basic,Bank Transfer,0,25.01,359.03,2.0,1,2,0,No
CUST202957,52,Month-to-Month,Basic,Digital Wallet,1,20.54,989.38,32.8,2,3,1,No
CUST202958,12,Month-to-Month,Basic,Digital Wallet,1,23.41,268.24,30.7,2,3,0,Yes
CUST202959,71,One Year,Standard,Bank Transfer,1,52.19,3638.0,31.6,4,5,2,No
CUST202960,5,One Year,Basic,Bank Transfer,1,35.36,172.95,21.9,1,4,1,No
CUST202961,15,Month-to-Month,Premium,Credit Card,0,84.77,1237.01,99.5,1,4,0,Yes
CUST202962,53,Month-to-Month,Premium,Credit Card,1,97.19,5132.83,98.7,5,4,1,Yes
CUST202963,28,One Year,Standard,Credit Card,1,44.64,1249.24,48.3,3,3,0,No
CUST202964,20,Month-to-Month,Premium,Mailed Check,1,99.76,1905.22,111.0,2,3,0,Yes
CUST202965,41,Month-to-Month,Standard,Mailed Check,1,51.78,2014.87,64.6,1,3,1,No
CUST202966,21,Month-to-Month,Basic,Bank Transfer,1,27.66,541.47,36.5,2,2,1,No
CUST202967,33,One Year,Standard,Mailed Check,0,56.21,1794.64,56.9,0,3,1,No
CUST202968,20,Month-to-Month,Premium,Bank Transfer,1,82.88,1526.88,99.1,0,5,0,No
CUST202969,72,Month-to-Month,Standard,Bank Transfer,0,61.66,4334.49,41.2,1,3,3,No
CUST202970,31,One Year,Standard,Digital Wallet,0,55.47,1671.1,53.4,1,5,2,No
CUST202971,28,One Year,Basic,Credit Card,1,18.01,490.16,16.2,1,4,3,No
CUST202972,70,Month-to-Month,Standard,Mailed Check,0,50.56,3335.06,39.5,1,4,1,No
CUST202973,21,Month-to-Month,Premium,Bank Transfer,0,95.5,1977.44,106.8,1,4,0,Yes
CUST202974,18,Month-to-Month,Standard,Digital Wallet,0,61.31,1087.78,51.1,1,4,2,No
CUST202975,31,Month-to-Month,Premium,Digital Wallet,0,101.57,2955.73,106.9,1,3,1,Yes
CUST202976,10,One Year,Premium,Digital Wallet,0,96.5,920.62,88.5,2,3,0,Yes
CUST202977,25,Month-to-Month,Basic,Bank Transfer,1,15.0,355.29,31.2,0,3,0,Yes
CUST202978,17,Two Year,Premium,Credit Card,0,87.54,1474.93,74.9,0,2,0,Yes
CUST202979,18,One Year,Premium,Bank Transfer,1,101.56,1685.72,111.1,0,4,2,No
CUST202980,27,Month-to-Month,Standard,Bank Transfer,0,49.21,1323.03,71.4,1,4,1,Yes
CUST202981,30,One Year,Standard,Bank Transfer,1,55.12,1549.82,68.3,3,2,2,No
CUST202982,28,Month-to-Month,Premium,Credit Card,1,96.0,2488.15,90.4,4,3,2,No
CUST202983,63,Two Year,Premium,Bank Transfer,0,101.52,5917.52,115.0,3,1,1,No
CUST202984,71,Month-to-Month,Premium,Bank Transfer,1,93.15,6452.94,77.7,2,4,1,No
CUST202985,26,Month-to-Month,Premium,Credit Card,1,93.75,2244.36,128.1,0,3,0,No
CUST202986,7,Two Year,Premium,Credit Card,1,96.92,653.59,103.5,0,2,2,No
CUST202987,18,Month-to-Month,Basic,Mailed Check,0,26.03,465.54,17.2,1,2,0,No
CUST202988,6,Two Year,Standard,Bank Transfer,1,56.29,326.26,58.3,2,4,0,No
CUST202989,63,Month-to-Month,Basic,Credit Card,1,23.89,1413.59,25.3,4,4,2,No
CUST202990,3,Month-to-Month,Premium,Bank Transfer,1,104.34,295.17,45.3,2,2,0,Yes
CUST202991,49,Month-to-Month,Basic,Bank Transfer,1,18.82,910.55,17.3,2,5,0,No
CUST202992,22,Two Year,Premium,Bank Transfer,1,100.97,2118.99,87.6,0,4,0,No
CUST202993,19,Month-to-Month,Standard,Credit Card,0,54.08,975.92,26.5,1,3,1,No
CUST202994,3,Month-to-Month,Basic,Mailed Check,0,23.16,64.04,47.8,1,2,2,Yes
CUST202995,18,One Year,Premium,Credit Card,1,89.13,1529.54,81.9,1,4,2,No
CUST202996,7,Month-to-Month,Standard,Digital Wallet,1,56.88,379.17,61.3,0,3,0,Yes
CUST202997,38,Month-to-Month,Standard,Credit Card,0,57.12,2045.29,28.0,1,5,1,No
CUST202998,34,Two Year,Standard,Credit Card,1,56.54,1897.35,27.2,1,1,0,No
CUST202999,13,Month-to-Month,Standard,Credit Card,1,54.33,661.34,78.0,0,4,0,No
CUST203000,44,One Year,Premium,Mailed Check,1,97.24,4067.12,93.8,2,3,2,No
CUST203001,59,One Year,Standard,Bank Transfer,1,41.39,2310.51,75.4,0,4,1,No
CUST203002,70,Two Year,Standard,Bank Transfer,1,46.38,3074.26,66.2,3,3,3,Yes
CUST203003,22,Month-to-Month,Basic,Bank Transfer,1,22.81,486.47,43.0,1,1,4,No
CUST203004,43,Month-to-Month,Premium,Digital Wallet,1,98.2,4167.84,77.6,1,4,0,No
CUST203005,49,Month-to-Month,Standard,Credit Card,1,51.76,2524.65,62.4,2,3,1,No
CUST203006,62,Month-to-Month,Standard,Bank Transfer,1,60.02,3561.5,50.5,2,3,0,Yes
CUST203007,52,Two Year,Premium,Mailed Check,0,100.79,5007.41,101.4,0,2,0,No
CUST203008,37,Two Year,Premium,Digital Wallet,0,98.85,3651.33,109.4,2,4,1,No
CUST203009,23,Month-to-Month,Basic,Credit Card,1,27.7,600.09,15.0,1,2,1,No
CUST203010,24,One Year,Standard,Digital Wallet,0,44.01,989.02,72.2,1,2,0,No
CUST203011,14,Month-to-Month,Premium,Digital Wallet,1,90.17,1190.06,126.1,4,3,1,Yes
CUST203012,30,One Year,Standard,Bank Transfer,0,53.96,1498.19,25.0,3,4,0,No
CUST203013,62,Month-to-Month,Standard,Bank Transfer,1,60.04,3508.73,57.1,3,2,2,No
CUST203014,36,Month-to-Month,Basic,Digital Wallet,1,24.39,810.13,18.3,1,3,0,No
CUST203015,42,Month-to-Month,Standard,Credit Card,1,62.77,2592.58,80.8,1,4,0,No
CUST203016,62,Month-to-Month,Standard,Credit Card,0,61.72,3719.8,60.3,1,3,1,No
CUST203017,30,Month-to-Month,Standard,Digital Wallet,0,57.8,1632.28,49.9,0,3,1,No
CUST203018,7,Two Year,Standard,Digital Wallet,1,55.33,378.11,60.7,0,4,4,No
CUST203019,19,Month-to-Month,Standard,Bank Transfer,0,52.67,944.24,52.1,3,3,5,Yes
CUST203020,28,One Year,Standard,Credit Card,0,66.36,1775.26,68.9,1,4,1,No
CUST203021,69,Month-to-Month,Standard,Digital Wallet,1,59.18,3803.1,63.9,0,5,1,No
CUST203022,19,Month-to-Month,Premium,Credit Card,1,86.35,1558.23,83.2,3,3,1,Yes
CUST203023,42,Two Year,Standard,Credit Card,1,57.42,2374.47,52.8,1,4,2,No
CUST203024,56,Two Year,Standard,Bank Transfer,1,50.14,2763.29,47.8,1,4,1,No
CUST203025,3,One Year,Basic,Credit Card,1,32.05,93.56,43.1,1,2,1,No
CUST203026,25,Month-to-Month,Standard,Digital Wallet,0,67.48,1604.1,71.9,1,4,2,No
CUST203027,44,Month-to-Month,Basic,Bank Transfer,1,29.83,1242.67,35.9,1,3,2,No
CUST203028,68,One Year,Basic,Bank Transfer,1,26.76,1708.0,26.0,0,4,1,No
CUST203029,8,Month-to-Month,Standard,Credit Card,1,52.23,400.13,77.2,1,4,2,No
CUST203030,30,One Year,Premium,Digital Wallet,1,88.67,2637.93,67.1,3,2,5,Yes
CUST203031,43,One Year,Premium,Digital Wallet,1,99.4,4005.05,86.5,1,3,1,No
CUST203032,44,Two Year,Premium,Bank Transfer,1,94.64,3861.54,105.6,4,2,0,Yes
CUST203033,46,Month-to-Month,Standard,Bank Transfer,1,56.38,2460.86,33.3,1,4,6,No
CUST203034,45,Month-to-Month,Premium,Mailed Check,0,95.88,3983.23,56.8,3,3,0,Yes
CUST203035,31,Month-to-Month,Standard,Bank Transfer,1,56.07,1678.36,58.9,1,3,1,No
CUST203036,32,One Year,Basic,Credit Card,1,24.06,714.37,30.7,1,3,4,No
CUST203037,19,Month-to-Month,Standard,Bank Transfer,1,54.38,986.3,64.8,3,3,0,Yes
CUST203038,35,One Year,Basic,Credit Card,1,21.87,742.51,30.5,1,4,1,No
CUST203039,55,One Year,Premium,Credit Card,1,98.25,5246.65,104.2,1,3,1,No
CUST203040,19,Month-to-Month,Standard,Credit Card,0,53.88,973.38,56.1,2,4,1,Yes
CUST203041,25,One Year,Premium,Credit Card,1,94.53,2348.75,77.9,1,3,2,Yes
CUST203042,13,Month-to-Month,Basic,Credit Card,1,24.01,304.84,16.0,0,4,0,No
CUST203043,13,One Year,Premium,Bank Transfer,1,105.04,1354.17,69.7,1,4,1,No
CUST203044,15,Month-to-Month,Standard,Bank Transfer,1,58.9,871.07,57.4,2,5,2,No
CUST203045,9,Two Year,Premium,Digital Wallet,0,99.03,849.22,88.2,1,4,1,No
CUST203046,39,Month-to-Month,Standard,Credit Card,0,70.3,2702.4,58.6,2,2,1,Yes
CUST203047,68,Month-to-Month,Standard,Credit Card,1,52.79,3570.43,69.5,1,5,0,Yes
CUST203048,13,Month-to-Month,Standard,Credit Card,0,51.71,643.35,73.9,0,4,2,No
CUST203049,26,Month-to-Month,Basic,Credit Card,1,25.95,649.08,27.7,1,4,0,Yes
CUST203050,72,Month-to-Month,Standard,Digital Wallet,0,50.11,3507.92,48.6,2,3,2,No
CUST203051,6,Two Year,Premium,Bank Transfer,1,98.47,586.61,101.9,2,2,2,Yes
CUST203052,16,One Year,Standard,Bank Transfer,1,47.19,702.52,57.6,0,3,1,No
CUST203053,11,Month-to-Month,Standard,Digital Wallet,1,54.46,585.06,57.7,2,2,2,Yes
CUST203054,64,One Year,Basic,Credit Card,1,21.1,1263.45,25.6,1,3,1,No
CUST203055,15,Two Year,Standard,Credit Card,0,51.91,768.81,40.7,5,2,2,No
CUST203056,72,One Year,Basic,Bank Transfer,1,15.0,1033.32,5.1,3,3,0,No
CUST203057,24,Month-to-Month,Standard,Credit Card,1,49.57,1117.56,50.9,2,3,0,No
CUST203058,15,One Year,Standard,Credit Card,1,59.82,883.84,38.1,0,5,0,No
CUST203059,61,One Year,Premium,Mailed Check,0,101.39,6180.27,93.5,1,1,1,No
CUST203060,22,One Year,Premium,Credit Card,0,89.96,1898.3,96.8,2,4,2,Yes
CUST203061,59,Month-to-Month,Standard,Mailed Check,1,43.03,2472.61,39.9,2,4,0,Yes
CUST203062,72,Month-to-Month,Premium,Digital Wallet,1,94.36,6350.05,99.8,5,2,0,Yes
CUST203063,30,Month-to-Month,Standard,Credit Card,1,62.39,1780.2,44.6,1,3,0,No
CUST203064,18,Month-to-Month,Premium,Credit Card,1,87.01,1517.64,102.6,0,4,1,Yes
CUST203065,16,Two Year,Basic,Credit Card,1,29.96,471.71,19.5,3,4,1,No
CUST203066,72,Month-to-Month,Standard,Bank Transfer,0,53.08,3743.77,40.9,2,3,1,No
CUST203067,13,Two Year,Standard,Mailed Check,1,58.05,720.58,50.0,2,4,0,Yes
CUST203068,11,Month-to-Month,Standard,Bank Transfer,1,53.41,585.18,73.7,1,3,2,Yes
CUST203069,43,Month-to-Month,Basic,Digital Wallet,1,19.05,790.01,31.9,1,4,3,No
CUST203070,72,Month-to-Month,Standard,Bank Transfer,0,51.83,3636.67,44.3,0,4,0,No
CUST203071,59,Two Year,Premium,Digital Wallet,1,95.41,5619.26,92.8,2,4,1,No
CUST203072,24,Two Year,Premium,Credit Card,0,80.28,1880.2,101.3,2,3,0,Yes
CUST203073,33,Month-to-Month,Basic,Bank Transfer,0,33.49,1056.14,47.4,0,4,1,No
CUST203074,9,Month-to-Month,Standard,Credit Card,1,54.05,473.57,54.4,2,4,2,No
CUST203075,9,Month-to-Month,Basic,Digital Wallet,1,22.39,190.54,19.6,1,4,2,No
CUST203076,46,Month-to-Month,Standard,Credit Card,1,59.03,2538.61,64.7,1,3,1,No
CUST203077,72,Two Year,Standard,Credit Card,0,52.73,3613.83,36.6,1,5,1,No
CUST203078,8,One Year,Basic,Digital Wallet,1,21.49,171.37,35.5,3,2,2,No
CUST203079,19,Month-to-Month,Premium,Credit Card,1,95.65,1812.35,79.3,0,4,0,Yes
CUST203080,10,One Year,Basic,Digital Wallet,1,28.01,261.93,8.8,2,4,2,No
CUST203081,32,One Year,Basic,Mailed Check,0,15.0,467.37,13.6,1,4,2,No
CUST203082,36,Two Year,Standard,Bank Transfer,1,54.97,1959.47,40.9,0,3,1,No
CUST203083,22,Two Year,Standard,Bank Transfer,0,47.36,961.65,61.6,2,3,1,Yes
CUST203084,25,Month-to-Month,Basic,Bank Transfer,1,23.61,579.99,36.8,1,5,1,No
CUST203085,34,One Year,Standard,Digital Wallet,1,46.33,1473.33,38.0,2,4,0,No
CUST203086,16,Two Year,Basic,Credit Card,1,30.31,470.68,26.2,1,5,0,No
CUST203087,30,Month-to-Month,Standard,Mailed Check,0,55.76,1614.65,42.9,3,5,1,Yes
CUST203088,16,One Year,Premium,Digital Wallet,0,103.03,1617.65,87.1,2,3,1,No
CUST203089,4,Month-to-Month,Premium,Digital Wallet,1,94.5,350.62,112.7,1,4,3,Yes
CUST203090,72,Month-to-Month,Premium,Digital Wallet,1,88.67,6127.54,78.5,1,3,1,No
CUST203091,72,Month-to-Month,Standard,Bank Transfer,1,55.52,3816.45,45.8,2,3,0,No
CUST203092,21,Month-to-Month,Premium,Digital Wallet,1,88.17,1766.54,86.3,2,3,1,Yes
CUST203093,34,Month-to-Month,Basic,Digital Wallet,0,20.0,640.45,15.3,2,4,1,No
CUST203094,7,Month-to-Month,Premium,Credit Card,0,100.32,694.86,78.6,2,4,3,Yes
CUST203095,22,One Year,Standard,Credit Card,0,61.27,1242.43,55.6,1,4,1,Yes
CUST203096,22,One Year,Standard,Digital Wallet,1,44.42,969.84,31.5,0,3,1,No
CUST203097,44,One Year,Premium,Digital Wallet,0,94.86,3925.55,98.8,2,3,1,Yes
CUST203098,32,One Year,Standard,Digital Wallet,1,46.96,1488.57,58.2,1,4,0,No
CUST203099,34,One Year,Standard,Digital Wallet,0,68.02,2259.31,75.5,3,4,2,No
CUST203100,15,Month-to-Month,Standard,Credit Card,0,56.88,812.66,71.9,1,4,2,Yes
CUST203101,16,One Year,Basic,Mailed Check,1,20.74,317.39,26.4,1,2,2,Yes
CUST203102,25,One Year,Basic,Digital Wallet,1,43.52,1039.87,20.7,6,3,2,Yes
CUST203103,37,Two Year,Standard,Mailed Check,0,67.83,2465.75,81.8,0,5,1,No
CUST203104,35,Month-to-Month,Basic,Mailed Check,1,18.51,605.63,21.9,2,3,0,No
CUST203105,7,Two Year,Basic,Credit Card,1,26.84,183.5,55.0,3,4,3,No
CUST203106,29,Month-to-Month,Standard,Bank Transfer,0,51.79,1410.29,50.5,0,5,0,No
CUST203107,20,Month-to-Month,Standard,Credit Card,1,51.3,958.59,46.6,1,4,0,No
CUST203108,2,One Year,Standard,Digital Wallet,1,48.03,89.08,66.1,0,4,0,No
CUST203109,22,Month-to-Month,Premium,Bank Transfer,0,106.69,2342.83,108.1,1,4,0,Yes
CUST203110,31,Two Year,Premium,Credit Card,0,95.51,2920.4,95.7,1,2,2,No
CUST203111,31,Month-to-Month,Standard,Mailed Check,0,64.21,1861.68,35.2,5,3,2,Yes
CUST203112,32,Month-to-Month,Standard,Credit Card,1,55.78,1667.62,63.2,3,3,2,Yes
CUST203113,17,Two Year,Standard,Bank Transfer,1,48.57,770.35,45.1,0,5,0,No
CUST203114,72,One Year,Basic,Credit Card,0,21.34,1415.49,29.7,3,4,3,No
CUST203115,25,Month-to-Month,Basic,Digital Wallet,0,27.77,661.85,22.5,1,3,1,No
CUST203116,48,Two Year,Standard,Credit Card,1,59.02,2788.18,37.4,0,5,1,No
CUST203117,13,Month-to-Month,Basic,Bank Transfer,1,18.78,232.49,7.8,7,3,0,Yes
CUST203118,72,One Year,Standard,Bank Transfer,0,51.89,3640.46,60.7,1,3,0,No
CUST203119,8,Two Year,Basic,Bank Transfer,1,24.27,186.57,26.1,3,4,2,No
CUST203120,15,Two Year,Standard,Bank Transfer,0,53.85,750.04,79.2,3,3,0,No
CUST203121,49,Month-to-Month,Standard,Bank Transfer,1,48.24,2282.05,66.2,1,4,0,No
CUST203122,10,Two Year,Standard,Credit Card,1,62.64,599.9,67.6,2,3,2,No
CUST203123,11,One Year,Standard,Mailed Check,1,68.27,699.82,57.2,1,3,0,Yes
CUST203124,31,Month-to-Month,Basic,Credit Card,0,27.97,823.84,2.0,1,4,1,No
CUST203125,42,Two Year,Basic,Bank Transfer,0,23.84,935.96,22.8,1,4,1,Yes
CUST203126,26,One Year,Standard,Credit Card,0,60.92,1548.51,55.9,3,3,1,No
CUST203127,39,Month-to-Month,Standard,Digital Wallet,1,44.36,1637.51,64.5,2,2,0,Yes
CUST203128,52,Month-to-Month,Premium,Digital Wallet,1,86.77,4190.3,107.2,2,3,0,No
CUST203129,7,Month-to-Month,Basic,Credit Card,0,20.89,143.81,8.6,4,5,3,No
CUST203130,22,One Year,Basic,Bank Transfer,0,17.74,364.67,47.9,0,3,1,Yes
CUST203131,11,One Year,Standard,Digital Wallet,1,49.95,520.15,83.7,0,5,3,No
CUST203132,24,Month-to-Month,Standard,Credit Card,0,61.09,1363.38,78.3,2,2,0,Yes
CUST203133,29,Month-to-Month,Basic,Credit Card,1,37.3,1009.27,16.7,2,2,2,Yes
CUST203134,13,Month-to-Month,Standard,Credit Card,1,63.55,787.43,32.2,2,3,3,Yes
CUST203135,49,Two Year,Premium,Bank Transfer,0,98.73,4484.82,109.5,1,4,0,No
CUST203136,10,Month-to-Month,Premium,Bank Transfer,0,89.03,863.21,112.8,1,3,2,Yes
CUST203137,38,One Year,Standard,Digital Wallet,1,53.67,2005.52,60.4,0,4,0,No
CUST203138,21,One Year,Standard,Mailed Check,1,53.2,1076.88,57.8,0,3,0,No
CUST203139,7,One Year,Standard,Mailed Check,1,68.32,441.14,47.4,2,4,1,Yes
CUST203140,42,Month-to-Month,Standard,Credit Card,0,60.04,2368.03,45.9,2,3,0,Yes
CUST203141,45,Month-to-Month,Standard,Bank Transfer,1,54.29,2363.49,58.9,2,3,1,No
CUST203142,34,Month-to-Month,Premium,Bank Transfer,1,95.25,3002.7,86.9,2,5,2,No
CUST203143,4,Month-to-Month,Premium,Digital Wallet,1,94.16,361.16,91.2,1,2,2,Yes
CUST203144,5,One Year,Premium,Mailed Check,1,94.9,473.77,79.2,1,4,0,No
CUST203145,21,Month-to-Month,Premium,Digital Wallet,1,93.1,1814.31,121.1,4,2,1,Yes
CUST203146,34,Month-to-Month,Basic,Digital Wallet,0,24.59,816.83,13.8,2,3,0,Yes
CUST203147,27,Month-to-Month,Basic,Digital Wallet,1,25.38,641.75,4.4,1,5,3,No
CUST203148,38,Month-to-Month,Basic,Bank Transfer,1,40.52,1521.24,28.4,2,3,1,Yes
CUST203149,37,Month-to-Month,Basic,Credit Card,1,20.49,742.5,17.9,0,5,1,Yes
CUST203150,13,Two Year,Premium,Mailed Check,1,104.19,1303.89,85.0,0,5,2,No
CUST203151,18,Month-to-Month,Premium,Credit Card,0,91.44,1530.06,97.7,0,3,2,Yes
CUST203152,22,Month-to-Month,Basic,Bank Transfer,1,43.72,900.79,35.7,1,4,0,No
CUST203153,11,One Year,Premium,Mailed Check,1,101.38,1090.61,89.7,0,3,0,No
CUST203154,24,Month-to-Month,Standard,Credit Card,1,57.48,1271.25,53.7,0,3,0,No
CUST203155,24,Month-to-Month,Standard,Bank Transfer,1,52.45,1214.63,28.2,1,5,0,No
CUST203156,15,Month-to-Month,Standard,Mailed Check,1,52.5,749.07,75.9,0,5,1,No
CUST203157,4,Two Year,Premium,Credit Card,0,95.65,375.01,86.7,0,4,1,No
CUST203158,72,Month-to-Month,Standard,Credit Card,1,46.3,3230.72,86.3,3,3,0,No
CUST203159,64,Month-to-Month,Basic,Credit Card,1,35.01,2085.89,6.6,2,4,1,No
CUST203160,23,One Year,Standard,Credit Card,0,48.47,1086.87,58.3,2,4,0,Yes
CUST203161,26,Month-to-Month,Basic,Mailed Check,1,28.63,695.21,25.2,3,3,1,Yes
CUST203162,37,Month-to-Month,Standard,Bank Transfer,1,63.93,2309.45,38.4,3,3,0,No
CUST203163,72,Month-to-Month,Standard,Credit Card,1,46.74,3321.22,70.1,4,1,1,Yes
CUST203164,11,Two Year,Standard,Credit Card,1,50.31,518.43,44.5,0,3,3,No
CUST203165,18,Two Year,Standard,Digital Wallet,1,49.86,884.11,73.4,2,3,2,Yes
CUST203166,27,Two Year,Premium,Digital Wallet,1,103.14,2682.3,108.1,6,2,1,Yes
CUST203167,18,Month-to-Month,Standard,Mailed Check,1,60.23,1074.23,65.1,1,3,0,Yes
CUST203168,4,Two Year,Basic,Credit Card,1,25.81,96.78,46.3,2,3,1,No
CUST203169,39,Month-to-Month,Standard,Bank Transfer,1,58.74,2232.61,21.0,2,4,0,No
CUST203170,31,Month-to-Month,Premium,Credit Card,0,88.36,2613.9,92.7,2,3,0,Yes
CUST203171,34,One Year,Standard,Credit Card,0,53.74,1753.01,71.5,2,3,2,No
CUST203172,48,Month-to-Month,Premium,Credit Card,1,94.55,4368.94,112.6,0,5,3,No
CUST203173,23,Two Year,Standard,Credit Card,1,63.58,1398.74,47.7,2,5,1,No
CUST203174,72,One Year,Premium,Mailed Check,1,86.69,5856.73,104.8,0,3,0,No
CUST203175,12,Month-to-Month,Premium,Bank Transfer,1,90.79,1050.67,72.8,1,4,1,Yes
CUST203176,25,One Year,Basic,Digital Wallet,1,25.82,607.49,23.8,3,4,3,No
CUST203177,8,One Year,Premium,Bank Transfer,1,97.25,734.3,106.7,0,2,0,Yes
CUST203178,13,Month-to-Month,Standard,Credit Card,1,51.58,624.97,32.9,3,3,1,Yes
CUST203179,23,Month-to-Month,Basic,Bank Transfer,1,25.44,544.34,23.7,0,5,1,No
CUST203180,20,Month-to-Month,Premium,Bank Transfer,1,93.5,1794.37,108.8,0,3,0,No
CUST203181,5,Two Year,Standard,Digital Wallet,1,53.97,263.42,56.5,1,4,0,Yes
CUST203182,48,Two Year,Standard,Digital Wallet,0,51.25,2402.42,55.7,3,3,1,No
CUST203183,9,Month-to-Month,Premium,Digital Wallet,1,95.45,806.22,95.0,1,4,0,No
CUST203184,46,Two Year,Premium,Credit Card,0,94.65,4285.99,96.9,0,3,1,No
CUST203185,30,Month-to-Month,Premium,Credit Card,1,96.12,2797.71,83.3,2,3,1,No
CUST203186,72,Month-to-Month,Premium,Bank Transfer,1,103.63,7434.97,103.6,1,4,1,No
CUST203187,47,Month-to-Month,Basic,Bank Transfer,1,30.07,1372.74,19.1,2,4,5,No
CUST203188,31,Month-to-Month,Basic,Mailed Check,1,27.09,826.87,39.3,0,4,2,No
CUST203189,21,Two Year,Standard,Credit Card,0,57.16,1116.56,84.7,0,3,1,No
CUST203190,16,One Year,Standard,Digital Wallet,0,59.43,897.18,34.4,2,3,0,No
CUST203191,24,Month-to-Month,Basic,Bank Transfer,1,31.8,721.26,39.9,1,3,2,No
CUST203192,33,Month-to-Month,Standard,Digital Wallet,1,61.98,2037.95,50.5,1,3,2,No
CUST203193,5,One Year,Standard,Credit Card,1,55.93,267.33,81.0,3,4,1,No
CUST203194,18,Month-to-Month,Premium,Bank Transfer,1,87.62,1515.02,103.1,4,3,0,Yes
CUST203195,15,One Year,Premium,Bank Transfer,1,87.04,1266.42,100.3,2,2,1,No
CUST203196,16,One Year,Premium,Mailed Check,0,94.98,1511.41,100.1,2,4,0,No
CUST203197,10,One Year,Standard,Credit Card,0,50.72,486.35,34.7,2,3,0,Yes
CUST203198,2,One Year,Standard,Digital Wallet,1,57.78,110.01,35.4,1,5,1,No
CUST203199,35,One Year,Basic,Credit Card,1,33.88,1116.27,6.3,1,2,2,No
CUST203200,47,Month-to-Month,Standard,Mailed Check,0,59.03,2764.53,48.4,0,3,1,Yes
CUST203201,13,One Year,Premium,Bank Transfer,1,95.03,1228.51,99.5,3,2,1,Yes
CUST203202,71,One Year,Basic,Digital Wallet,1,18.05,1227.14,19.3,3,4,2,No
CUST203203,19,One Year,Standard,Credit Card,0,57.12,1066.45,62.6,3,2,0,No
CUST203204,15,Month-to-Month,Standard,Mailed Check,0,46.32,646.69,28.2,0,5,1,Yes
CUST203205,31,Month-to-Month,Premium,Mailed Check,1,97.11,2961.19,117.2,3,2,0,No
CUST203206,38,One Year,Standard,Credit Card,1,57.35,2119.3,51.0,4,3,0,No
CUST203207,22,One Year,Basic,Digital Wallet,1,32.44,686.8,40.3,1,5,1,No
CUST203208,31,Month-to-Month,Standard,Bank Transfer,0,71.39,2145.04,67.6,4,3,1,No
CUST203209,21,One Year,Standard,Mailed Check,1,56.44,1102.58,70.7,2,3,1,Yes
CUST203210,16,Month-to-Month,Standard,Credit Card,1,71.31,1113.93,51.4,1,3,1,Yes
CUST203211,41,Month-to-Month,Standard,Digital Wallet,1,61.41,2337.63,41.5,1,5,1,No
CUST203212,18,One Year,Standard,Credit Card,1,51.41,917.18,83.6,0,5,3,No
CUST203213,16,Two Year,Standard,Bank Transfer,1,56.62,893.93,53.0,3,2,0,Yes
CUST203214,42,Month-to-Month,Standard,Digital Wallet,0,57.59,2382.02,54.3,4,4,1,Yes
CUST203215,34,Month-to-Month,Standard,Credit Card,0,48.18,1575.18,41.8,2,2,2,No
CUST203216,43,Month-to-Month,Standard,Credit Card,0,54.74,2212.22,45.6,1,3,2,Yes
CUST203217,49,One Year,Standard,Mailed Check,1,55.94,2668.59,43.1,1,2,2,Yes
CUST203218,25,Month-to-Month,Basic,Digital Wallet,1,34.45,852.32,14.2,0,2,1,Yes
CUST203219,13,Month-to-Month,Standard,Bank Transfer,1,47.66,606.14,75.9,2,3,1,No
CUST203220,9,One Year,Basic,Credit Card,0,27.54,229.29,36.4,2,3,1,Yes
CUST203221,48,Month-to-Month,Standard,Credit Card,1,47.72,2241.74,52.6,1,5,1,No
CUST203222,28,Two Year,Standard,Credit Card,1,53.15,1428.25,76.1,1,4,1,No
CUST203223,35,One Year,Basic,Bank Transfer,1,33.47,1103.77,10.3,3,4,2,Yes
CUST203224,11,Two Year,Premium,Digital Wallet,0,93.67,1017.02,98.2,1,4,1,Yes
CUST203225,19,Two Year,Basic,Credit Card,1,26.62,489.99,36.1,0,3,3,No
CUST203226,72,One Year,Standard,Credit Card,1,57.49,4117.89,91.1,1,5,0,No
CUST203227,11,Month-to-Month,Standard,Bank Transfer,1,48.44,492.05,44.2,3,5,0,No
CUST203228,72,One Year,Basic,Mailed Check,0,29.23,1966.57,5.0,2,3,0,No
CUST203229,35,One Year,Premium,Credit Card,1,99.02,3298.14,80.1,2,2,2,No
CUST203230,40,Month-to-Month,Basic,Digital Wallet,1,23.47,932.3,24.3,0,5,2,No
CUST203231,27,One Year,Basic,Credit Card,1,35.31,895.43,2.0,2,2,1,No
CUST203232,52,Month-to-Month,Standard,Digital Wallet,1,68.49,3352.71,63.6,0,3,2,No
CUST203233,18,Two Year,Standard,Bank Transfer,1,63.25,1092.27,61.7,2,4,0,No
CUST203234,13,One Year,Standard,Bank Transfer,0,59.3,716.22,42.3,2,4,0,No
CUST203235,10,Two Year,Premium,Bank Transfer,1,88.18,828.37,86.5,0,3,1,No
CUST203236,39,Two Year,Standard,Bank Transfer,0,49.45,1844.19,29.8,2,4,1,No
CUST203237,67,One Year,Premium,Credit Card,1,98.58,6204.22,113.8,0,4,2,No
CUST203238,11,Two Year,Basic,Credit Card,1,28.32,290.58,19.1,1,3,2,No
CUST203239,49,One Year,Standard,Credit Card,0,63.27,3094.46,56.9,1,4,0,No
CUST203240,60,Month-to-Month,Standard,Credit Card,1,61.88,3521.84,61.9,0,4,1,No
CUST203241,17,Two Year,Standard,Bank Transfer,0,61.11,974.54,53.7,0,3,1,No
CUST203242,42,One Year,Standard,Mailed Check,1,55.06,2273.3,44.8,1,4,0,No
CUST203243,47,One Year,Standard,Credit Card,0,59.47,2732.9,50.2,2,4,2,No
CUST203244,31,Two Year,Basic,Credit Card,0,26.8,825.85,33.7,1,3,2,No
CUST203245,29,One Year,Basic,Digital Wallet,0,26.47,755.75,24.4,1,3,0,No
CUST203246,26,Month-to-Month,Standard,Credit Card,0,57.29,1460.39,79.8,0,3,1,No
CUST203247,42,One Year,Standard,Digital Wallet,0,60.21,2502.19,37.1,3,2,2,Yes
CUST203248,13,One Year,Standard,Mailed Check,1,66.03,818.09,38.7,0,3,0,No
CUST203249,29,One Year,Premium,Bank Transfer,0,97.74,2684.96,88.1,1,4,2,No
CUST203250,27,Two Year,Standard,Bank Transfer,1,55.98,1480.11,63.0,0,5,1,Yes
CUST203251,12,One Year,Premium,Digital Wallet,1,92.0,1059.86,89.5,0,3,2,No
CUST203252,12,Two Year,Standard,Bank Transfer,1,61.66,703.81,29.0,3,5,0,No
CUST203253,30,One Year,Standard,Mailed Check,0,51.16,1534.21,28.0,0,4,0,No
CUST203254,25,Two Year,Standard,Bank Transfer,1,43.45,1015.63,56.6,0,3,1,Yes
CUST203255,20,Month-to-Month,Premium,Mailed Check,1,103.51,1989.51,92.0,0,2,0,Yes
CUST203256,30,Month-to-Month,Standard,Digital Wallet,1,69.13,1964.87,50.3,3,3,0,Yes
CUST203257,37,One Year,Standard,Digital Wallet,1,55.95,1929.17,47.1,2,3,3,Yes
CUST203258,13,Two Year,Premium,Bank Transfer,1,97.16,1230.35,111.9,4,3,4,Yes
CUST203259,27,Two Year,Standard,Digital Wallet,0,56.54,1495.76,50.9,3,2,0,No
CUST203260,18,One Year,Standard,Mailed Check,0,60.59,1006.37,52.9,1,5,4,No
CUST203261,31,Month-to-Month,Standard,Credit Card,1,46.69,1391.99,69.2,1,4,0,No
CUST203262,33,Month-to-Month,Premium,Digital Wallet,0,83.52,2611.93,71.6,1,3,1,Yes
CUST203263,72,Month-to-Month,Premium,Digital Wallet,1,91.84,6191.69,82.5,2,4,1,No
CUST203264,34,Month-to-Month,Basic,Credit Card,1,34.23,1091.86,37.9,0,4,1,No
CUST203265,15,Month-to-Month,Premium,Digital Wallet,0,98.0,1383.89,99.5,0,3,3,Yes
CUST203266,72,Two Year,Basic,Mailed Check,0,20.01,1386.68,40.6,1,5,1,No
CUST203267,22,One Year,Standard,Bank Transfer,0,55.25,1118.91,62.1,1,4,0,No
CUST203268,51,One Year,Standard,Mailed Check,1,51.53,2562.31,68.4,0,3,0,No
CUST203269,48,Month-to-Month,Standard,Credit Card,1,49.56,2268.93,50.0,4,5,1,No
CUST203270,22,Month-to-Month,Standard,Credit Card,1,48.21,978.97,52.1,0,5,2,No
CUST203271,72,Month-to-Month,Standard,Bank Transfer,0,55.79,3718.24,39.4,2,3,0,Yes
CUST203272,7,One Year,Basic,Bank Transfer,1,25.77,168.59,9.9,0,3,0,No
CUST203273,33,One Year,Premium,Digital Wallet,1,97.7,3028.45,111.5,2,3,2,Yes
CUST203274,27,Two Year,Basic,Digital Wallet,1,26.24,679.11,20.3,3,2,2,No
CUST203275,19,Month-to-Month,Basic,Credit Card,1,19.0,339.75,21.9,1,3,1,No
CUST203276,10,One Year,Standard,Credit Card,0,51.06,489.01,17.5,0,3,3,No
CUST203277,50,One Year,Standard,Bank Transfer,0,54.15,2628.01,72.1,2,2,2,No
CUST203278,10,One Year,Basic,Credit Card,0,27.63,272.34,12.5,1,3,1,No
CUST203279,19,Month-to-Month,Premium,Mailed Check,1,90.95,1681.03,73.2,0,4,1,No
CUST203280,61,Two Year,Standard,Digital Wallet,1,61.06,3713.76,32.8,1,4,0,No
CUST203281,33,One Year,Basic,Mailed Check,0,18.02,587.31,26.2,4,2,0,Yes
CUST203282,60,One Year,Standard,Digital Wallet,0,53.42,2958.03,70.7,1,2,2,No
CUST203283,18,Month-to-Month,Premium,Credit Card,1,82.22,1461.81,96.5,1,3,1,No
CUST203284,31,Two Year,Basic,Credit Card,1,15.23,457.51,26.5,0,3,1,No
CUST203285,8,One Year,Standard,Bank Transfer,1,69.42,539.7,110.9,0,3,1,No
CUST203286,41,Month-to-Month,Basic,Credit Card,1,27.64,1055.74,42.0,1,4,3,Yes
CUST203287,37,One Year,Basic,Bank Transfer,1,27.05,999.13,15.6,1,2,0,No
CUST203288,13,Month-to-Month,Basic,Mailed Check,1,33.49,422.1,4.1,2,5,0,No
CUST203289,9,Month-to-Month,Premium,Mailed Check,1,86.72,730.05,81.1,1,3,4,Yes
CUST203290,8,One Year,Standard,Digital Wallet,1,50.25,402.0,63.2,1,3,0,No
CUST203291,40,One Year,Premium,Credit Card,0,99.72,3797.05,93.7,0,4,3,No
CUST203292,60,Month-to-Month,Premium,Credit Card,1,87.13,5082.24,99.0,0,4,1,Yes
CUST203293,15,Month-to-Month,Basic,Bank Transfer,0,22.72,334.43,18.7,2,3,4,Yes
CUST203294,20,Month-to-Month,Basic,Credit Card,0,15.0,281.52,18.5,3,2,0,Yes
CUST203295,38,Month-to-Month,Standard,Bank Transfer,1,57.75,2041.8,64.7,2,2,1,No
CUST203296,44,Month-to-Month,Basic,Bank Transfer,1,34.13,1409.06,35.6,1,3,0,Yes
CUST203297,25,Month-to-Month,Standard,Credit Card,1,59.76,1427.43,67.4,2,3,0,Yes
CUST203298,2,One Year,Standard,Digital Wallet,0,51.56,100.78,64.2,1,2,2,No
CUST203299,28,One Year,Standard,Bank Transfer,1,50.31,1352.48,69.1,1,3,3,Yes
CUST203300,7,Month-to-Month,Basic,Digital Wallet,1,31.99,220.32,4.7,2,5,0,Yes
CUST203301,4,One Year,Basic,Digital Wallet,1,15.0,59.15,24.6,0,4,1,No
CUST203302,15,Month-to-Month,Premium,Bank Transfer,1,92.69,1305.31,106.6,0,2,0,Yes
CUST203303,27,Two Year,Premium,Credit Card,1,88.88,2274.71,102.8,2,3,1,No
CUST203304,31,One Year,Premium,Digital Wallet,1,97.2,2776.84,117.3,2,3,0,Yes
CUST203305,26,Month-to-Month,Premium,Bank Transfer,1,89.05,2299.2,104.8,1,3,0,No
CUST203306,10,Month-to-Month,Basic,Credit Card,1,27.51,272.07,45.3,0,2,0,No
CUST203307,52,Month-to-Month,Premium,Bank Transfer,1,84.99,4136.46,104.2,0,4,2,No
CUST203308,3,Two Year,Standard,Credit Card,0,48.54,140.33,53.0,1,4,0,No
CUST203309,51,One Year,Standard,Credit Card,0,60.62,2867.15,54.8,1,4,2,No
CUST203310,13,Month-to-Month,Standard,Credit Card,1,69.43,886.05,66.4,3,2,2,Yes
CUST203311,16,One Year,Premium,Mailed Check,1,89.0,1369.01,80.1,1,5,1,Yes
CUST203312,40,Month-to-Month,Standard,Credit Card,0,43.67,1710.23,42.3,1,2,1,Yes
CUST203313,3,Month-to-Month,Premium,Digital Wallet,0,101.76,293.69,97.0,2,2,1,Yes
CUST203314,29,Two Year,Standard,Bank Transfer,1,56.32,1515.29,72.0,0,5,1,No
CUST203315,23,Month-to-Month,Standard,Bank Transfer,1,41.88,896.79,50.9,3,3,1,No
CUST203316,29,One Year,Premium,Digital Wallet,1,91.11,2474.6,104.8,0,4,0,No
CUST203317,54,Month-to-Month,Basic,Credit Card,1,25.73,1348.23,15.9,5,2,1,No
CUST203318,52,Month-to-Month,Standard,Credit Card,0,56.68,2930.45,39.8,0,2,1,Yes
CUST203319,3,Two Year,Basic,Digital Wallet,1,31.03,90.62,20.3,3,4,1,No
CUST203320,22,One Year,Basic,Credit Card,1,28.55,612.13,27.0,3,5,2,No
CUST203321,5,Month-to-Month,Standard,Credit Card,1,49.78,230.78,63.6,0,4,2,No
CUST203322,41,Month-to-Month,Basic,Bank Transfer,1,15.0,603.3,24.4,1,3,0,No
CUST203323,19,Month-to-Month,Premium,Credit Card,1,94.54,1794.73,90.9,0,3,2,Yes
CUST203324,39,One Year,Basic,Bank Transfer,1,28.76,1070.97,10.5,1,4,0,No
CUST203325,54,Two Year,Basic,Credit Card,1,33.65,1760.94,46.2,0,4,0,No
CUST203326,14,Month-to-Month,Basic,Credit Card,0,31.36,434.47,21.8,1,1,0,Yes
CUST203327,6,Month-to-Month,Premium,Credit Card,1,93.18,526.94,105.0,1,4,2,Yes
CUST203328,25,Month-to-Month,Standard,Bank Transfer,1,50.92,1194.7,44.2,1,5,2,No
CUST203329,16,Month-to-Month,Standard,Digital Wallet,0,63.66,954.12,51.6,1,4,0,No
CUST203330,2,One Year,Standard,Bank Transfer,0,60.15,115.85,72.4,2,3,2,No
CUST203331,31,Month-to-Month,Basic,Bank Transfer,0,21.06,644.66,21.5,1,3,0,No
CUST203332,41,One Year,Basic,Digital Wallet,1,22.87,870.93,22.6,0,5,1,No
CUST203333,72,Month-to-Month,Basic,Credit Card,1,27.94,2006.17,34.7,3,4,0,No
CUST203334,72,Month-to-Month,Standard,Credit Card,1,40.51,2783.48,65.0,2,3,1,No
CUST203335,10,One Year,Premium,Bank Transfer,0,99.21,921.62,108.5,2,2,1,Yes
CUST203336,25,One Year,Premium,Bank Transfer,1,93.07,2297.48,83.8,0,4,0,No
CUST203337,72,Month-to-Month,Standard,Bank Transfer,0,47.64,3193.5,72.0,3,4,5,No
CUST203338,72,Month-to-Month,Premium,Credit Card,0,87.1,5861.51,103.7,3,4,1,No
CUST203339,34,Month-to-Month,Basic,Bank Transfer,0,19.57,644.45,26.2,0,5,0,No
CUST203340,37,Month-to-Month,Basic,Bank Transfer,1,26.77,937.54,24.3,0,4,0,No
CUST203341,46,Month-to-Month,Basic,Credit Card,1,20.8,933.8,36.6,3,3,0,Yes
CUST203342,17,One Year,Premium,Digital Wallet,0,103.37,1624.18,109.5,3,4,1,No
CUST203343,31,Month-to-Month,Standard,Bank Transfer,1,58.28,1778.93,42.8,1,4,1,No
CUST203344,60,Month-to-Month,Standard,Digital Wallet,1,53.17,3129.08,53.5,1,4,1,No
CUST203345,28,Month-to-Month,Standard,Credit Card,0,63.08,1724.45,69.9,1,3,1,Yes
CUST203346,36,One Year,Premium,Bank Transfer,1,106.28,3598.83,66.8,1,2,1,No
CUST203347,1,One Year,Standard,Bank Transfer,1,64.38,59.69,39.9,1,4,0,No
CUST203348,12,Month-to-Month,Standard,Credit Card,0,62.52,736.97,66.0,2,4,1,Yes
CUST203349,33,Month-to-Month,Basic,Credit Card,0,23.57,759.33,29.9,0,3,0,Yes
CUST203350,28,One Year,Standard,Credit Card,0,60.99,1606.71,41.3,0,2,1,No
CUST203351,27,Month-to-Month,Basic,Bank Transfer,1,28.66,746.09,42.9,2,3,0,No
CUST203352,19,Two Year,Standard,Bank Transfer,0,68.74,1287.85,67.1,0,5,1,No
CUST203353,14,Month-to-Month,Basic,Digital Wallet,1,24.96,331.03,25.8,0,3,1,No
CUST203354,12,One Year,Standard,Credit Card,1,64.31,733.16,17.0,1,4,5,No
CUST203355,72,One Year,Standard,Credit Card,1,50.99,3480.36,43.3,1,3,2,No
CUST203356,51,Two Year,Premium,Credit Card,1,88.66,4218.57,100.2,0,4,0,No
CUST203357,49,Month-to-Month,Standard,Credit Card,1,48.61,2335.44,58.3,1,4,1,No
CUST203358,64,One Year,Premium,Bank Transfer,1,99.32,5938.62,100.5,2,3,0,No
CUST203359,13,Month-to-Month,Standard,Mailed Check,0,48.76,591.69,61.8,4,4,2,Yes
CUST203360,16,One Year,Basic,Digital Wallet,1,24.58,389.42,46.9,1,5,5,No
CUST203361,21,Month-to-Month,Standard,Digital Wallet,1,51.69,1001.93,72.8,1,2,1,Yes
CUST203362,54,One Year,Basic,Credit Card,1,26.76,1415.48,3.2,1,4,3,No
CUST203363,18,Month-to-Month,Basic,Credit Card,1,28.43,476.08,19.2,1,3,2,No
CUST203364,34,Two Year,Standard,Digital Wallet,0,56.06,1808.89,52.5,0,3,1,No
CUST203365,72,Month-to-Month,Standard,Credit Card,0,60.04,4220.67,61.7,0,3,0,No
CUST203366,6,One Year,Premium,Digital Wallet,1,86.62,480.64,116.7,2,2,0,Yes
CUST203367,62,Month-to-Month,Basic,Mailed Check,0,23.53,1405.34,46.7,0,4,2,No
CUST203368,60,Month-to-Month,Standard,Credit Card,1,46.95,2678.01,50.7,1,5,0,No
CUST203369,15,Month-to-Month,Basic,Credit Card,0,23.05,343.47,29.4,2,3,0,No
CUST203370,40,One Year,Premium,Mailed Check,1,78.93,3034.27,103.3,1,4,0,No
CUST203371,33,Two Year,Standard,Mailed Check,0,38.72,1236.17,59.5,1,3,1,No
CUST203372,27,Month-to-Month,Standard,Credit Card,0,50.22,1334.03,60.0,0,3,1,No
CUST203373,17,Month-to-Month,Premium,Credit Card,0,98.8,1619.37,69.5,1,3,3,Yes
CUST203374,44,Two Year,Premium,Mailed Check,1,84.48,3438.91,119.4,2,4,1,No
CUST203375,72,One Year,Basic,Digital Wallet,0,21.6,1457.99,18.1,2,3,1,No
CUST203376,38,Month-to-Month,Standard,Digital Wallet,1,62.25,2203.78,54.2,3,4,3,No
CUST203377,45,One Year,Basic,Digital Wallet,1,33.93,1433.14,8.6,2,5,1,Yes
CUST203378,48,Month-to-Month,Basic,Credit Card,1,28.26,1254.67,14.5,0,4,0,No
CUST203379,39,Month-to-Month,Basic,Mailed Check,0,21.81,826.34,27.7,0,3,1,No
CUST203380,24,Month-to-Month,Basic,Digital Wallet,1,28.56,654.15,25.1,2,3,0,Yes
CUST203381,38,Month-to-Month,Premium,Bank Transfer,0,90.97,3267.1,105.0,3,2,1,Yes
CUST203382,51,Month-to-Month,Standard,Bank Transfer,1,43.57,2202.39,29.4,0,3,3,Yes
CUST203383,43,Month-to-Month,Premium,Digital Wallet,1,90.73,3705.39,79.0,0,5,1,No
CUST203384,49,One Year,Premium,Bank Transfer,1,99.98,4606.66,89.5,1,5,0,Yes
CUST203385,43,One Year,Standard,Bank Transfer,1,49.62,2035.56,73.7,4,3,1,Yes
CUST203386,8,Month-to-Month,Standard,Digital Wallet,1,47.29,367.2,40.7,1,2,1,No
CUST203387,15,Two Year,Standard,Digital Wallet,1,45.65,651.11,39.7,1,3,0,No
CUST203388,5,Month-to-Month,Premium,Credit Card,1,103.85,511.8,73.7,0,3,1,No
CUST203389,36,One Year,Standard,Digital Wallet,1,64.82,2248.26,54.1,4,3,1,Yes
CUST203390,12,One Year,Standard,Bank Transfer,0,61.27,704.94,20.1,0,5,1,No
CUST203391,29,Month-to-Month,Standard,Credit Card,0,53.16,1484.99,48.3,1,3,1,No
CUST203392,3,Two Year,Standard,Bank Transfer,0,53.56,151.93,71.4,0,3,2,No
CUST203393,23,One Year,Premium,Bank Transfer,1,98.6,2171.62,86.1,0,2,1,No
CUST203394,41,Month-to-Month,Basic,Credit Card,1,21.07,809.16,2.0,1,3,0,No
CUST203395,32,Month-to-Month,Basic,Digital Wallet,0,24.07,722.85,27.1,4,2,0,Yes
CUST203396,21,One Year,Basic,Credit Card,0,27.56,552.96,10.1,1,4,1,No
CUST203397,33,Month-to-Month,Basic,Bank Transfer,0,25.88,841.03,4.0,2,3,1,No
CUST203398,64,Month-to-Month,Standard,Credit Card,0,72.42,4484.61,67.9,4,2,2,No
CUST203399,72,Month-to-Month,Basic,Digital Wallet,0,21.38,1474.23,30.0,1,3,2,No
CUST203400,4,Two Year,Premium,Digital Wallet,1,93.94,373.28,89.6,2,3,1,Yes
CUST203401,72,Month-to-Month,Basic,Credit Card,0,15.0,1012.67,29.0,3,2,0,No
CUST203402,11,Month-to-Month,Basic,Credit Card,1,32.11,341.13,17.5,0,3,1,Yes
CUST203403,17,Two Year,Standard,Credit Card,1,51.14,826.82,60.7,2,4,2,No
CUST203404,23,Month-to-Month,Standard,Digital Wallet,1,57.65,1235.14,76.6,2,3,0,Yes
CUST203405,72,Month-to-Month,Premium,Digital Wallet,0,89.26,6295.99,130.2,3,3,1,Yes
CUST203406,32,One Year,Basic,Credit Card,1,28.83,906.17,24.5,0,3,2,No
CUST203407,22,Month-to-Month,Standard,Credit Card,1,55.07,1121.81,66.1,3,4,0,Yes
CUST203408,56,One Year,Basic,Digital Wallet,1,23.51,1253.08,33.8,2,2,0,No
CUST203409,42,One Year,Standard,Credit Card,1,56.21,2189.78,89.4,1,4,1,Yes
CUST203410,16,Month-to-Month,Standard,Mailed Check,0,59.51,946.11,38.5,0,4,1,Yes
CUST203411,28,Month-to-Month,Standard,Mailed Check,1,53.06,1394.48,32.6,1,5,1,No
CUST203412,10,One Year,Basic,Digital Wallet,0,33.58,331.04,48.6,1,2,0,Yes
CUST203413,32,Month-to-Month,Standard,Digital Wallet,0,49.81,1576.63,57.6,0,3,0,No
CUST203414,72,Two Year,Standard,Credit Card,1,55.09,3937.16,74.8,1,3,2,No
CUST203415,22,One Year,Premium,Credit Card,0,94.93,1979.33,92.4,1,3,2,No
CUST203416,28,Month-to-Month,Basic,Credit Card,0,15.38,406.19,50.8,0,2,1,No
CUST203417,5,One Year,Standard,Bank Transfer,1,50.98,245.03,67.9,0,3,1,No
CUST203418,14,One Year,Standard,Bank Transfer,1,63.04,861.93,64.1,3,3,2,Yes
CUST203419,10,Month-to-Month,Premium,Bank Transfer,1,91.33,871.2,83.0,1,3,0,Yes
CUST203420,35,One Year,Basic,Bank Transfer,0,29.69,1008.7,11.7,0,2,0,No
CUST203421,15,Month-to-Month,Basic,Digital Wallet,1,22.42,324.07,59.8,1,3,1,Yes
CUST203422,20,Month-to-Month,Premium,Bank Transfer,1,94.04,1756.33,89.5,2,1,0,No
CUST203423,33,Month-to-Month,Basic,Mailed Check,0,23.68,741.49,13.2,3,4,2,No
CUST203424,13,One Year,Basic,Credit Card,1,28.67,348.57,46.4,0,3,2,No
CUST203425,38,Month-to-Month,Premium,Credit Card,1,99.09,3712.78,88.1,3,3,1,Yes
CUST203426,3,One Year,Standard,Credit Card,0,62.35,174.37,28.4,0,3,2,No
CUST203427,21,Month-to-Month,Standard,Credit Card,1,48.78,978.18,54.1,1,4,0,Yes
CUST203428,17,Month-to-Month,Premium,Credit Card,0,89.09,1502.74,93.4,0,5,1,Yes
CUST203429,21,One Year,Standard,Credit Card,0,63.8,1280.9,76.0,1,5,0,Yes
CUST203430,24,Month-to-Month,Standard,Credit Card,0,57.94,1389.87,51.2,3,3,0,Yes
CUST203431,15,One Year,Basic,Digital Wallet,1,17.71,254.86,21.8,0,3,1,No
CUST203432,8,Month-to-Month,Standard,Credit Card,1,57.69,455.7,53.7,1,3,0,No
CUST203433,48,Two Year,Basic,Bank Transfer,1,32.97,1518.59,8.0,0,4,0,No
CUST203434,61,Two Year,Premium,Credit Card,1,93.74,5419.69,66.1,3,4,1,No
CUST203435,31,Month-to-Month,Basic,Mailed Check,0,23.55,719.48,49.8,5,3,2,No
CUST203436,23,Two Year,Basic,Mailed Check,0,23.2,492.12,6.3,3,4,4,No
CUST203437,27,Two Year,Standard,Credit Card,1,55.52,1401.46,78.6,3,2,0,Yes
CUST203438,27,Month-to-Month,Standard,Credit Card,1,43.17,1154.66,40.4,0,4,0,No
CUST203439,32,Month-to-Month,Standard,Mailed Check,1,58.54,1865.95,60.1,0,3,2,No
CUST203440,10,Month-to-Month,Basic,Credit Card,1,23.07,221.18,27.6,0,4,0,No
CUST203441,42,Month-to-Month,Standard,Digital Wallet,0,63.51,2484.56,48.8,4,3,4,Yes
CUST203442,29,Month-to-Month,Premium,Digital Wallet,1,87.9,2540.86,96.2,5,3,1,Yes
CUST203443,27,Month-to-Month,Standard,Credit Card,0,53.89,1356.69,64.0,0,3,0,No
CUST203444,41,Month-to-Month,Basic,Credit Card,1,29.18,1194.1,25.0,0,5,1,No
CUST203445,37,Month-to-Month,Standard,Credit Card,1,52.47,1859.95,53.0,1,4,0,No
CUST203446,63,Month-to-Month,Basic,Credit Card,1,23.46,1438.37,17.4,0,5,4,No
CUST203447,14,Two Year,Basic,Bank Transfer,1,19.92,264.78,70.1,0,3,2,No
CUST203448,57,Month-to-Month,Premium,Credit Card,1,87.74,4762.15,105.5,1,2,6,No
CUST203449,15,One Year,Standard,Bank Transfer,1,51.92,756.56,61.5,3,3,1,No
CUST203450,2,Month-to-Month,Basic,Digital Wallet,1,24.01,44.37,17.4,0,4,0,No
CUST203451,72,One Year,Standard,Digital Wallet,1,57.02,3920.52,45.3,1,2,1,No
CUST203452,21,One Year,Standard,Bank Transfer,0,63.3,1237.1,53.6,0,4,1,No
CUST203453,6,Two Year,Premium,Digital Wallet,0,91.44,510.82,92.2,2,4,0,No
CUST203454,43,Month-to-Month,Standard,Digital Wallet,0,54.4,2282.08,45.4,0,2,0,No
CUST203455,34,One Year,Standard,Credit Card,1,49.79,1619.07,50.3,2,3,2,No
CUST203456,40,Month-to-Month,Basic,Credit Card,1,38.75,1512.68,33.4,1,4,1,No
CUST203457,25,Month-to-Month,Standard,Digital Wallet,1,53.23,1325.49,62.8,0,5,2,No
CUST203458,17,Month-to-Month,Standard,Digital Wallet,0,47.44,766.28,31.0,2,3,0,No
CUST203459,41,Two Year,Standard,Mailed Check,1,60.06,2377.31,29.5,1,2,2,No
CUST203460,47,Month-to-Month,Premium,Bank Transfer,0,101.75,4613.72,100.9,1,5,2,No
CUST203461,25,One Year,Basic,Bank Transfer,1,19.93,480.14,17.4,1,3,1,No
CUST203462,72,Month-to-Month,Standard,Bank Transfer,1,59.48,4055.55,51.1,1,3,2,No
CUST203463,20,Two Year,Standard,Digital Wallet,0,64.78,1246.96,70.2,2,3,0,Yes
CUST203464,20,One Year,Basic,Bank Transfer,1,21.19,414.87,31.7,0,1,1,No
CUST203465,28,One Year,Premium,Bank Transfer,0,92.18,2470.59,89.4,1,4,1,No
CUST203466,65,Month-to-Month,Standard,Credit Card,1,54.71,3345.78,47.4,3,3,0,No
CUST203467,47,Month-to-Month,Premium,Credit Card,1,104.3,4684.22,103.5,3,1,1,No
CUST203468,2,Month-to-Month,Standard,Digital Wallet,1,54.15,102.33,57.7,0,2,1,No
CUST203469,6,One Year,Standard,Credit Card,1,55.06,317.21,52.0,1,2,0,No
CUST203470,61,Month-to-Month,Premium,Mailed Check,0,91.02,5141.8,96.0,2,5,1,No
CUST203471,55,Two Year,Basic,Credit Card,1,25.27,1374.74,2.0,3,2,0,No
CUST203472,32,Month-to-Month,Premium,Bank Transfer,1,87.11,2575.2,53.1,2,2,0,Yes
CUST203473,66,Two Year,Basic,Bank Transfer,1,26.15,1713.1,28.2,3,4,0,No
CUST203474,6,Month-to-Month,Premium,Bank Transfer,0,91.91,509.08,108.7,1,4,2,No
CUST203475,7,Month-to-Month,Premium,Credit Card,1,94.63,628.42,70.8,0,4,0,Yes
CUST203476,6,Month-to-Month,Standard,Digital Wallet,1,49.72,293.62,22.1,1,2,1,Yes
CUST203477,21,Month-to-Month,Standard,Credit Card,0,59.22,1181.14,55.5,0,2,2,No
CUST203478,13,Two Year,Premium,Credit Card,0,99.28,1269.41,91.3,0,2,0,No
CUST203479,50,One Year,Premium,Mailed Check,1,89.05,4299.59,89.7,1,4,1,No
CUST203480,9,One Year,Premium,Credit Card,1,90.46,753.42,92.0,2,3,0,No
CUST203481,25,Month-to-Month,Standard,Credit Card,0,56.49,1371.77,60.8,0,3,1,No
CUST203482,27,Month-to-Month,Standard,Credit Card,1,58.04,1447.39,53.1,1,3,1,No
CUST203483,38,Month-to-Month,Standard,Digital Wallet,1,57.66,2029.65,68.0,3,2,3,No
CUST203484,46,One Year,Basic,Digital Wallet,0,30.68,1314.05,40.7,1,3,2,Yes
CUST203485,11,Month-to-Month,Standard,Digital Wallet,0,56.93,586.33,56.0,1,3,0,Yes
CUST203486,51,Month-to-Month,Basic,Digital Wallet,1,29.62,1456.57,21.8,0,4,0,No
CUST203487,31,Month-to-Month,Premium,Credit Card,1,87.97,2577.68,88.7,0,5,0,No
CUST203488,30,One Year,Standard,Digital Wallet,1,51.33,1523.58,66.9,0,3,0,No
CUST203489,10,One Year,Standard,Bank Transfer,1,59.58,582.41,59.9,1,5,2,Yes
CUST203490,35,Month-to-Month,Premium,Mailed Check,1,91.27,3158.02,114.5,2,3,0,Yes
CUST203491,7,Month-to-Month,Basic,Bank Transfer,1,25.04,164.72,23.7,2,4,1,No
CUST203492,36,One Year,Basic,Bank Transfer,1,27.52,943.74,19.2,1,4,0,Yes
CUST203493,72,Two Year,Premium,Mailed Check,1,98.69,6600.18,109.8,1,4,1,No
CUST203494,32,Month-to-Month,Premium,Digital Wallet,0,98.57,2924.32,99.6,1,5,1,No
CUST203495,34,Two Year,Standard,Bank Transfer,1,55.47,1779.3,39.2,1,4,1,No
CUST203496,38,Month-to-Month,Basic,Credit Card,1,18.95,707.61,42.9,1,3,2,No
CUST203497,39,Month-to-Month,Standard,Digital Wallet,1,57.29,2149.16,42.6,0,5,2,No
CUST203498,67,One Year,Premium,Bank Transfer,1,90.56,5786.71,93.0,1,3,0,No
CUST203499,3,Month-to-Month,Basic,Bank Transfer,0,22.15,65.06,43.4,3,3,2,No
CUST203500,44,Month-to-Month,Premium,Bank Transfer,1,86.86,3561.85,76.4,0,4,0,No
CUST203501,28,Two Year,Premium,Bank Transfer,1,98.84,2742.51,86.5,3,3,2,No
CUST203502,34,Month-to-Month,Premium,Credit Card,0,98.53,3195.77,91.1,2,3,1,No
CUST203503,14,Month-to-Month,Premium,Credit Card,1,92.34,1245.21,86.0,1,3,1,No
CUST203504,36,One Year,Basic,Mailed Check,1,27.16,905.35,23.3,2,4,1,No
CUST203505,32,One Year,Standard,Digital Wallet,0,57.96,1802.5,47.9,0,4,2,No
CUST203506,34,Month-to-Month,Standard,Bank Transfer,0,59.6,2010.9,58.9,1,2,1,Yes
CUST203507,16,Month-to-Month,Basic,Digital Wallet,1,20.76,314.88,59.4,0,4,2,No
CUST203508,28,Month-to-Month,Standard,Digital Wallet,1,55.93,1520.87,49.8,1,3,3,No
CUST203509,5,Month-to-Month,Basic,Credit Card,0,29.07,143.12,14.8,0,5,2,No
CUST203510,10,One Year,Premium,Credit Card,1,90.48,900.85,83.2,4,4,4,No
CUST203511,24,Month-to-Month,Standard,Credit Card,1,50.87,1195.01,41.3,2,4,1,No
CUST203512,4,One Year,Standard,Digital Wallet,0,56.56,211.84,53.9,1,2,3,No
CUST203513,44,One Year,Standard,Credit Card,1,49.56,2047.4,70.0,1,2,0,No
CUST203514,17,Month-to-Month,Standard,Bank Transfer,1,54.68,915.7,66.6,3,4,3,No
CUST203515,24,One Year,Standard,Digital Wallet,1,57.02,1358.3,64.7,3,3,0,No
CUST203516,37,Month-to-Month,Standard,Bank Transfer,0,57.49,2024.87,67.8,0,2,1,No
CUST203517,30,One Year,Premium,Bank Transfer,0,93.42,2784.11,76.2,1,3,1,Yes
CUST203518,46,Month-to-Month,Basic,Mailed Check,0,30.76,1333.83,43.3,0,4,0,Yes
CUST203519,41,One Year,Basic,Bank Transfer,0,18.99,721.87,18.5,0,5,1,No
CUST203520,12,Month-to-Month,Standard,Bank Transfer,1,55.62,624.27,28.2,1,4,1,No
CUST203521,72,Month-to-Month,Premium,Mailed Check,1,87.3,6253.6,101.9,4,3,1,No
CUST203522,41,One Year,Standard,Mailed Check,0,53.86,2140.64,49.0,0,3,0,No
CUST203523,64,One Year,Premium,Credit Card,1,96.88,5851.97,112.7,0,4,0,No
CUST203524,9,Month-to-Month,Premium,Bank Transfer,1,110.86,957.07,83.0,1,4,1,No
CUST203525,72,Month-to-Month,Standard,Bank Transfer,0,67.62,4502.03,67.9,4,4,1,No
CUST203526,37,Two Year,Basic,Bank Transfer,1,24.39,871.2,29.6,2,4,3,Yes
CUST203527,14,Month-to-Month,Basic,Digital Wallet,0,28.07,378.92,11.8,0,4,2,No
CUST203528,17,Two Year,Basic,Credit Card,1,28.43,464.81,32.9,4,2,0,No
CUST203529,19,One Year,Standard,Digital Wallet,1,56.0,1008.78,47.1,2,4,0,No
CUST203530,5,One Year,Basic,Credit Card,1,17.3,85.57,19.4,1,3,1,No
CUST203531,9,Month-to-Month,Premium,Digital Wallet,1,96.24,799.05,109.6,1,3,0,Yes
CUST203532,32,Month-to-Month,Basic,Credit Card,0,17.94,544.54,4.9,2,4,0,No
CUST203533,20,One Year,Standard,Digital Wallet,1,60.3,1137.89,74.0,0,5,1,No
CUST203534,20,Month-to-Month,Premium,Credit Card,1,92.26,1837.48,86.2,2,4,2,No
CUST203535,31,One Year,Basic,Digital Wallet,0,22.6,668.77,23.1,1,4,0,No
CUST203536,22,Two Year,Standard,Credit Card,1,59.25,1216.09,81.3,4,2,1,No
CUST203537,53,One Year,Standard,Bank Transfer,1,50.98,2649.11,51.8,1,3,1,No
CUST203538,39,Month-to-Month,Standard,Credit Card,1,54.01,2077.32,25.7,1,3,0,No
CUST203539,31,Two Year,Standard,Credit Card,0,62.32,1918.93,42.9,1,4,0,No
CUST203540,48,One Year,Basic,Bank Transfer,1,27.13,1261.98,33.9,2,4,1,No
CUST203541,21,Month-to-Month,Premium,Digital Wallet,0,91.97,1853.53,99.9,2,3,0,No
CUST203542,15,One Year,Basic,Bank Transfer,1,23.01,326.03,29.8,1,4,0,No
CUST203543,4,Month-to-Month,Premium,Credit Card,1,83.18,320.93,117.4,2,3,0,No
CUST203544,67,Month-to-Month,Premium,Digital Wallet,1,104.75,6583.14,80.5,4,3,1,Yes
CUST203545,14,Month-to-Month,Premium,Credit Card,0,99.02,1340.92,94.8,2,2,1,Yes
CUST203546,17,Month-to-Month,Premium,Bank Transfer,0,87.41,1458.53,105.8,1,4,0,Yes
CUST203547,39,Month-to-Month,Basic,Digital Wallet,0,38.93,1450.06,2.0,3,4,0,No
CUST203548,72,Two Year,Standard,Credit Card,0,57.54,3864.55,54.5,0,4,2,No
CUST203549,3,One Year,Basic,Bank Transfer,0,15.0,43.41,39.9,1,3,1,No
CUST203550,31,Month-to-Month,Basic,Bank Transfer,0,29.35,868.69,21.5,0,5,0,No
CUST203551,37,Two Year,Standard,Digital Wallet,1,53.58,1935.14,45.6,1,3,0,No
CUST203552,31,Month-to-Month,Standard,Bank Transfer,0,56.17,1715.01,46.9,2,3,0,No
CUST203553,5,Month-to-Month,Basic,Digital Wallet,1,19.32,92.46,19.2,2,5,1,Yes
CUST203554,63,One Year,Standard,Digital Wallet,0,47.44,2908.98,45.1,2,3,1,No
CUST203555,13,Month-to-Month,Premium,Digital Wallet,1,99.69,1263.07,72.8,3,2,1,Yes
CUST203556,13,Month-to-Month,Premium,Bank Transfer,1,92.72,1127.35,93.1,1,3,1,Yes
CUST203557,20,Month-to-Month,Premium,Mailed Check,0,95.22,1801.53,90.1,1,2,0,Yes
CUST203558,39,Month-to-Month,Premium,Bank Transfer,0,109.31,4219.9,84.3,1,3,0,Yes
CUST203559,8,Month-to-Month,Standard,Digital Wallet,1,51.22,387.37,41.2,2,4,1,Yes
CUST203560,40,One Year,Standard,Credit Card,0,54.79,2138.01,93.3,3,3,1,No
CUST203561,51,Month-to-Month,Standard,Bank Transfer,1,53.73,2666.94,46.4,2,4,1,No
CUST203562,12,Month-to-Month,Basic,Bank Transfer,1,22.35,266.62,38.7,1,4,2,No
CUST203563,72,Two Year,Standard,Digital Wallet,1,59.07,4239.63,51.4,3,5,2,Yes
CUST203564,35,One Year,Premium,Bank Transfer,0,90.17,2924.41,97.4,1,3,2,No
CUST203565,14,Month-to-Month,Basic,Mailed Check,0,24.46,336.91,19.8,2,3,1,Yes
CUST203566,8,Month-to-Month,Basic,Credit Card,0,27.47,206.37,38.9,1,5,2,No
CUST203567,72,Two Year,Standard,Mailed Check,1,48.1,3363.07,39.0,3,4,0,No
CUST203568,25,Month-to-Month,Standard,Mailed Check,1,54.34,1274.55,54.3,3,4,0,No
CUST203569,14,Month-to-Month,Premium,Digital Wallet,1,95.17,1328.91,91.0,1,3,0,No
CUST203570,6,Month-to-Month,Basic,Credit Card,1,26.57,157.66,7.6,3,2,2,Yes
CUST203571,2,One Year,Premium,Digital Wallet,1,94.22,179.73,102.4,4,2,0,Yes
CUST203572,6,One Year,Basic,Bank Transfer,1,28.4,162.25,13.6,1,3,1,No
CUST203573,33,Two Year,Premium,Bank Transfer,0,93.23,2921.94,92.2,2,3,3,No
CUST203574,7,Two Year,Standard,Digital Wallet,0,59.2,386.1,66.8,0,3,0,No
CUST203575,61,One Year,Standard,Digital Wallet,1,63.13,3589.95,64.4,1,4,1,No
CUST203576,18,Month-to-Month,Basic,Credit Card,1,20.69,368.23,34.0,1,5,3,No
CUST203577,13,Month-to-Month,Basic,Mailed Check,1,28.87,359.28,25.6,2,3,0,Yes
CUST203578,27,Two Year,Premium,Credit Card,0,88.78,2243.28,97.7,2,4,1,No
CUST203579,11,One Year,Premium,Digital Wallet,0,102.78,1048.46,87.6,3,3,1,No
CUST203580,30,One Year,Basic,Bank Transfer,1,17.0,501.89,30.1,0,3,1,No
CUST203581,21,Two Year,Standard,Mailed Check,0,64.39,1331.59,46.2,0,3,3,No
CUST203582,13,Month-to-Month,Basic,Credit Card,1,32.02,410.94,28.9,1,4,0,Yes
CUST203583,72,Two Year,Basic,Credit Card,0,16.47,1143.18,9.4,0,4,1,No
CUST203584,45,One Year,Basic,Credit Card,1,28.04,1219.76,13.9,1,2,0,No
CUST203585,18,Month-to-Month,Premium,Credit Card,1,96.06,1668.98,96.5,3,3,1,No
CUST203586,15,One Year,Standard,Digital Wallet,0,49.6,737.12,58.4,0,4,2,Yes
CUST203587,25,Month-to-Month,Basic,Credit Card,1,29.2,715.86,44.5,1,3,1,No
CUST203588,6,Month-to-Month,Basic,Mailed Check,0,16.49,93.82,9.3,1,3,2,No
CUST203589,26,Two Year,Basic,Digital Wallet,1,20.2,492.61,22.8,1,5,1,No
CUST203590,65,Two Year,Standard,Credit Card,0,53.84,3396.5,61.9,3,5,1,No
CUST203591,35,Month-to-Month,Standard,Bank Transfer,1,53.38,1784.59,77.6,4,4,2,No
CUST203592,23,Month-to-Month,Basic,Digital Wallet,0,24.55,520.88,12.4,0,3,0,No
CUST203593,11,Month-to-Month,Standard,Mailed Check,1,63.88,648.07,71.2,2,4,2,No
CUST203594,72,Two Year,Standard,Digital Wallet,0,57.79,4086.91,66.9,2,3,1,Yes
CUST203595,5,Month-to-Month,Basic,Bank Transfer,1,28.79,143.14,41.2,3,5,0,No
CUST203596,27,One Year,Standard,Credit Card,0,52.41,1344.11,76.1,0,5,0,No
CUST203597,35,One Year,Premium,Bank Transfer,1,93.63,3171.02,94.1,2,4,2,Yes
CUST203598,70,Month-to-Month,Basic,Mailed Check,0,23.37,1554.37,11.7,0,4,0,Yes
CUST203599,41,Two Year,Basic,Credit Card,1,21.39,862.11,32.8,2,3,2,No
CUST203600,29,Month-to-Month,Basic,Credit Card,0,17.91,509.06,21.8,2,5,2,Yes
CUST203601,61,One Year,Basic,Bank Transfer,0,31.48,1792.15,16.9,2,4,0,No
CUST203602,13,Month-to-Month,Premium,Digital Wallet,1,101.07,1252.39,57.7,0,3,3,Yes
CUST203603,25,Month-to-Month,Standard,Digital Wallet,1,54.39,1295.9,59.5,0,4,5,No
CUST203604,14,One Year,Basic,Digital Wallet,1,30.54,413.16,59.0,1,3,3,No
CUST203605,16,Month-to-Month,Premium,Credit Card,0,101.6,1595.34,80.8,2,5,3,Yes
CUST203606,11,Two Year,Standard,Credit Card,1,52.15,569.92,70.0,2,4,4,No
CUST203607,21,Two Year,Standard,Credit Card,1,59.12,1180.52,82.0,0,3,1,No
CUST203608,14,Month-to-Month,Premium,Credit Card,1,84.39,1173.07,93.4,0,3,0,Yes
CUST203609,68,Month-to-Month,Premium,Mailed Check,1,86.52,5454.79,128.3,2,3,1,No
CUST203610,18,Month-to-Month,Standard,Credit Card,0,54.33,913.04,45.2,1,4,1,No
CUST203611,72,Month-to-Month,Basic,Mailed Check,1,26.53,1853.68,29.0,2,5,1,Yes
CUST203612,33,One Year,Premium,Bank Transfer,0,99.04,3102.36,86.9,1,3,1,No
CUST203613,19,Month-to-Month,Standard,Bank Transfer,0,52.6,995.77,59.1,2,2,5,Yes
CUST203614,33,Two Year,Standard,Digital Wallet,1,60.0,1834.9,64.3,2,3,3,No
CUST203615,32,Month-to-Month,Premium,Bank Transfer,0,94.38,2908.99,118.2,1,4,2,No
CUST203616,54,Month-to-Month,Basic,Bank Transfer,0,24.12,1264.34,22.8,3,4,1,No
CUST203617,14,Month-to-Month,Standard,Credit Card,0,55.6,743.38,65.6,2,3,1,Yes
CUST203618,20,Month-to-Month,Standard,Digital Wallet,1,56.3,1124.85,44.6,2,3,1,No
CUST203619,69,One Year,Premium,Credit Card,0,97.0,6440.16,103.1,3,3,1,No
CUST203620,13,Month-to-Month,Basic,Bank Transfer,1,29.33,367.19,33.6,2,3,0,No
CUST203621,13,Two Year,Premium,Credit Card,0,95.31,1207.87,92.9,3,4,2,No
CUST203622,66,One Year,Standard,Bank Transfer,1,57.46,3572.32,28.2,0,5,2,No
CUST203623,18,Month-to-Month,Basic,Mailed Check,1,22.67,395.01,39.1,1,4,0,No
CUST203624,24,Month-to-Month,Standard,Credit Card,0,57.62,1347.82,56.8,1,3,0,Yes
CUST203625,41,One Year,Premium,Digital Wallet,1,97.42,3856.76,101.8,0,5,1,No
CUST203626,20,Two Year,Basic,Mailed Check,1,29.4,548.49,9.6,1,5,1,No
CUST203627,16,Month-to-Month,Premium,Credit Card,1,92.75,1439.85,78.8,2,3,0,Yes
CUST203628,72,Month-to-Month,Premium,Credit Card,1,91.17,6318.51,83.9,2,2,1,No
CUST203629,28,Two Year,Basic,Credit Card,1,25.31,670.22,21.7,2,3,0,No
CUST203630,18,One Year,Premium,Digital Wallet,0,95.52,1645.38,96.1,1,4,1,No
CUST203631,7,Month-to-Month,Standard,Digital Wallet,1,52.7,348.83,46.7,4,2,0,Yes
CUST203632,23,Month-to-Month,Basic,Digital Wallet,0,24.03,517.82,19.8,1,3,1,No
CUST203633,20,Month-to-Month,Standard,Digital Wallet,1,60.69,1144.06,61.8,3,3,0,Yes
CUST203634,33,Two Year,Standard,Bank Transfer,0,49.11,1603.89,35.0,1,2,1,No
CUST203635,26,Month-to-Month,Standard,Credit Card,1,56.97,1474.21,60.8,2,4,0,No
CUST203636,14,One Year,Standard,Bank Transfer,0,46.41,614.38,39.8,3,4,1,No
CUST203637,18,Month-to-Month,Standard,Mailed Check,1,58.17,1017.93,55.5,2,3,2,No
CUST203638,68,One Year,Premium,Credit Card,1,94.64,5927.29,99.8,3,4,0,No
CUST203639,16,Month-to-Month,Standard,Digital Wallet,1,54.12,862.01,40.2,7,2,0,Yes
CUST203640,38,One Year,Basic,Credit Card,0,22.6,853.24,31.8,0,4,2,No
CUST203641,29,Month-to-Month,Basic,Credit Card,1,26.6,752.59,45.2,1,4,1,Yes
CUST203642,37,Two Year,Standard,Credit Card,0,51.69,1795.63,33.6,2,5,1,No
CUST203643,40,Two Year,Standard,Mailed Check,0,54.85,2059.17,47.1,1,3,0,Yes
CUST203644,13,Month-to-Month,Premium,Credit Card,1,88.95,1093.86,88.5,2,3,2,Yes
CUST203645,37,Month-to-Month,Basic,Digital Wallet,1,25.88,946.1,64.1,1,3,3,No
CUST203646,21,One Year,Standard,Digital Wallet,0,54.94,1147.33,62.6,2,3,1,No
CUST203647,12,Month-to-Month,Basic,Credit Card,0,30.95,369.39,12.5,2,3,0,No
CUST203648,20,Month-to-Month,Premium,Credit Card,1,95.66,1887.84,99.2,0,3,4,No
CUST203649,19,One Year,Standard,Bank Transfer,1,50.52,914.86,36.7,2,3,1,No
CUST203650,18,Month-to-Month,Basic,Mailed Check,1,27.68,483.72,25.5,1,4,1,No
CUST203651,10,One Year,Standard,Digital Wallet,1,59.66,575.43,66.0,1,5,0,No
CUST203652,18,Month-to-Month,Standard,Bank Transfer,0,50.68,858.14,49.9,0,3,2,Yes
CUST203653,47,Two Year,Premium,Mailed Check,0,96.55,4500.04,109.6,2,2,2,No
CUST203654,43,One Year,Standard,Digital Wallet,1,47.79,1984.99,65.0,2,3,2,No
CUST203655,59,Month-to-Month,Premium,Digital Wallet,1,81.39,4751.25,96.1,2,3,2,No
CUST203656,23,One Year,Premium,Credit Card,1,96.47,2186.71,66.9,2,3,1,No
CUST203657,6,Two Year,Basic,Credit Card,1,34.24,190.16,24.1,1,3,0,Yes
CUST203658,34,Month-to-Month,Basic,Credit Card,1,25.48,835.04,40.5,2,4,1,Yes
CUST203659,23,Two Year,Basic,Credit Card,1,27.09,616.99,4.5,1,3,3,Yes
CUST203660,15,Two Year,Standard,Mailed Check,0,44.0,650.1,70.0,3,3,1,No
CUST203661,14,Two Year,Standard,Bank Transfer,1,59.45,774.43,62.3,2,3,0,Yes
CUST203662,7,Month-to-Month,Basic,Digital Wallet,0,27.23,187.35,17.9,0,4,3,No
CUST203663,12,Month-to-Month,Standard,Bank Transfer,0,68.21,794.88,23.7,0,4,0,Yes
CUST203664,50,Month-to-Month,Basic,Bank Transfer,0,20.91,1003.47,28.9,3,3,3,No
CUST203665,11,One Year,Basic,Credit Card,0,27.58,294.03,52.9,1,3,1,No
CUST203666,18,Month-to-Month,Premium,Credit Card,1,85.68,1454.99,93.3,0,5,1,No
CUST203667,13,Month-to-Month,Basic,Digital Wallet,1,28.2,345.5,34.6,1,4,1,No
CUST203668,46,Month-to-Month,Basic,Digital Wallet,0,21.91,988.06,31.2,0,3,1,No
CUST203669,47,Two Year,Standard,Credit Card,1,53.25,2332.68,72.3,5,3,0,No
CUST203670,15,Two Year,Premium,Credit Card,1,96.68,1375.25,83.0,2,4,0,No
CUST203671,50,Month-to-Month,Standard,Credit Card,1,52.08,2433.21,42.4,0,2,2,No
CUST203672,40,One Year,Basic,Digital Wallet,0,25.4,942.5,31.3,0,4,1,No
CUST203673,10,One Year,Premium,Digital Wallet,0,97.53,953.07,108.1,3,2,2,Yes
CUST203674,6,Month-to-Month,Basic,Digital Wallet,1,35.62,205.69,8.2,3,4,0,No
CUST203675,44,Month-to-Month,Premium,Digital Wallet,0,83.45,3494.05,71.6,0,4,0,No
CUST203676,11,Month-to-Month,Standard,Bank Transfer,1,50.78,544.39,43.4,2,4,2,No
CUST203677,15,One Year,Basic,Credit Card,1,17.97,259.9,47.5,2,4,1,No
CUST203678,8,Month-to-Month,Basic,Credit Card,1,23.78,182.65,29.8,1,3,0,No
CUST203679,72,Month-to-Month,Premium,Digital Wallet,1,92.37,6392.92,94.5,1,4,1,No
CUST203680,36,Month-to-Month,Basic,Bank Transfer,0,15.0,536.19,20.7,1,3,0,No
CUST203681,40,Month-to-Month,Basic,Credit Card,1,32.9,1211.42,20.9,1,4,1,No
CUST203682,15,One Year,Premium,Digital Wallet,1,89.74,1289.6,91.7,2,4,1,Yes
CUST203683,21,Month-to-Month,Standard,Digital Wallet,1,62.96,1261.09,35.8,1,4,2,Yes
CUST203684,63,Month-to-Month,Premium,Bank Transfer,0,104.6,6555.51,105.7,1,4,1,No
CUST203685,72,One Year,Basic,Credit Card,1,35.3,2458.59,43.4,1,3,3,No
CUST203686,33,Month-to-Month,Premium,Bank Transfer,0,101.99,3240.09,97.5,4,3,3,No
CUST203687,6,One Year,Standard,Credit Card,1,52.12,298.21,71.9,3,5,0,No
CUST203688,21,Month-to-Month,Standard,Bank Transfer,1,52.22,1088.75,39.6,0,4,0,No
CUST203689,45,Month-to-Month,Basic,Mailed Check,1,29.48,1298.37,38.6,2,5,1,No
CUST203690,12,One Year,Standard,Digital Wallet,1,62.19,698.21,74.9,2,3,2,No
CUST203691,26,Month-to-Month,Premium,Credit Card,1,93.24,2345.15,55.6,0,3,4,No
CUST203692,8,Two Year,Basic,Credit Card,0,26.76,208.11,2.0,2,3,4,No
CUST203693,32,Two Year,Standard,Digital Wallet,1,55.62,1767.67,80.5,0,4,0,No
CUST203694,61,Month-to-Month,Basic,Digital Wallet,0,17.92,1015.85,33.2,0,2,0,Yes
CUST203695,72,Month-to-Month,Basic,Bank Transfer,0,17.49,1161.0,31.6,1,5,2,No
CUST203696,72,One Year,Standard,Credit Card,1,51.47,3600.72,42.3,1,1,1,No
CUST203697,17,Month-to-Month,Standard,Mailed Check,1,57.72,919.57,62.5,3,3,5,Yes
CUST203698,26,Month-to-Month,Standard,Digital Wallet,0,44.86,1164.85,66.5,0,2,1,No
CUST203699,71,Month-to-Month,Basic,Digital Wallet,0,18.94,1320.18,31.8,1,4,2,No
CUST203700,32,Month-to-Month,Basic,Digital Wallet,1,37.16,1181.94,38.1,0,4,0,No
CUST203701,39,One Year,Premium,Bank Transfer,0,92.68,3477.13,102.3,0,5,0,No
CUST203702,27,One Year,Premium,Digital Wallet,0,106.91,2694.34,88.5,2,4,0,No
CUST203703,48,Month-to-Month,Standard,Credit Card,1,55.45,2555.18,40.4,1,2,2,Yes
CUST203704,13,Two Year,Premium,Bank Transfer,1,101.63,1236.24,83.2,1,2,1,No
CUST203705,29,Month-to-Month,Basic,Digital Wallet,0,26.97,731.5,34.5,0,4,1,No
CUST203706,5,Month-to-Month,Standard,Digital Wallet,0,60.46,282.06,56.8,2,5,2,Yes
CUST203707,30,One Year,Standard,Digital Wallet,0,58.69,1636.57,66.0,1,3,1,Yes
CUST203708,11,Month-to-Month,Standard,Bank Transfer,1,57.47,626.9,52.0,1,2,1,Yes
CUST203709,25,One Year,Basic,Credit Card,1,23.25,555.63,30.6,3,3,1,No
CUST203710,35,Month-to-Month,Basic,Bank Transfer,0,17.82,608.71,43.6,3,2,0,Yes
CUST203711,72,One Year,Premium,Digital Wallet,1,99.63,6685.33,133.6,2,4,2,No
CUST203712,4,Month-to-Month,Basic,Bank Transfer,1,22.97,89.32,8.5,2,2,1,Yes
CUST203713,26,Month-to-Month,Standard,Bank Transfer,1,52.33,1293.32,55.9,2,3,1,No
CUST203714,13,Month-to-Month,Standard,Bank Transfer,1,51.16,620.7,60.9,1,3,1,Yes
CUST203715,51,One Year,Basic,Credit Card,1,36.27,1724.52,31.6,0,4,3,No
CUST203716,32,Month-to-Month,Basic,Mailed Check,1,24.44,760.81,16.0,1,4,0,No
CUST203717,8,Two Year,Standard,Digital Wallet,1,68.41,522.27,53.4,2,3,1,No
CUST203718,4,Month-to-Month,Basic,Mailed Check,1,25.09,97.01,12.4,1,3,0,No
CUST203719,64,Month-to-Month,Premium,Bank Transfer,1,99.38,6041.85,74.3,0,4,4,No
CUST203720,57,Month-to-Month,Basic,Digital Wallet,1,26.39,1417.57,25.8,0,3,0,No
CUST203721,47,Month-to-Month,Standard,Bank Transfer,1,58.36,2646.46,44.6,2,3,0,No
CUST203722,11,Month-to-Month,Basic,Bank Transfer,0,28.53,292.12,34.8,1,4,3,No
CUST203723,43,One Year,Standard,Bank Transfer,0,48.14,2061.05,50.0,1,4,1,No
CUST203724,17,One Year,Premium,Digital Wallet,1,92.87,1466.55,102.2,2,3,1,No
CUST203725,28,One Year,Premium,Digital Wallet,0,91.37,2365.76,101.8,1,3,0,Yes
CUST203726,17,Two Year,Premium,Digital Wallet,1,102.54,1607.27,97.1,3,3,1,No
CUST203727,65,One Year,Standard,Credit Card,0,55.08,3327.01,69.7,0,3,0,No
CUST203728,21,Month-to-Month,Standard,Digital Wallet,1,52.89,1034.12,63.7,1,4,2,No
CUST203729,36,Month-to-Month,Premium,Credit Card,1,99.51,3439.82,113.6,1,4,0,No
CUST203730,31,Month-to-Month,Basic,Digital Wallet,1,21.81,627.72,2.0,2,4,3,No
CUST203731,18,Month-to-Month,Standard,Digital Wallet,0,50.98,865.66,71.9,2,3,2,No
CUST203732,18,Month-to-Month,Standard,Bank Transfer,1,51.55,908.92,76.5,1,4,0,No
CUST203733,23,Month-to-Month,Standard,Credit Card,1,57.9,1304.59,30.2,0,4,2,Yes
CUST203734,24,One Year,Standard,Mailed Check,1,57.48,1281.64,43.0,4,4,0,No
CUST203735,43,Month-to-Month,Basic,Credit Card,1,22.96,982.4,6.4,1,2,0,Yes
CUST203736,34,Two Year,Standard,Bank Transfer,1,41.16,1317.79,57.8,0,4,0,No
CUST203737,62,One Year,Premium,Credit Card,0,97.11,5885.2,101.3,2,4,0,No
CUST203738,53,Month-to-Month,Standard,Digital Wallet,0,53.87,2677.37,47.4,0,3,2,No
CUST203739,13,Two Year,Premium,Credit Card,0,91.2,1136.71,109.0,5,1,0,Yes
CUST203740,35,Month-to-Month,Standard,Mailed Check,0,64.47,2100.7,33.6,0,5,0,No
CUST203741,42,Month-to-Month,Standard,Credit Card,0,48.89,1982.93,48.2,0,5,1,No
CUST203742,48,Month-to-Month,Standard,Mailed Check,1,57.91,2643.99,49.8,0,4,1,Yes
CUST203743,43,Month-to-Month,Basic,Digital Wallet,0,22.37,921.84,23.8,0,3,1,No
CUST203744,52,One Year,Premium,Credit Card,0,95.27,4630.51,130.6,0,5,1,No
CUST203745,50,Month-to-Month,Basic,Credit Card,1,30.52,1433.82,12.4,2,4,0,Yes
CUST203746,48,Two Year,Standard,Credit Card,1,49.75,2311.08,44.0,1,2,0,No
CUST203747,25,Month-to-Month,Basic,Digital Wallet,0,21.78,507.06,19.8,0,4,0,No
CUST203748,21,Two Year,Premium,Digital Wallet,0,98.46,1968.53,129.6,2,2,3,No
CUST203749,25,One Year,Basic,Digital Wallet,0,23.42,542.0,42.4,0,5,1,No
CUST203750,33,Month-to-Month,Standard,Bank Transfer,0,53.33,1629.98,54.9,1,5,0,No
CUST203751,17,Month-to-Month,Premium,Mailed Check,1,95.39,1564.16,80.4,3,3,2,No
CUST203752,17,Month-to-Month,Basic,Bank Transfer,1,21.09,331.69,41.5,2,4,2,No
CUST203753,4,One Year,Standard,Bank Transfer,0,57.67,219.7,83.3,2,4,1,Yes
CUST203754,52,Month-to-Month,Basic,Credit Card,1,29.26,1512.3,40.0,1,3,0,No
CUST203755,44,Two Year,Premium,Credit Card,0,89.23,3638.2,94.0,1,3,0,No
CUST203756,30,Month-to-Month,Premium,Digital Wallet,0,87.89,2495.32,117.0,3,1,0,No
CUST203757,58,One Year,Premium,Credit Card,0,99.24,5385.04,93.3,1,4,1,No
CUST203758,31,Month-to-Month,Standard,Credit Card,1,69.24,2120.63,55.8,2,3,0,Yes
CUST203759,16,Month-to-Month,Premium,Bank Transfer,1,96.65,1440.94,104.6,2,3,2,No
CUST203760,13,One Year,Standard,Digital Wallet,1,45.44,574.76,49.4,3,4,1,No
CUST203761,35,One Year,Basic,Digital Wallet,1,25.93,884.59,2.0,3,4,0,No
CUST203762,72,Month-to-Month,Basic,Mailed Check,0,16.28,1149.23,39.8,2,4,0,No
CUST203763,16,Month-to-Month,Standard,Digital Wallet,0,51.74,789.35,50.0,0,4,2,Yes
CUST203764,4,Month-to-Month,Standard,Bank Transfer,1,54.63,205.39,65.7,2,3,2,Yes
CUST203765,9,Month-to-Month,Basic,Mailed Check,1,24.85,219.94,33.5,1,3,2,Yes
CUST203766,7,One Year,Basic,Mailed Check,1,19.12,131.14,30.0,1,3,1,No
CUST203767,46,Month-to-Month,Basic,Credit Card,1,34.79,1512.59,23.6,1,5,0,No
CUST203768,9,Month-to-Month,Standard,Credit Card,1,48.89,434.23,49.8,1,3,1,Yes
CUST203769,29,Month-to-Month,Standard,Digital Wallet,1,65.83,1815.55,43.9,2,4,0,No
CUST203770,6,Two Year,Premium,Credit Card,1,102.89,591.63,72.4,2,5,1,No
CUST203771,31,Month-to-Month,Premium,Digital Wallet,0,86.8,2595.84,97.7,2,4,1,No
CUST203772,20,Month-to-Month,Standard,Credit Card,1,61.05,1203.48,43.2,2,2,2,No
CUST203773,46,Month-to-Month,Premium,Bank Transfer,1,96.59,4299.89,77.6,2,4,0,No
CUST203774,50,Month-to-Month,Standard,Credit Card,0,52.62,2462.52,50.9,3,3,0,No
CUST203775,50,One Year,Standard,Credit Card,1,49.25,2351.27,49.3,1,3,3,No
CUST203776,28,Month-to-Month,Standard,Credit Card,0,53.78,1465.37,38.6,3,4,0,No
CUST203777,35,One Year,Premium,Bank Transfer,1,99.17,3386.93,78.6,1,3,0,No
CUST203778,49,Month-to-Month,Premium,Credit Card,0,93.2,4317.91,97.3,1,4,2,Yes
CUST203779,6,Month-to-Month,Premium,Digital Wallet,0,98.11,575.36,79.4,0,4,0,Yes
CUST203780,43,One Year,Premium,Digital Wallet,0,103.29,4251.24,109.1,1,4,1,Yes
CUST203781,8,One Year,Standard,Credit Card,0,61.19,454.09,54.0,2,2,1,No
CUST203782,41,Month-to-Month,Premium,Digital Wallet,0,88.5,3555.3,107.4,1,5,1,Yes
CUST203783,18,One Year,Basic,Mailed Check,1,15.48,259.27,11.3,3,3,2,No
CUST203784,21,One Year,Basic,Credit Card,1,22.25,450.3,21.9,2,3,1,No
CUST203785,71,One Year,Basic,Digital Wallet,1,34.05,2387.92,6.4,3,3,1,No
CUST203786,8,One Year,Premium,Credit Card,1,96.58,717.01,102.6,3,4,2,No
CUST203787,48,Two Year,Standard,Digital Wallet,1,55.49,2479.6,77.9,1,5,2,No
CUST203788,16,Month-to-Month,Premium,Credit Card,1,87.9,1399.42,69.5,1,4,1,Yes
CUST203789,33,Month-to-Month,Basic,Digital Wallet,0,16.97,555.71,27.1,1,3,0,No
CUST203790,32,Month-to-Month,Basic,Credit Card,0,31.52,993.06,22.7,3,3,1,No
CUST203791,20,Month-to-Month,Basic,Credit Card,0,28.4,545.55,51.1,4,3,0,Yes
CUST203792,23,Month-to-Month,Basic,Mailed Check,1,22.56,495.38,2.0,0,4,1,No
CUST203793,6,Month-to-Month,Premium,Mailed Check,0,95.88,551.84,95.0,1,3,3,Yes
CUST203794,27,Month-to-Month,Standard,Mailed Check,0,47.09,1249.32,64.5,2,2,0,No
CUST203795,28,Month-to-Month,Basic,Credit Card,0,25.44,679.23,39.4,1,5,3,No
CUST203796,15,Month-to-Month,Premium,Bank Transfer,0,98.01,1433.56,92.0,1,2,2,No
CUST203797,52,Month-to-Month,Premium,Digital Wallet,1,101.25,5177.39,78.5,3,3,1,Yes
CUST203798,4,Two Year,Standard,Bank Transfer,0,50.94,194.45,54.5,2,4,0,No
CUST203799,37,Month-to-Month,Standard,Digital Wallet,0,39.77,1361.77,44.5,5,5,1,No
CUST203800,26,Month-to-Month,Premium,Mailed Check,1,96.86,2360.05,103.5,1,4,2,No
CUST203801,33,Month-to-Month,Standard,Credit Card,1,53.1,1636.41,56.0,1,2,3,No
CUST203802,32,One Year,Standard,Digital Wallet,1,51.9,1546.86,60.2,0,3,2,No
CUST203803,71,Month-to-Month,Basic,Credit Card,0,22.22,1532.25,24.9,2,4,0,No
CUST203804,31,Month-to-Month,Standard,Digital Wallet,1,48.73,1436.89,67.6,1,5,2,No
CUST203805,33,One Year,Basic,Mailed Check,1,39.18,1271.86,41.6,2,3,6,No
CUST203806,14,Month-to-Month,Basic,Bank Transfer,1,21.57,295.06,15.1,1,3,0,No
CUST203807,18,Month-to-Month,Basic,Digital Wallet,0,25.39,443.16,30.4,0,2,1,No
CUST203808,36,Two Year,Standard,Bank Transfer,0,48.16,1655.09,31.2,0,3,2,No
CUST203809,56,One Year,Standard,Credit Card,1,55.07,2918.7,53.5,1,5,0,Yes
CUST203810,43,Month-to-Month,Standard,Credit Card,0,58.64,2391.81,60.3,0,4,3,Yes
CUST203811,72,Month-to-Month,Standard,Credit Card,1,40.31,2779.18,47.7,3,4,1,No
CUST203812,26,Two Year,Standard,Bank Transfer,0,45.25,1107.74,62.4,5,3,1,No
CUST203813,28,Two Year,Premium,Digital Wallet,0,82.67,2131.22,87.5,1,2,1,Yes
CUST203814,28,One Year,Standard,Credit Card,0,59.45,1619.45,50.7,4,3,1,No
CUST203815,27,Month-to-Month,Basic,Credit Card,1,23.36,628.21,2.5,0,5,0,No
CUST203816,4,One Year,Standard,Mailed Check,1,49.56,187.91,83.5,0,3,0,No
CUST203817,41,One Year,Premium,Mailed Check,0,91.91,3718.36,114.5,0,4,2,No
CUST203818,33,Month-to-Month,Standard,Digital Wallet,0,64.37,1984.99,55.7,1,4,1,No
CUST203819,72,Two Year,Premium,Credit Card,0,93.26,6527.11,112.2,2,2,0,No
CUST203820,11,One Year,Standard,Bank Transfer,1,47.76,495.6,55.3,0,4,0,No
CUST203821,32,Month-to-Month,Basic,Bank Transfer,1,22.68,699.19,28.5,3,5,1,No
CUST203822,11,Month-to-Month,Basic,Credit Card,1,41.19,427.51,40.9,1,3,1,No
CUST203823,12,Two Year,Basic,Digital Wallet,0,28.43,340.49,37.2,2,3,0,Yes
CUST203824,8,Two Year,Standard,Bank Transfer,0,69.42,517.43,44.9,1,4,1,No
CUST203825,12,Two Year,Basic,Credit Card,0,24.13,285.56,26.2,0,3,5,No
CUST203826,18,Month-to-Month,Basic,Credit Card,0,17.29,299.96,22.5,2,2,2,No
CUST203827,27,Month-to-Month,Standard,Digital Wallet,0,50.48,1310.01,44.8,1,5,2,No
CUST203828,33,One Year,Standard,Digital Wallet,1,47.76,1565.28,59.8,3,4,1,No
CUST203829,12,Month-to-Month,Premium,Digital Wallet,0,101.63,1192.54,78.9,1,4,2,No
CUST203830,31,Two Year,Basic,Digital Wallet,0,18.75,575.05,41.8,2,4,2,No
CUST203831,40,Month-to-Month,Premium,Digital Wallet,0,95.75,3765.11,92.2,3,4,2,No
CUST203832,28,One Year,Basic,Credit Card,1,21.4,599.19,10.4,0,3,2,No
CUST203833,13,One Year,Standard,Bank Transfer,1,58.75,706.98,50.7,2,4,3,No
CUST203834,42,Month-to-Month,Standard,Digital Wallet,1,52.93,2223.06,66.2,2,4,2,Yes
CUST203835,19,Two Year,Basic,Credit Card,1,37.35,665.4,35.4,2,4,0,No
CUST203836,15,Month-to-Month,Premium,Credit Card,0,95.03,1342.6,100.3,1,5,2,Yes
CUST203837,52,Month-to-Month,Premium,Bank Transfer,1,106.93,5213.73,104.7,2,2,1,Yes
CUST203838,72,Month-to-Month,Premium,Digital Wallet,0,88.8,6121.72,91.1,1,4,1,No
CUST203839,72,One Year,Standard,Credit Card,0,63.25,4328.33,60.7,3,3,1,Yes
CUST203840,72,One Year,Basic,Credit Card,1,20.55,1408.6,28.4,0,4,2,No
CUST203841,36,Month-to-Month,Premium,Bank Transfer,1,96.9,3418.67,92.2,3,5,3,No
CUST203842,28,Month-to-Month,Standard,Digital Wallet,1,55.75,1512.24,45.0,2,4,3,No
CUST203843,25,Month-to-Month,Basic,Credit Card,1,25.98,609.35,34.1,0,2,3,No
CUST203844,34,Month-to-Month,Basic,Credit Card,0,29.5,961.08,3.4,0,3,0,No
CUST203845,26,Month-to-Month,Basic,Digital Wallet,1,23.71,609.0,24.1,3,3,0,Yes
CUST203846,57,Month-to-Month,Standard,Credit Card,1,71.97,4048.4,35.0,1,2,1,No
CUST203847,29,Month-to-Month,Standard,Credit Card,0,57.07,1593.06,54.2,0,4,0,Yes
CUST203848,72,Two Year,Standard,Mailed Check,0,50.58,3440.37,40.2,0,3,2,No
CUST203849,7,One Year,Premium,Credit Card,0,99.73,698.08,93.5,1,2,3,Yes
CUST203850,72,Month-to-Month,Basic,Bank Transfer,1,19.49,1302.8,22.9,0,3,1,No
CUST203851,4,Two Year,Standard,Credit Card,0,58.06,214.01,56.2,1,3,1,Yes
CUST203852,21,Two Year,Basic,Credit Card,1,15.64,317.43,39.9,0,4,1,No
CUST203853,38,One Year,Basic,Bank Transfer,0,25.6,927.77,54.6,0,4,1,No
CUST203854,12,Month-to-Month,Premium,Digital Wallet,1,97.19,1129.31,77.2,1,4,0,No
CUST203855,72,Two Year,Basic,Mailed Check,0,25.63,1705.77,24.3,0,4,0,No
CUST203856,40,One Year,Basic,Credit Card,1,25.53,939.55,41.1,1,2,0,Yes
CUST203857,7,One Year,Standard,Mailed Check,1,56.83,368.26,34.7,1,4,0,No
CUST203858,22,Month-to-Month,Premium,Credit Card,0,105.28,2232.4,88.9,1,4,0,Yes
CUST203859,61,Month-to-Month,Premium,Digital Wallet,1,91.84,5318.81,109.4,1,3,0,No
CUST203860,72,Month-to-Month,Standard,Digital Wallet,0,60.52,4331.19,67.4,1,4,1,No
CUST203861,11,Month-to-Month,Standard,Digital Wallet,1,61.61,627.22,55.0,2,4,2,No
CUST203862,16,Month-to-Month,Standard,Digital Wallet,0,56.09,881.21,59.0,0,3,1,Yes
CUST203863,24,Month-to-Month,Premium,Bank Transfer,1,99.57,2347.73,75.3,1,3,0,Yes
CUST203864,27,One Year,Standard,Bank Transfer,0,56.87,1436.84,45.9,3,2,1,Yes
CUST203865,23,Month-to-Month,Standard,Credit Card,1,51.47,1089.54,86.5,2,3,2,Yes
CUST203866,53,Month-to-Month,Basic,Bank Transfer,1,15.0,783.57,19.2,1,5,0,No
CUST203867,12,Month-to-Month,Premium,Digital Wallet,1,92.3,1065.13,88.9,2,4,1,No
CUST203868,15,One Year,Standard,Bank Transfer,1,58.17,870.58,43.9,2,3,1,No
CUST203869,27,Month-to-Month,Basic,Credit Card,1,27.57,740.86,40.6,1,3,1,No
CUST203870,38,Month-to-Month,Basic,Digital Wallet,1,23.69,893.75,25.6,2,4,3,No
CUST203871,24,Month-to-Month,Standard,Credit Card,1,42.86,989.37,52.4,1,4,0,No
CUST203872,19,Month-to-Month,Standard,Mailed Check,1,60.05,1118.03,40.8,0,5,0,No
CUST203873,32,Two Year,Basic,Credit Card,0,28.74,852.95,21.8,1,3,1,No
CUST203874,56,Month-to-Month,Standard,Digital Wallet,0,43.89,2338.84,60.1,1,3,1,Yes
CUST203875,9,Two Year,Standard,Digital Wallet,1,60.11,528.04,39.5,1,5,3,No
CUST203876,20,Month-to-Month,Standard,Digital Wallet,1,56.63,1056.06,44.4,1,4,1,Yes
CUST203877,16,Two Year,Standard,Digital Wallet,1,64.97,999.34,62.2,1,2,0,Yes
CUST203878,72,Month-to-Month,Standard,Digital Wallet,0,57.91,4129.01,72.9,3,3,1,No
CUST203879,41,Month-to-Month,Premium,Credit Card,1,88.95,3639.98,73.9,0,4,1,No
CUST203880,11,Month-to-Month,Basic,Digital Wallet,0,32.02,324.72,52.2,3,3,1,Yes
CUST203881,12,One Year,Premium,Bank Transfer,0,83.65,973.54,113.1,1,3,2,No
CUST203882,22,Month-to-Month,Standard,Bank Transfer,1,59.96,1309.08,57.9,0,4,2,No
CUST203883,35,One Year,Basic,Credit Card,1,25.09,872.11,19.1,1,2,0,No
CUST203884,63,Month-to-Month,Premium,Credit Card,1,88.26,5120.53,100.8,1,2,2,No
CUST203885,14,Month-to-Month,Basic,Credit Card,1,34.26,456.6,2.0,1,3,3,No
CUST203886,37,Two Year,Basic,Digital Wallet,0,23.03,787.28,19.7,3,4,1,No
CUST203887,25,One Year,Premium,Credit Card,1,99.85,2333.34,86.1,1,4,0,No
CUST203888,21,One Year,Standard,Digital Wallet,0,51.13,1019.97,57.5,1,4,2,No
CUST203889,9,Two Year,Basic,Credit Card,0,25.15,225.0,47.8,2,3,0,No
CUST203890,50,Two Year,Basic,Bank Transfer,1,17.83,887.02,27.2,1,5,2,No
CUST203891,12,Month-to-Month,Standard,Digital Wallet,1,58.85,649.83,40.5,1,3,1,Yes
CUST203892,37,Month-to-Month,Standard,Credit Card,1,51.8,1834.18,35.8,1,2,0,No
CUST203893,51,Month-to-Month,Standard,Digital Wallet,0,54.08,2739.0,19.5,3,2,2,Yes
CUST203894,63,Two Year,Standard,Mailed Check,1,58.71,3629.89,58.5,5,2,1,Yes
CUST203895,61,Month-to-Month,Basic,Credit Card,0,25.53,1469.21,6.1,2,2,1,No
CUST203896,29,One Year,Premium,Credit Card,0,87.9,2438.85,100.8,1,4,0,No
CUST203897,13,Month-to-Month,Standard,Credit Card,1,56.64,735.49,60.1,1,3,1,Yes
CUST203898,43,Month-to-Month,Standard,Credit Card,0,56.82,2337.81,67.8,2,2,0,No
CUST203899,13,Month-to-Month,Standard,Credit Card,1,53.39,656.8,84.0,1,3,3,No
CUST203900,47,Month-to-Month,Standard,Mailed Check,1,66.18,3099.77,58.4,2,5,0,Yes
CUST203901,37,Two Year,Standard,Mailed Check,1,51.09,1839.58,53.8,1,5,1,No
CUST203902,43,Two Year,Standard,Bank Transfer,1,54.48,2242.26,68.8,0,3,1,No
CUST203903,24,Month-to-Month,Standard,Digital Wallet,1,61.74,1416.21,71.0,0,3,0,Yes
CUST203904,24,Two Year,Standard,Digital Wallet,0,57.73,1322.8,68.4,0,3,0,No
CUST203905,41,Month-to-Month,Standard,Credit Card,1,63.7,2561.91,59.6,1,4,0,Yes
CUST203906,5,Month-to-Month,Basic,Digital Wallet,1,29.39,146.28,33.4,0,4,1,No
CUST203907,24,Month-to-Month,Basic,Bank Transfer,1,27.95,659.28,13.6,2,4,1,No
CUST203908,30,Month-to-Month,Standard,Credit Card,1,53.91,1556.88,63.9,1,2,1,No
CUST203909,48,Two Year,Standard,Credit Card,0,55.75,2659.48,57.0,0,2,0,No
CUST203910,39,Month-to-Month,Premium,Bank Transfer,0,93.01,3353.36,105.1,4,3,3,No
CUST203911,23,Two Year,Basic,Mailed Check,0,29.21,669.42,4.8,1,3,2,No
CUST203912,39,Month-to-Month,Standard,Credit Card,1,53.74,1970.8,59.8,0,3,1,Yes
CUST203913,24,One Year,Premium,Bank Transfer,1,86.44,1968.02,91.6,2,4,3,No
CUST203914,29,Month-to-Month,Basic,Credit Card,1,26.29,757.62,37.3,0,3,2,No
CUST203915,8,Two Year,Standard,Credit Card,1,44.97,343.56,66.5,2,4,1,No
CUST203916,35,Two Year,Premium,Digital Wallet,1,87.72,3069.17,96.2,1,3,0,No
CUST203917,28,One Year,Premium,Digital Wallet,1,94.6,2646.55,88.2,1,3,3,No
CUST203918,33,Two Year,Basic,Credit Card,1,22.42,696.37,13.2,2,4,2,No
CUST203919,1,One Year,Standard,Credit Card,1,63.17,60.72,60.2,4,2,1,Yes
CUST203920,18,Two Year,Basic,Digital Wallet,0,24.85,424.43,28.7,0,4,0,No
CUST203921,13,One Year,Premium,Mailed Check,1,103.42,1249.28,93.8,1,5,1,No
CUST203922,13,Two Year,Standard,Bank Transfer,0,57.23,736.98,60.9,1,4,1,No
CUST203923,13,One Year,Premium,Digital Wallet,0,93.6,1173.32,112.4,0,3,0,No
CUST203924,10,One Year,Standard,Bank Transfer,1,62.74,599.78,22.1,3,2,1,No
CUST203925,22,Month-to-Month,Basic,Bank Transfer,0,28.77,610.93,38.3,4,3,2,Yes
CUST203926,11,Two Year,Standard,Bank Transfer,1,54.52,598.52,74.6,0,3,1,No
CUST203927,19,Month-to-Month,Premium,Credit Card,0,97.67,1709.99,82.1,3,4,0,No
CUST203928,72,One Year,Premium,Credit Card,1,90.56,6352.9,102.5,1,4,1,No
CUST203929,26,Month-to-Month,Premium,Credit Card,0,99.13,2535.61,91.6,1,3,0,Yes
CUST203930,10,One Year,Basic,Bank Transfer,0,28.99,277.79,31.6,0,3,1,No
CUST203931,14,Month-to-Month,Basic,Bank Transfer,1,30.12,417.24,19.1,0,3,0,Yes
CUST203932,23,Month-to-Month,Premium,Credit Card,1,96.79,2132.03,114.0,1,5,1,Yes
CUST203933,15,One Year,Basic,Bank Transfer,1,19.64,280.25,21.9,1,4,3,No
CUST203934,51,Month-to-Month,Standard,Credit Card,1,55.86,2741.54,84.2,0,3,0,Yes
CUST203935,7,One Year,Standard,Credit Card,0,55.92,383.72,33.2,0,4,0,No
CUST203936,4,One Year,Basic,Digital Wallet,1,27.61,107.14,25.2,1,3,3,No
CUST203937,21,Month-to-Month,Standard,Digital Wallet,0,51.02,1013.53,43.0,2,3,1,No
CUST203938,25,One Year,Basic,Mailed Check,0,31.36,779.24,8.2,1,4,1,No
CUST203939,12,Month-to-Month,Standard,Credit Card,0,54.95,609.93,61.6,2,3,0,No
CUST203940,72,Month-to-Month,Standard,Digital Wallet,1,65.9,4443.55,89.5,2,4,0,No
CUST203941,8,Month-to-Month,Basic,Credit Card,1,16.92,131.49,28.9,0,2,1,No
CUST203942,31,Month-to-Month,Premium,Credit Card,1,94.65,2715.74,95.4,2,4,1,No
CUST203943,21,Month-to-Month,Basic,Bank Transfer,1,24.55,514.31,31.0,0,4,2,No
CUST203944,8,Month-to-Month,Standard,Credit Card,0,59.12,442.4,57.7,0,4,0,No
CUST203945,20,One Year,Basic,Credit Card,0,23.7,443.2,31.1,1,3,2,No
CUST203946,27,One Year,Standard,Credit Card,1,55.13,1382.08,55.0,2,3,1,No
CUST203947,54,Month-to-Month,Standard,Credit Card,1,53.87,2763.01,67.9,0,5,0,No
CUST203948,5,One Year,Basic,Digital Wallet,1,27.77,133.79,26.5,1,3,3,No
CUST203949,64,Month-to-Month,Basic,Credit Card,0,29.34,1764.87,25.5,2,4,0,No
CUST203950,20,One Year,Standard,Credit Card,1,43.34,826.12,92.1,5,3,1,No
CUST203951,32,Month-to-Month,Premium,Credit Card,1,93.62,2959.98,90.3,1,5,2,No
CUST203952,29,Month-to-Month,Premium,Mailed Check,1,88.36,2419.52,115.6,0,4,1,Yes
CUST203953,30,One Year,Premium,Digital Wallet,1,99.23,2879.0,93.6,2,2,2,Yes
CUST203954,37,Month-to-Month,Basic,Bank Transfer,0,15.0,530.43,31.5,1,3,0,Yes
CUST203955,64,Month-to-Month,Standard,Digital Wallet,1,52.82,3192.93,61.0,2,3,1,No
CUST203956,19,Month-to-Month,Premium,Bank Transfer,1,100.81,1825.41,87.9,2,4,0,No
CUST203957,13,One Year,Premium,Credit Card,1,95.21,1235.81,108.1,3,4,1,No
CUST203958,12,Month-to-Month,Standard,Credit Card,1,58.3,676.15,56.5,0,4,1,No
CUST203959,9,One Year,Premium,Digital Wallet,0,102.09,898.18,99.0,2,4,1,No
CUST203960,41,Month-to-Month,Basic,Digital Wallet,0,17.83,718.39,8.4,2,1,2,Yes
CUST203961,30,Two Year,Standard,Mailed Check,1,62.09,1741.44,95.3,3,1,1,Yes
CUST203962,56,Two Year,Basic,Digital Wallet,1,17.02,944.65,25.3,0,4,0,No
CUST203963,72,Month-to-Month,Premium,Bank Transfer,1,91.55,6452.8,83.7,0,4,0,No
CUST203964,40,Month-to-Month,Standard,Bank Transfer,1,54.13,1992.81,67.2,1,3,2,No
CUST203965,45,Month-to-Month,Standard,Bank Transfer,0,50.09,2222.68,56.6,4,3,2,Yes
CUST203966,14,Month-to-Month,Basic,Bank Transfer,1,23.46,315.04,30.9,2,2,1,No
CUST203967,25,Two Year,Premium,Credit Card,1,85.39,2096.79,98.1,3,3,0,Yes
CUST203968,26,One Year,Premium,Credit Card,0,90.65,2312.93,73.5,0,4,0,No
CUST203969,35,Month-to-Month,Standard,Bank Transfer,0,56.03,1897.27,62.0,3,3,2,No
CUST203970,11,Two Year,Standard,Credit Card,0,46.43,505.81,58.8,1,3,1,Yes
CUST203971,11,One Year,Basic,Mailed Check,1,23.8,254.81,9.4,0,2,0,Yes
CUST203972,42,Month-to-Month,Standard,Bank Transfer,1,55.77,2311.2,60.8,3,3,1,No
CUST203973,9,Month-to-Month,Basic,Credit Card,1,25.84,228.32,25.4,2,3,0,Yes
CUST203974,35,Month-to-Month,Premium,Digital Wallet,1,107.03,3734.19,91.8,0,3,0,No
CUST203975,13,Two Year,Standard,Bank Transfer,1,49.36,637.46,45.4,0,4,1,No
CUST203976,32,Month-to-Month,Basic,Digital Wallet,1,24.1,729.63,38.0,1,4,1,Yes
CUST203977,30,Month-to-Month,Standard,Credit Card,1,40.94,1165.08,44.2,2,4,1,Yes
CUST203978,6,Two Year,Standard,Digital Wallet,0,55.94,321.72,55.5,1,3,2,No
CUST203979,24,One Year,Basic,Credit Card,0,15.0,341.64,24.3,1,5,0,No
CUST203980,18,Month-to-Month,Basic,Digital Wallet,1,16.21,274.23,45.7,5,3,1,No
CUST203981,48,Month-to-Month,Standard,Bank Transfer,1,56.96,2545.85,63.1,1,3,1,No
CUST203982,22,Month-to-Month,Basic,Credit Card,1,24.88,505.21,19.6,1,4,1,No
CUST203983,17,One Year,Standard,Credit Card,1,47.67,791.77,84.8,0,4,2,Yes
CUST203984,14,One Year,Standard,Bank Transfer,1,53.02,682.94,85.7,0,3,1,No
CUST203985,22,Month-to-Month,Basic,Bank Transfer,1,30.67,661.08,53.2,2,2,0,Yes
CUST203986,26,Month-to-Month,Premium,Credit Card,0,83.19,2156.49,82.4,4,2,1,Yes
CUST203987,13,Month-to-Month,Basic,Bank Transfer,1,26.18,314.26,33.0,2,3,0,Yes
CUST203988,21,Month-to-Month,Basic,Digital Wallet,1,29.96,626.83,2.0,4,3,2,Yes
CUST203989,11,One Year,Standard,Credit Card,1,52.32,551.88,51.0,0,3,0,No
CUST203990,25,One Year,Standard,Digital Wallet,0,49.54,1204.78,72.0,2,3,1,No
CUST203991,26,Month-to-Month,Standard,Credit Card,1,57.01,1369.66,49.3,1,3,2,No
CUST203992,38,One Year,Premium,Digital Wallet,1,88.99,3206.95,89.5,3,4,0,Yes
CUST203993,2,Month-to-Month,Basic,Digital Wallet,0,30.32,57.2,16.4,2,3,1,Yes
CUST203994,39,Month-to-Month,Premium,Bank Transfer,0,97.62,3686.69,94.6,3,5,1,No
CUST203995,69,Month-to-Month,Premium,Credit Card,1,90.77,6154.5,68.0,0,4,5,No
CUST203996,15,One Year,Standard,Bank Transfer,0,56.9,833.19,46.5,1,3,1,No
CUST203997,36,Two Year,Standard,Bank Transfer,1,48.29,1628.18,86.4,1,4,2,No
CUST203998,12,Two Year,Basic,Digital Wallet,0,26.81,305.67,57.1,1,3,0,No
CUST203999,22,Month-to-Month,Basic,Digital Wallet,0,29.33,602.12,32.8,2,4,0,No
CUST204000,15,One Year,Standard,Credit Card,0,50.59,717.96,52.8,1,5,2,No
CUST204001,9,One Year,Standard,Bank Transfer,0,56.48,476.15,51.4,0,3,0,No
CUST204002,6,One Year,Standard,Bank Transfer,1,60.36,342.85,70.1,1,3,2,No
CUST204003,26,Two Year,Basic,Credit Card,0,21.43,555.12,32.9,0,4,0,No
CUST204004,21,Two Year,Premium,Bank Transfer,0,97.56,1965.45,85.3,1,5,1,No
CUST204005,6,Month-to-Month,Standard,Digital Wallet,1,49.14,271.96,39.2,1,3,1,No
CUST204006,18,One Year,Premium,Bank Transfer,0,89.11,1493.7,91.6,4,2,0,No
CUST204007,23,Month-to-Month,Premium,Credit Card,1,82.16,1749.5,105.8,1,3,1,Yes
CUST204008,13,Two Year,Basic,Digital Wallet,0,30.0,386.24,2.0,2,2,2,No
CUST204009,52,Two Year,Basic,Credit Card,1,24.84,1197.1,12.2,0,4,0,No
CUST204010,28,Two Year,Premium,Credit Card,1,91.92,2368.0,105.9,2,3,1,No
CUST204011,6,One Year,Basic,Credit Card,0,21.38,121.53,27.3,3,3,1,No
CUST204012,24,Two Year,Premium,Digital Wallet,1,95.71,2274.33,84.8,1,3,2,Yes
CUST204013,10,Month-to-Month,Standard,Bank Transfer,1,50.67,493.44,47.2,2,3,1,Yes
CUST204014,23,Month-to-Month,Premium,Credit Card,0,99.86,2272.34,102.3,4,3,1,Yes
CUST204015,11,Month-to-Month,Premium,Bank Transfer,1,98.58,1029.88,102.4,1,3,1,No
CUST204016,33,One Year,Premium,Credit Card,0,93.04,3068.58,75.8,1,3,1,No
CUST204017,65,One Year,Standard,Digital Wallet,0,65.43,3989.44,70.1,1,2,1,No
CUST204018,30,Two Year,Basic,Mailed Check,1,31.09,893.01,35.7,0,3,0,No
CUST204019,21,Month-to-Month,Basic,Bank Transfer,0,33.36,645.65,25.1,1,2,1,Yes
CUST204020,4,One Year,Standard,Credit Card,1,60.01,223.06,33.5,3,2,1,No
CUST204021,55,One Year,Standard,Credit Card,0,51.23,2640.47,21.7,2,4,1,No
CUST204022,9,Month-to-Month,Premium,Digital Wallet,0,101.29,844.15,94.4,3,4,2,No
CUST204023,67,Month-to-Month,Standard,Mailed Check,1,50.86,3242.33,64.4,3,3,2,No
CUST204024,27,One Year,Standard,Credit Card,1,55.68,1409.86,59.0,2,4,2,No
CUST204025,31,Month-to-Month,Standard,Digital Wallet,0,59.0,1809.88,69.1,1,3,1,No
CUST204026,38,Two Year,Standard,Credit Card,1,53.05,1976.12,59.3,3,3,0,No
CUST204027,60,Month-to-Month,Basic,Bank Transfer,0,25.69,1450.68,22.1,1,3,1,No
CUST204028,10,Month-to-Month,Basic,Credit Card,0,20.61,192.96,33.9,2,3,2,No
CUST204029,52,Month-to-Month,Standard,Credit Card,1,57.2,2756.75,69.9,1,1,2,No
CUST204030,72,One Year,Standard,Credit Card,1,46.21,3271.81,41.0,1,2,1,Yes
CUST204031,9,One Year,Basic,Bank Transfer,1,27.92,245.4,42.8,1,3,3,No
CUST204032,29,Two Year,Basic,Digital Wallet,0,28.87,817.62,29.7,4,3,2,No
CUST204033,12,Month-to-Month,Standard,Credit Card,0,51.56,618.02,52.0,0,5,1,No
CUST204034,30,Month-to-Month,Standard,Digital Wallet,1,47.58,1353.03,73.1,0,5,3,No
CUST204035,21,Month-to-Month,Standard,Bank Transfer,0,60.74,1260.81,51.2,1,4,2,Yes
CUST204036,48,Month-to-Month,Basic,Digital Wallet,1,15.0,662.93,33.3,0,3,1,No
CUST204037,21,Month-to-Month,Standard,Digital Wallet,1,53.45,1043.83,80.9,1,5,1,No
CUST204038,48,Two Year,Premium,Bank Transfer,1,93.01,4455.93,100.0,2,3,0,No
CUST204039,10,One Year,Premium,Digital Wallet,0,105.92,1020.82,82.8,4,2,0,Yes
CUST204040,13,Month-to-Month,Standard,Credit Card,1,52.33,658.73,66.6,2,5,0,No
CUST204041,40,Two Year,Basic,Credit Card,0,23.25,923.28,11.0,2,4,1,Yes
CUST204042,42,One Year,Premium,Digital Wallet,1,89.68,3504.75,116.5,2,3,1,No
CUST204043,18,Month-to-Month,Basic,Digital Wallet,1,16.12,274.06,26.8,1,5,1,No
CUST204044,17,Month-to-Month,Standard,Credit Card,1,52.47,867.03,69.8,2,4,2,Yes
CUST204045,6,One Year,Standard,Credit Card,0,55.12,322.49,42.8,1,4,1,No
CUST204046,27,Month-to-Month,Basic,Credit Card,0,25.2,647.15,20.5,1,3,1,No
CUST204047,41,Month-to-Month,Standard,Bank Transfer,0,57.42,2267.76,76.2,1,3,1,No
CUST204048,33,Month-to-Month,Premium,Bank Transfer,0,85.98,2680.61,119.0,0,3,0,No
CUST204049,33,One Year,Standard,Digital Wallet,1,57.96,1896.72,37.4,2,1,0,Yes
CUST204050,11,Two Year,Basic,Bank Transfer,1,32.07,326.38,18.3,0,3,1,No
CUST204051,13,Month-to-Month,Basic,Credit Card,0,19.95,239.98,16.3,0,4,0,Yes
CUST204052,32,Two Year,Standard,Bank Transfer,0,49.73,1508.86,30.3,0,5,0,No
CUST204053,4,Month-to-Month,Basic,Credit Card,1,33.39,127.81,19.9,1,4,2,No
CUST204054,21,Month-to-Month,Premium,Credit Card,1,94.94,1940.5,101.5,3,4,0,Yes
CUST204055,29,Month-to-Month,Standard,Digital Wallet,0,60.06,1648.07,54.7,1,4,0,No
CUST204056,6,Month-to-Month,Standard,Credit Card,1,58.96,347.54,66.1,0,3,0,No
CUST204057,28,Month-to-Month,Standard,Credit Card,1,57.67,1573.69,71.4,3,4,2,No
CUST204058,72,Month-to-Month,Premium,Mailed Check,0,97.48,6977.84,111.4,0,4,2,No
CUST204059,35,Two Year,Standard,Bank Transfer,0,63.78,2222.96,68.8,0,3,3,Yes
CUST204060,40,Month-to-Month,Premium,Mailed Check,1,91.63,3620.94,100.3,1,4,0,No
CUST204061,31,Month-to-Month,Standard,Bank Transfer,0,57.78,1695.08,37.9,1,3,2,No
CUST204062,9,Two Year,Basic,Digital Wallet,0,36.52,320.66,9.0,0,4,2,No
CUST204063,38,One Year,Standard,Bank Transfer,1,49.97,1856.36,60.1,2,3,1,No
CUST204064,40,Month-to-Month,Basic,Credit Card,1,18.76,706.7,9.5,0,3,5,No
CUST204065,13,One Year,Premium,Bank Transfer,1,90.81,1103.03,106.7,2,3,2,Yes
CUST204066,21,One Year,Standard,Bank Transfer,1,53.58,1122.99,51.6,0,3,1,No
CUST204067,17,Month-to-Month,Standard,Credit Card,1,54.48,896.52,52.3,2,4,0,No
CUST204068,22,Month-to-Month,Standard,Digital Wallet,1,61.51,1309.3,21.0,3,4,1,No
CUST204069,23,Month-to-Month,Standard,Credit Card,0,58.3,1265.79,71.7,2,3,0,Yes
CUST204070,6,Month-to-Month,Standard,Credit Card,1,60.24,342.73,64.7,3,3,2,No
CUST204071,32,Month-to-Month,Premium,Bank Transfer,0,88.17,2617.83,81.8,2,3,2,Yes
CUST204072,17,Month-to-Month,Basic,Credit Card,1,31.79,529.21,26.5,1,4,2,Yes
CUST204073,32,Month-to-Month,Basic,Credit Card,1,28.29,891.29,34.4,1,2,1,No
CUST204074,3,Month-to-Month,Premium,Credit Card,1,85.82,247.64,61.4,1,4,2,No
CUST204075,17,One Year,Premium,Bank Transfer,1,92.88,1539.86,83.1,1,3,2,No
CUST204076,10,Two Year,Premium,Credit Card,1,100.95,953.04,112.1,1,3,2,No
CUST204077,29,Month-to-Month,Standard,Credit Card,0,50.03,1391.77,39.5,0,4,2,No
CUST204078,18,Month-to-Month,Standard,Credit Card,0,58.11,1015.33,44.7,0,3,1,No
CUST204079,10,One Year,Standard,Bank Transfer,1,56.4,529.02,86.4,0,4,2,No
CUST204080,53,Month-to-Month,Standard,Credit Card,0,60.75,3158.55,40.0,1,4,1,No
CUST204081,57,Month-to-Month,Standard,Credit Card,1,48.35,2698.67,71.8,1,4,0,No
CUST204082,7,Month-to-Month,Basic,Digital Wallet,0,19.5,127.71,21.3,0,3,0,No
CUST204083,63,Month-to-Month,Premium,Credit Card,1,86.29,5226.12,69.2,2,4,0,Yes
CUST204084,15,Two Year,Premium,Credit Card,1,98.99,1420.36,84.0,2,4,3,No
CUST204085,10,Month-to-Month,Premium,Digital Wallet,1,96.2,914.87,94.1,0,5,1,Yes
CUST204086,19,One Year,Standard,Credit Card,1,56.97,1006.28,55.8,3,2,1,Yes
CUST204087,14,One Year,Standard,Bank Transfer,0,49.98,692.54,59.8,1,3,0,No
CUST204088,11,One Year,Standard,Credit Card,0,58.23,631.93,33.9,1,3,0,No
CUST204089,17,Month-to-Month,Premium,Bank Transfer,0,105.36,1677.86,94.6,0,2,0,Yes
CUST204090,52,Month-to-Month,Basic,Mailed Check,1,17.93,906.82,45.7,2,2,3,No
CUST204091,12,One Year,Standard,Credit Card,1,58.36,681.41,39.4,0,3,0,No
CUST204092,42,Month-to-Month,Basic,Digital Wallet,1,24.05,958.17,8.3,1,3,2,Yes
CUST204093,26,Month-to-Month,Premium,Credit Card,0,92.79,2288.32,119.0,0,5,0,No
CUST204094,15,Two Year,Premium,Bank Transfer,0,88.5,1279.47,99.7,2,3,1,No
CUST204095,27,Two Year,Standard,Credit Card,1,60.74,1534.9,32.1,1,4,1,Yes
CUST204096,17,Month-to-Month,Basic,Digital Wallet,1,28.66,459.26,10.7,0,4,2,No
CUST204097,40,One Year,Standard,Digital Wallet,0,60.09,2388.84,43.2,3,5,2,No
CUST204098,30,One Year,Standard,Digital Wallet,0,53.18,1580.11,61.3,1,2,1,No
CUST204099,41,Month-to-Month,Premium,Bank Transfer,1,90.47,3417.34,104.3,0,5,0,No
CUST204100,7,Month-to-Month,Premium,Mailed Check,1,91.94,638.21,106.9,1,2,1,Yes
CUST204101,26,Month-to-Month,Standard,Credit Card,1,52.56,1321.82,71.4,0,4,0,No
CUST204102,11,Two Year,Premium,Digital Wallet,1,98.31,1068.31,104.6,1,3,1,No
CUST204103,37,Two Year,Standard,Digital Wallet,1,50.22,1787.91,59.3,0,3,1,No
CUST204104,49,Month-to-Month,Standard,Bank Transfer,1,46.01,2253.28,66.8,1,3,2,No
CUST204105,17,Two Year,Standard,Credit Card,1,55.77,900.95,39.6,3,3,0,No
CUST204106,21,Month-to-Month,Standard,Digital Wallet,0,63.53,1278.44,79.7,1,4,1,Yes
CUST204107,22,Month-to-Month,Basic,Bank Transfer,1,29.21,636.79,24.2,1,3,0,No
CUST204108,67,Month-to-Month,Basic,Digital Wallet,1,17.76,1109.09,26.0,1,4,0,No
CUST204109,7,One Year,Premium,Mailed Check,1,89.14,576.2,104.8,2,3,1,Yes
CUST204110,68,Month-to-Month,Basic,Credit Card,1,28.17,1793.48,3.6,1,5,1,No
CUST204111,39,Two Year,Standard,Digital Wallet,0,56.5,2149.67,46.3,2,2,0,No
CUST204112,66,Two Year,Standard,Digital Wallet,1,61.74,3754.88,56.6,0,4,1,No
CUST204113,36,One Year,Basic,Digital Wallet,1,24.64,827.18,17.2,3,3,1,Yes
CUST204114,30,Month-to-Month,Basic,Credit Card,0,20.37,568.45,13.5,1,2,1,Yes
CUST204115,33,Month-to-Month,Premium,Digital Wallet,1,98.47,3178.65,91.7,1,4,0,No
CUST204116,72,Two Year,Basic,Credit Card,1,18.68,1303.46,36.9,1,4,1,No
CUST204117,36,One Year,Standard,Digital Wallet,1,46.61,1636.27,82.8,0,4,0,No
CUST204118,57,One Year,Standard,Digital Wallet,0,60.06,3181.97,66.0,0,4,1,No
CUST204119,11,Month-to-Month,Premium,Credit Card,1,96.87,995.37,113.6,0,4,2,Yes
CUST204120,10,Two Year,Basic,Bank Transfer,0,25.58,245.77,38.2,3,4,2,Yes
CUST204121,26,Month-to-Month,Premium,Bank Transfer,1,89.31,2221.05,120.7,0,5,2,Yes
CUST204122,27,Month-to-Month,Standard,Bank Transfer,1,58.16,1555.98,70.2,1,2,1,No
CUST204123,6,Month-to-Month,Basic,Bank Transfer,1,26.37,157.15,2.0,2,1,1,Yes
CUST204124,15,Two Year,Premium,Credit Card,0,104.88,1544.76,107.9,3,2,1,Yes
CUST204125,28,Two Year,Basic,Bank Transfer,0,20.77,572.32,25.4,0,2,1,No
CUST204126,41,Month-to-Month,Standard,Bank Transfer,1,49.89,1895.07,64.1,0,2,1,Yes
CUST204127,36,One Year,Standard,Credit Card,1,52.66,1865.23,61.2,1,4,1,No
CUST204128,15,Two Year,Standard,Credit Card,0,52.85,765.33,47.9,1,4,3,No
CUST204129,9,Two Year,Standard,Digital Wallet,0,53.81,460.28,73.0,0,3,0,Yes
CUST204130,48,Month-to-Month,Basic,Bank Transfer,0,15.5,695.72,37.7,1,4,1,No
CUST204131,19,Month-to-Month,Standard,Credit Card,0,50.77,945.53,54.6,1,4,1,No
CUST204132,3,Month-to-Month,Standard,Credit Card,1,62.45,185.56,45.4,3,3,2,Yes
CUST204133,56,Month-to-Month,Standard,Credit Card,1,52.92,2766.21,40.6,1,3,2,No
CUST204134,21,Month-to-Month,Premium,Digital Wallet,1,102.59,2096.82,102.3,0,4,2,No
CUST204135,38,Month-to-Month,Standard,Credit Card,0,60.99,2282.51,80.7,1,3,1,Yes
CUST204136,67,Month-to-Month,Premium,Mailed Check,1,96.16,6074.89,80.1,0,4,2,No
CUST204137,28,Two Year,Basic,Credit Card,1,26.84,733.13,25.5,3,4,3,No
CUST204138,44,One Year,Basic,Credit Card,0,23.08,977.91,30.5,0,3,2,No
CUST204139,30,Month-to-Month,Premium,Bank Transfer,1,96.72,2711.45,104.7,2,2,1,Yes
CUST204140,16,Month-to-Month,Basic,Mailed Check,1,34.55,531.98,43.2,1,4,0,No
CUST204141,37,Two Year,Basic,Mailed Check,1,29.79,1023.61,39.0,0,4,2,No
CUST204142,25,Month-to-Month,Standard,Credit Card,1,63.33,1459.27,41.2,2,2,1,Yes
CUST204143,23,Month-to-Month,Premium,Credit Card,1,91.08,1957.26,84.7,2,4,2,No
CUST204144,39,Month-to-Month,Premium,Bank Transfer,1,91.42,3393.17,118.5,1,2,1,No
CUST204145,56,Two Year,Premium,Credit Card,0,102.87,5492.38,96.7,2,4,2,No
CUST204146,23,Month-to-Month,Premium,Mailed Check,1,102.23,2214.31,80.3,4,2,0,Yes
CUST204147,45,Month-to-Month,Standard,Mailed Check,0,51.92,2245.63,60.9,1,2,2,No
CUST204148,17,One Year,Premium,Digital Wallet,0,91.55,1471.01,104.4,1,2,1,Yes
CUST204149,41,Month-to-Month,Basic,Digital Wallet,1,27.6,1123.35,46.1,0,4,1,Yes
CUST204150,32,Month-to-Month,Standard,Digital Wallet,1,53.56,1614.43,66.3,2,2,2,No
CUST204151,29,Two Year,Basic,Digital Wallet,1,26.46,763.69,33.6,5,3,1,Yes
CUST204152,5,Two Year,Standard,Mailed Check,1,60.66,294.77,52.6,2,2,1,No
CUST204153,12,Month-to-Month,Standard,Digital Wallet,0,55.75,648.56,44.1,0,4,2,Yes
CUST204154,36,Month-to-Month,Standard,Bank Transfer,0,53.92,1927.13,39.5,2,2,2,No
CUST204155,13,Two Year,Premium,Credit Card,1,102.05,1252.38,107.1,1,5,1,No
CUST204156,35,Month-to-Month,Standard,Digital Wallet,0,54.93,1862.35,55.2,0,2,1,No
CUST204157,13,One Year,Standard,Mailed Check,1,52.91,670.8,38.8,1,3,0,No
CUST204158,26,Month-to-Month,Standard,Credit Card,1,47.96,1225.62,50.9,2,2,2,No
CUST204159,20,Month-to-Month,Basic,Mailed Check,1,38.23,714.3,28.6,1,5,2,No
CUST204160,21,Month-to-Month,Premium,Credit Card,1,96.83,1880.78,98.6,1,3,1,No
CUST204161,45,Month-to-Month,Basic,Bank Transfer,1,28.82,1286.56,4.6,3,3,2,Yes
CUST204162,22,One Year,Basic,Digital Wallet,1,31.82,649.19,51.4,2,2,2,No
CUST204163,27,Two Year,Standard,Mailed Check,1,59.37,1530.89,35.2,0,3,0,No
CUST204164,11,Month-to-Month,Premium,Credit Card,1,87.61,905.74,113.0,1,3,2,No
CUST204165,24,Month-to-Month,Standard,Bank Transfer,1,59.23,1315.27,35.3,1,4,0,No
CUST204166,49,One Year,Basic,Credit Card,1,30.63,1387.51,21.9,2,4,1,No
CUST204167,72,One Year,Basic,Credit Card,1,18.68,1276.79,43.1,2,3,1,No
CUST204168,29,One Year,Standard,Digital Wallet,1,53.31,1509.09,67.1,0,3,2,No
CUST204169,72,One Year,Basic,Credit Card,1,32.81,2253.78,31.4,1,5,2,No
CUST204170,6,Month-to-Month,Standard,Digital Wallet,0,53.75,299.37,55.0,0,4,0,No
CUST204171,63,One Year,Premium,Credit Card,1,89.58,5304.64,90.2,1,4,2,No
CUST204172,34,Month-to-Month,Standard,Credit Card,1,58.92,1994.08,62.7,1,4,0,No
CUST204173,11,One Year,Standard,Digital Wallet,1,57.65,596.4,79.6,3,4,2,No
CUST204174,21,Month-to-Month,Basic,Digital Wallet,1,29.63,588.79,18.3,0,4,1,No
CUST204175,11,Month-to-Month,Standard,Digital Wallet,0,48.72,525.98,17.0,3,4,0,Yes
CUST204176,65,One Year,Basic,Digital Wallet,1,24.12,1450.21,39.4,1,3,1,No
CUST204177,32,Month-to-Month,Standard,Bank Transfer,1,51.84,1528.29,76.3,1,3,0,Yes
CUST204178,16,Month-to-Month,Premium,Mailed Check,0,85.27,1309.02,88.4,2,2,2,Yes
CUST204179,58,One Year,Premium,Bank Transfer,0,102.49,5940.86,88.4,1,3,0,No
CUST204180,6,One Year,Basic,Credit Card,1,17.86,99.25,46.2,1,2,3,Yes
CUST204181,68,One Year,Standard,Credit Card,0,53.59,3607.47,67.3,1,4,0,No
CUST204182,9,Two Year,Premium,Digital Wallet,1,95.54,858.97,84.3,1,4,1,No
CUST204183,63,Month-to-Month,Premium,Bank Transfer,1,89.97,5651.95,71.7,1,4,1,No
CUST204184,51,Month-to-Month,Standard,Credit Card,1,56.11,2788.82,44.3,2,4,1,No
CUST204185,21,One Year,Standard,Credit Card,1,55.69,1087.67,47.3,1,3,2,No
CUST204186,6,Two Year,Standard,Credit Card,0,60.13,359.3,25.1,3,4,0,No
CUST204187,38,Month-to-Month,Standard,Credit Card,1,52.31,1956.74,47.7,2,4,2,No
CUST204188,72,Month-to-Month,Standard,Digital Wallet,0,60.94,4192.22,28.3,2,4,0,No
CUST204189,10,One Year,Premium,Bank Transfer,0,93.93,906.4,87.4,0,3,3,Yes
CUST204190,12,One Year,Premium,Mailed Check,1,91.62,1046.94,129.4,0,5,0,No
CUST204191,32,Month-to-Month,Premium,Bank Transfer,1,95.03,2910.91,77.6,0,4,3,No
CUST204192,15,Two Year,Basic,Credit Card,0,22.66,322.48,29.7,2,3,0,No
CUST204193,50,Two Year,Premium,Bank Transfer,1,85.66,4106.07,71.4,3,2,1,No
CUST204194,3,Month-to-Month,Standard,Digital Wallet,0,55.7,160.55,72.4,1,3,1,Yes
CUST204195,47,Month-to-Month,Premium,Credit Card,0,91.72,4003.36,89.0,2,3,2,No
CUST204196,50,One Year,Standard,Digital Wallet,0,68.95,3315.14,87.9,0,3,1,No
CUST204197,19,Month-to-Month,Premium,Bank Transfer,1,99.38,1819.93,92.7,2,4,0,No
CUST204198,15,Month-to-Month,Premium,Credit Card,1,84.95,1190.4,109.3,2,3,0,Yes
CUST204199,58,Month-to-Month,Standard,Mailed Check,1,52.57,3021.01,61.2,2,3,0,No
CUST204200,3,Two Year,Basic,Credit Card,0,25.78,76.24,2.0,0,4,4,No
CUST204201,13,Month-to-Month,Standard,Credit Card,0,66.0,840.53,62.9,0,3,1,No
CUST204202,9,Two Year,Standard,Digital Wallet,1,53.5,468.62,74.4,3,2,1,No
CUST204203,14,Two Year,Premium,Digital Wallet,1,101.92,1332.55,80.5,1,5,1,No
CUST204204,36,Month-to-Month,Standard,Bank Transfer,1,48.79,1652.4,69.9,3,2,0,Yes
CUST204205,11,Month-to-Month,Basic,Digital Wallet,1,22.65,242.9,48.4,1,3,1,Yes
CUST204206,20,Month-to-Month,Standard,Bank Transfer,0,47.7,902.98,37.0,1,5,1,No
CUST204207,43,Month-to-Month,Standard,Mailed Check,0,48.72,2045.11,46.6,1,2,3,No
CUST204208,14,One Year,Premium,Bank Transfer,0,100.09,1302.09,115.9,1,4,1,No
CUST204209,17,One Year,Basic,Bank Transfer,1,32.89,518.65,50.6,0,4,2,No
CUST204210,62,One Year,Basic,Credit Card,1,20.8,1186.71,35.2,0,5,3,No
CUST204211,29,Month-to-Month,Standard,Digital Wallet,1,49.21,1422.71,75.9,2,3,1,No
CUST204212,4,One Year,Standard,Digital Wallet,1,63.61,254.23,66.6,3,2,4,No
CUST204213,22,Two Year,Basic,Credit Card,1,26.06,538.22,13.4,2,5,1,No
CUST204214,43,Month-to-Month,Basic,Mailed Check,1,15.0,642.51,2.0,0,3,2,No
CUST204215,8,Month-to-Month,Premium,Credit Card,1,97.8,779.07,118.7,1,5,1,Yes
CUST204216,72,Two Year,Basic,Credit Card,0,21.48,1442.34,13.9,5,2,1,No
CUST204217,17,Month-to-Month,Standard,Digital Wallet,0,52.0,866.67,44.5,2,2,1,No
CUST204218,50,Month-to-Month,Premium,Credit Card,0,98.32,4698.05,81.9,2,4,1,Yes
CUST204219,6,Two Year,Standard,Digital Wallet,0,64.41,368.95,43.6,1,3,0,Yes
CUST204220,38,Two Year,Standard,Digital Wallet,1,63.13,2312.21,67.2,3,2,0,No
CUST204221,15,Two Year,Premium,Credit Card,1,87.67,1305.82,98.8,1,5,0,No
CUST204222,12,Month-to-Month,Standard,Credit Card,1,61.28,694.86,67.4,0,3,1,No
CUST204223,72,One Year,Premium,Mailed Check,1,93.89,6675.96,86.9,0,3,1,No
CUST204224,30,Month-to-Month,Basic,Digital Wallet,0,15.0,425.53,22.9,3,3,1,No
CUST204225,23,Month-to-Month,Standard,Digital Wallet,1,42.76,942.24,34.4,1,4,2,No
CUST204226,43,Two Year,Standard,Credit Card,0,53.28,2138.13,28.4,3,1,1,No
CUST204227,55,Month-to-Month,Standard,Credit Card,1,55.54,2919.97,39.4,1,3,0,No
CUST204228,53,Month-to-Month,Standard,Credit Card,1,76.94,4069.29,37.4,4,1,2,No
CUST204229,45,One Year,Premium,Credit Card,1,92.2,3936.83,58.9,2,4,1,No
CUST204230,13,Month-to-Month,Basic,Credit Card,1,23.21,294.89,21.3,2,2,2,Yes
CUST204231,11,Month-to-Month,Premium,Digital Wallet,1,100.56,1057.36,95.4,1,3,0,No
CUST204232,8,Month-to-Month,Basic,Credit Card,0,19.22,142.34,4.8,2,2,1,Yes
CUST204233,17,Two Year,Basic,Bank Transfer,1,24.75,405.45,5.8,1,5,2,No
CUST204234,26,One Year,Basic,Credit Card,1,31.25,780.29,31.0,1,4,1,No
CUST204235,8,One Year,Premium,Bank Transfer,1,94.08,749.71,91.5,1,5,1,No
CUST204236,35,Month-to-Month,Basic,Credit Card,1,15.0,492.79,8.3,0,3,1,No
CUST204237,62,Two Year,Basic,Mailed Check,0,22.64,1321.18,20.2,0,5,1,No
CUST204238,40,Month-to-Month,Premium,Bank Transfer,1,101.86,3823.79,83.8,2,3,2,No
CUST204239,34,One Year,Basic,Bank Transfer,1,21.28,694.87,22.1,1,2,1,No
CUST204240,17,Month-to-Month,Basic,Bank Transfer,1,24.35,402.09,2.4,4,3,1,Yes
CUST204241,25,Two Year,Basic,Digital Wallet,0,35.91,831.6,17.5,2,4,1,No
CUST204242,12,Month-to-Month,Premium,Digital Wallet,0,93.37,1085.52,106.7,2,4,3,No
CUST204243,36,Month-to-Month,Premium,Digital Wallet,1,99.95,3521.04,78.6,0,3,1,No
CUST204244,46,Two Year,Standard,Bank Transfer,1,61.54,2694.59,98.4,2,3,2,No
CUST204245,8,Month-to-Month,Premium,Bank Transfer,1,106.31,818.85,98.4,1,4,1,No
CUST204246,13,One Year,Standard,Bank Transfer,1,52.11,651.13,28.0,1,2,0,No
CUST204247,33,Month-to-Month,Premium,Bank Transfer,1,107.59,3513.22,80.5,1,4,0,No
CUST204248,32,One Year,Basic,Bank Transfer,1,19.84,613.73,18.8,1,3,1,No
CUST204249,55,One Year,Standard,Bank Transfer,1,55.35,2811.87,58.9,1,2,2,Yes
CUST204250,32,Month-to-Month,Standard,Digital Wallet,0,65.84,1985.84,32.3,2,3,1,Yes
CUST204251,17,Month-to-Month,Basic,Digital Wallet,1,23.12,392.78,33.2,3,3,3,Yes
CUST204252,64,One Year,Basic,Digital Wallet,1,15.0,897.06,17.0,3,3,0,No
CUST204253,17,Month-to-Month,Standard,Digital Wallet,1,51.71,877.9,73.6,0,3,0,Yes
CUST204254,19,One Year,Premium,Digital Wallet,1,98.26,1803.22,96.0,5,2,0,Yes
CUST204255,7,Month-to-Month,Standard,Bank Transfer,1,73.39,487.78,40.8,4,4,3,No
CUST204256,30,One Year,Basic,Digital Wallet,1,20.19,569.65,4.9,0,4,0,No
CUST204257,33,Month-to-Month,Standard,Mailed Check,1,46.85,1478.94,53.3,1,4,0,No
CUST204258,1,One Year,Standard,Credit Card,1,53.65,51.05,67.7,1,4,1,No
CUST204259,40,Month-to-Month,Standard,Bank Transfer,0,61.26,2321.28,61.9,1,3,0,No
CUST204260,72,Two Year,Premium,Mailed Check,1,97.33,6681.46,105.9,1,3,0,No
CUST204261,24,Two Year,Standard,Credit Card,1,69.22,1595.99,54.4,0,4,1,No
CUST204262,33,Two Year,Premium,Bank Transfer,1,96.08,3029.6,93.9,2,5,1,No
CUST204263,53,One Year,Standard,Digital Wallet,0,64.69,3320.75,53.5,1,4,0,No
CUST204264,53,One Year,Premium,Digital Wallet,0,95.55,4780.69,101.7,1,4,0,No
CUST204265,23,Month-to-Month,Standard,Bank Transfer,1,64.38,1432.19,56.4,5,1,0,Yes
CUST204266,14,Month-to-Month,Standard,Credit Card,0,67.01,936.48,44.8,0,4,3,No
CUST204267,28,Month-to-Month,Standard,Credit Card,0,50.55,1332.09,52.4,3,4,1,No
CUST204268,20,Month-to-Month,Premium,Bank Transfer,1,97.36,1908.06,91.7,0,3,1,Yes
CUST204269,23,One Year,Standard,Digital Wallet,0,54.96,1255.68,61.2,1,4,1,No
CUST204270,18,Two Year,Standard,Credit Card,1,60.98,1015.24,46.7,0,4,4,No
CUST204271,34,Two Year,Premium,Credit Card,0,92.41,2918.86,120.5,5,3,2,Yes
CUST204272,24,Month-to-Month,Basic,Credit Card,1,19.24,456.41,48.0,2,3,2,No
CUST204273,16,Month-to-Month,Basic,Bank Transfer,1,30.23,469.3,43.0,2,2,1,Yes
CUST204274,18,One Year,Standard,Digital Wallet,1,57.93,976.73,70.7,0,5,0,No
CUST204275,62,Month-to-Month,Basic,Bank Transfer,1,25.29,1563.91,16.6,4,3,1,No
CUST204276,21,One Year,Premium,Credit Card,1,96.69,1885.28,88.8,0,3,4,No
CUST204277,55,Two Year,Premium,Mailed Check,1,93.24,4773.77,79.6,0,3,0,No
CUST204278,52,One Year,Premium,Credit Card,0,94.83,4702.05,84.6,1,3,3,No
CUST204279,43,Two Year,Basic,Credit Card,1,26.96,1114.09,33.8,1,5,1,No
CUST204280,30,Month-to-Month,Premium,Mailed Check,1,96.63,2703.25,95.8,2,5,0,No
CUST204281,49,Two Year,Basic,Mailed Check,1,15.0,717.83,12.3,0,1,0,No
CUST204282,37,Month-to-Month,Standard,Bank Transfer,1,67.08,2424.56,65.9,1,4,2,No
CUST204283,63,Month-to-Month,Basic,Bank Transfer,0,27.6,1628.55,32.7,0,3,2,No
CUST204284,64,Two Year,Premium,Credit Card,0,91.28,5632.3,92.9,0,4,0,No
CUST204285,47,Month-to-Month,Basic,Credit Card,1,25.59,1163.66,31.7,2,4,0,No
CUST204286,35,One Year,Standard,Credit Card,1,55.29,1850.87,63.7,1,4,1,No
CUST204287,41,Month-to-Month,Premium,Credit Card,1,109.17,4169.74,74.0,3,2,0,Yes
CUST204288,22,Month-to-Month,Premium,Bank Transfer,1,96.65,1988.59,84.8,1,3,1,Yes
CUST204289,17,Two Year,Standard,Credit Card,1,56.68,929.62,54.5,0,4,1,No
CUST204290,21,Two Year,Premium,Credit Card,0,104.39,2124.75,95.2,1,1,0,Yes
CUST204291,72,One Year,Premium,Digital Wallet,0,91.76,6470.33,90.3,3,3,0,No
CUST204292,26,Month-to-Month,Standard,Credit Card,1,66.62,1653.74,88.5,1,4,1,Yes
CUST204293,26,Month-to-Month,Premium,Bank Transfer,1,99.26,2559.34,93.9,4,1,0,Yes
CUST204294,20,Month-to-Month,Premium,Digital Wallet,0,99.8,1933.63,80.7,3,5,2,No
CUST204295,17,Two Year,Premium,Bank Transfer,0,100.12,1584.79,117.8,2,4,0,Yes
CUST204296,38,Two Year,Standard,Credit Card,1,58.97,2129.33,58.4,1,5,0,Yes
CUST204297,72,Month-to-Month,Standard,Digital Wallet,1,53.25,3692.25,31.2,2,4,3,No
CUST204298,11,One Year,Standard,Credit Card,1,46.36,471.68,63.7,1,2,2,Yes
CUST204299,19,Month-to-Month,Standard,Digital Wallet,0,59.73,1099.02,47.1,0,3,2,No
CUST204300,13,Month-to-Month,Basic,Credit Card,0,34.17,427.03,20.2,2,4,1,No
CUST204301,67,Month-to-Month,Basic,Bank Transfer,1,23.25,1512.07,47.2,0,4,1,No
CUST204302,29,Month-to-Month,Standard,Bank Transfer,1,54.06,1509.13,48.6,2,3,0,No
CUST204303,20,Month-to-Month,Standard,Credit Card,0,58.91,1110.09,48.1,3,4,2,No
CUST204304,68,Month-to-Month,Premium,Mailed Check,1,99.92,6333.68,89.7,1,4,2,No
CUST204305,21,Month-to-Month,Basic,Digital Wallet,1,32.46,629.3,44.2,5,2,1,No
CUST204306,46,Month-to-Month,Standard,Credit Card,1,38.74,1776.75,56.8,1,3,2,No
CUST204307,40,Month-to-Month,Standard,Bank Transfer,1,49.14,1901.17,51.4,4,4,1,No
CUST204308,54,Two Year,Basic,Bank Transfer,0,26.55,1320.36,41.6,0,5,2,No
CUST204309,28,Two Year,Premium,Bank Transfer,1,100.63,2786.38,103.6,2,3,0,No
CUST204310,7,One Year,Basic,Bank Transfer,1,29.63,191.13,30.1,1,5,1,No
CUST204311,72,Month-to-Month,Premium,Bank Transfer,0,93.76,6273.96,102.1,2,4,2,No
CUST204312,42,One Year,Basic,Credit Card,0,23.01,962.51,10.2,0,5,0,No
CUST204313,17,Month-to-Month,Standard,Bank Transfer,1,55.07,908.94,83.4,0,4,1,No
CUST204314,23,Month-to-Month,Basic,Digital Wallet,1,16.13,356.47,52.2,2,5,1,No
CUST204315,21,Two Year,Premium,Digital Wallet,0,110.4,2177.34,87.3,1,2,2,No
CUST204316,6,One Year,Basic,Bank Transfer,1,42.58,246.84,35.4,1,4,0,No
CUST204317,54,One Year,Standard,Credit Card,1,56.56,3009.64,68.4,1,5,1,No
CUST204318,22,Month-to-Month,Standard,Credit Card,1,56.23,1144.98,30.9,3,3,0,Yes
CUST204319,17,Month-to-Month,Standard,Digital Wallet,1,53.3,851.07,39.4,1,3,2,No
CUST204320,10,Month-to-Month,Standard,Bank Transfer,1,44.81,423.59,91.0,1,3,0,Yes
CUST204321,52,One Year,Standard,Bank Transfer,0,59.81,2875.34,56.0,3,3,1,No
CUST204322,28,One Year,Standard,Credit Card,0,57.6,1595.75,51.6,2,4,2,No
CUST204323,71,One Year,Basic,Credit Card,1,30.49,2038.44,2.0,0,3,1,No
CUST204324,1,One Year,Premium,Digital Wallet,0,104.45,100.28,90.9,3,2,0,Yes
CUST204325,29,Month-to-Month,Standard,Digital Wallet,1,53.87,1521.99,52.5,3,4,1,No
CUST204326,44,One Year,Premium,Bank Transfer,1,100.48,4116.86,102.0,3,3,1,No
CUST204327,72,One Year,Basic,Bank Transfer,1,24.78,1737.23,41.6,1,3,3,No
CUST204328,9,Two Year,Premium,Mailed Check,0,85.9,767.54,93.4,2,2,1,Yes
CUST204329,9,Month-to-Month,Standard,Credit Card,0,49.2,433.14,46.2,0,3,2,Yes
CUST204330,72,Month-to-Month,Standard,Credit Card,1,54.44,3707.08,44.7,2,2,1,No
CUST204331,32,Two Year,Basic,Bank Transfer,1,23.22,702.06,33.0,1,4,0,No
CUST204332,31,Month-to-Month,Basic,Mailed Check,1,28.15,817.96,9.5,3,4,2,Yes
CUST204333,22,Month-to-Month,Basic,Credit Card,0,23.54,486.89,29.1,1,4,3,Yes
CUST204334,18,One Year,Standard,Bank Transfer,1,52.9,903.58,79.6,0,3,1,No
CUST204335,11,One Year,Premium,Credit Card,1,98.52,1001.26,85.7,2,2,1,Yes
CUST204336,8,Month-to-Month,Standard,Credit Card,1,55.93,438.3,38.4,3,3,0,Yes
CUST204337,59,Month-to-Month,Premium,Bank Transfer,0,105.7,6007.02,94.1,1,3,4,No
CUST204338,13,One Year,Basic,Digital Wallet,1,27.4,342.04,5.5,0,3,2,No
CUST204339,50,One Year,Basic,Credit Card,1,23.74,1181.96,28.8,1,3,2,No
CUST204340,20,Two Year,Standard,Credit Card,1,51.3,1015.0,45.6,1,3,0,No
CUST204341,30,Month-to-Month,Premium,Credit Card,1,101.81,2901.63,114.3,4,4,0,Yes
CUST204342,61,Month-to-Month,Basic,Digital Wallet,1,25.61,1459.79,37.1,2,4,3,No
CUST204343,38,One Year,Standard,Mailed Check,0,47.0,1768.25,34.8,1,4,1,No
CUST204344,25,One Year,Standard,Digital Wallet,1,59.07,1399.02,56.1,1,4,1,No
CUST204345,17,Month-to-Month,Basic,Bank Transfer,0,26.9,421.36,29.9,1,2,2,Yes
CUST204346,42,Month-to-Month,Premium,Bank Transfer,1,100.4,4078.71,92.0,2,4,1,No
CUST204347,26,Month-to-Month,Standard,Credit Card,0,59.49,1453.61,47.6,1,5,1,No
CUST204348,21,Month-to-Month,Standard,Credit Card,0,48.61,1001.45,42.2,0,5,0,No
CUST204349,12,Month-to-Month,Standard,Digital Wallet,1,60.67,718.18,65.8,4,3,1,Yes
CUST204350,18,Month-to-Month,Premium,Mailed Check,1,88.67,1492.51,87.4,0,4,1,Yes
CUST204351,16,Month-to-Month,Premium,Bank Transfer,1,94.17,1451.23,74.6,3,2,1,Yes
CUST204352,31,Two Year,Basic,Bank Transfer,1,22.99,658.54,14.5,1,5,1,No
CUST204353,20,One Year,Standard,Mailed Check,0,52.98,1030.7,38.1,1,3,1,No
CUST204354,17,Month-to-Month,Premium,Credit Card,0,90.61,1433.05,67.3,2,4,1,Yes
CUST204355,15,One Year,Premium,Credit Card,0,90.17,1294.91,106.8,1,3,1,Yes
CUST204356,44,Month-to-Month,Basic,Credit Card,0,33.25,1439.16,19.5,1,2,1,No
CUST204357,23,Month-to-Month,Premium,Bank Transfer,0,77.79,1710.25,76.5,0,3,4,Yes
CUST204358,65,Month-to-Month,Standard,Credit Card,0,49.36,3071.01,40.4,0,4,4,No
CUST204359,16,One Year,Premium,Credit Card,1,98.73,1461.53,77.5,2,3,2,No
CUST204360,31,Two Year,Basic,Bank Transfer,0,15.0,462.26,6.6,2,2,1,No
CUST204361,8,Month-to-Month,Basic,Credit Card,0,19.96,156.17,37.2,3,4,2,No
CUST204362,7,Month-to-Month,Basic,Digital Wallet,1,16.69,111.08,52.3,3,3,1,No
CUST204363,18,Month-to-Month,Standard,Bank Transfer,1,45.37,762.89,42.3,1,4,0,No
CUST204364,26,Month-to-Month,Standard,Bank Transfer,1,53.25,1311.64,71.4,0,3,1,No
CUST204365,32,Month-to-Month,Basic,Bank Transfer,1,28.4,872.09,35.9,0,3,0,No
CUST204366,29,Month-to-Month,Premium,Credit Card,0,81.75,2313.83,113.8,2,2,1,Yes
CUST204367,72,Month-to-Month,Premium,Digital Wallet,1,99.16,6932.0,90.9,1,3,0,No
CUST204368,33,Two Year,Standard,Credit Card,1,54.62,1793.42,63.1,3,2,0,Yes
CUST204369,14,Two Year,Basic,Digital Wallet,1,20.26,275.39,18.8,0,2,1,No
CUST204370,39,Month-to-Month,Standard,Bank Transfer,1,52.98,2018.92,62.0,3,4,0,Yes
CUST204371,29,Month-to-Month,Premium,Credit Card,1,94.95,2686.41,92.2,0,4,1,No
CUST204372,23,Two Year,Premium,Credit Card,1,92.27,2013.19,86.6,1,1,3,No
CUST204373,20,One Year,Premium,Credit Card,1,92.85,1801.33,94.4,1,2,0,No
CUST204374,26,Two Year,Standard,Bank Transfer,1,52.8,1300.78,62.1,3,3,0,No
CUST204375,39,Month-to-Month,Basic,Digital Wallet,1,18.63,689.02,41.7,2,4,2,No
CUST204376,17,Month-to-Month,Basic,Bank Transfer,1,28.0,475.07,56.4,1,5,1,Yes
CUST204377,48,Month-to-Month,Standard,Credit Card,0,66.29,3064.33,73.7,1,5,2,No
CUST204378,38,Month-to-Month,Standard,Digital Wallet,1,52.49,1906.66,51.4,1,4,2,No
CUST204379,28,One Year,Standard,Credit Card,1,57.45,1606.22,52.2,2,3,0,No
CUST204380,45,One Year,Premium,Credit Card,1,107.95,4716.35,73.9,3,2,1,No
CUST204381,28,Month-to-Month,Basic,Bank Transfer,1,27.98,782.69,6.8,0,4,2,No
CUST204382,30,One Year,Standard,Digital Wallet,0,47.3,1315.4,51.6,2,3,2,No
CUST204383,20,One Year,Basic,Credit Card,0,24.24,452.56,34.2,0,3,1,No
CUST204384,15,Month-to-Month,Standard,Mailed Check,0,62.28,867.94,54.4,2,3,0,No
CUST204385,15,Month-to-Month,Premium,Credit Card,1,91.16,1315.38,88.5,3,4,1,No
CUST204386,34,Month-to-Month,Standard,Digital Wallet,1,53.26,1674.76,37.7,2,5,3,No
CUST204387,9,One Year,Premium,Bank Transfer,1,86.85,736.78,73.2,2,3,2,No
CUST204388,26,Month-to-Month,Standard,Credit Card,1,51.24,1264.75,80.6,0,2,3,No
CUST204389,21,Two Year,Standard,Mailed Check,1,59.34,1234.86,24.9,1,3,1,No
CUST204390,24,One Year,Basic,Digital Wallet,1,30.11,692.42,13.6,3,4,0,No
CUST204391,15,Month-to-Month,Standard,Bank Transfer,1,54.15,776.14,43.1,1,4,0,Yes
CUST204392,31,One Year,Premium,Credit Card,1,95.43,2808.21,60.0,0,5,2,No
CUST204393,49,One Year,Standard,Credit Card,1,53.99,2542.35,69.2,1,3,3,No
CUST204394,25,Month-to-Month,Standard,Digital Wallet,1,60.26,1452.7,43.2,1,4,0,No
CUST204395,43,One Year,Standard,Bank Transfer,1,66.07,2703.59,58.1,0,3,0,No
CUST204396,42,Two Year,Standard,Digital Wallet,1,55.42,2254.69,56.8,1,3,1,No
CUST204397,72,Month-to-Month,Basic,Bank Transfer,1,16.85,1117.87,36.0,3,4,2,No
CUST204398,44,One Year,Basic,Credit Card,1,30.14,1308.47,26.5,1,4,0,No
CUST204399,67,Month-to-Month,Basic,Credit Card,0,24.52,1634.12,28.3,1,4,1,Yes
CUST204400,15,Month-to-Month,Standard,Digital Wallet,1,50.18,701.49,51.4,0,5,1,Yes
CUST204401,9,Month-to-Month,Premium,Bank Transfer,1,95.12,807.68,97.4,1,5,2,Yes
CUST204402,13,Two Year,Basic,Credit Card,0,24.67,317.76,42.5,3,2,3,No
CUST204403,4,Month-to-Month,Premium,Bank Transfer,0,92.29,360.14,68.6,2,1,0,No
CUST204404,72,Month-to-Month,Basic,Credit Card,1,24.17,1635.95,22.9,2,3,2,No
CUST204405,25,One Year,Premium,Mailed Check,0,104.09,2484.0,91.3,2,2,0,Yes
CUST204406,24,Two Year,Basic,Bank Transfer,1,21.22,476.47,10.3,1,3,1,Yes
CUST204407,26,Two Year,Premium,Bank Transfer,0,99.93,2390.76,83.5,0,3,2,Yes
CUST204408,34,One Year,Premium,Credit Card,0,93.75,3162.53,106.2,1,4,1,No
CUST204409,5,Month-to-Month,Basic,Digital Wallet,0,21.35,103.93,13.7,3,2,0,No
CUST204410,15,Month-to-Month,Standard,Mailed Check,0,63.23,922.06,36.6,2,3,0,Yes
CUST204411,22,Two Year,Standard,Credit Card,1,49.12,1025.77,79.7,0,3,2,No
CUST204412,28,Month-to-Month,Premium,Credit Card,0,101.21,2768.91,68.4,0,5,1,No
CUST204413,15,Month-to-Month,Standard,Bank Transfer,1,52.62,761.93,65.1,1,3,1,No
CUST204414,63,Two Year,Basic,Bank Transfer,1,19.51,1149.31,34.5,0,2,2,Yes
CUST204415,24,Two Year,Standard,Digital Wallet,1,64.37,1468.19,53.4,2,4,4,No
CUST204416,33,One Year,Standard,Bank Transfer,1,62.26,2026.36,35.8,3,2,1,No
CUST204417,11,Month-to-Month,Standard,Credit Card,0,65.45,695.34,50.5,2,4,0,No
CUST204418,25,One Year,Standard,Bank Transfer,0,57.55,1341.27,49.1,0,3,4,No
CUST204419,15,Month-to-Month,Premium,Digital Wallet,0,88.86,1256.25,123.6,2,4,1,No
CUST204420,22,Month-to-Month,Standard,Bank Transfer,0,60.46,1323.43,43.5,0,3,0,No
CUST204421,21,Month-to-Month,Premium,Bank Transfer,1,86.98,1711.41,94.6,3,4,0,Yes
CUST204422,15,Month-to-Month,Standard,Bank Transfer,0,58.43,814.9,63.8,2,3,2,Yes
CUST204423,72,Two Year,Basic,Bank Transfer,1,35.42,2387.43,34.5,1,3,1,No
CUST204424,18,One Year,Standard,Digital Wallet,1,60.89,1030.57,42.4,2,2,0,Yes
CUST204425,18,One Year,Standard,Bank Transfer,0,55.62,950.65,76.6,0,3,2,No
CUST204426,25,One Year,Standard,Credit Card,0,56.34,1334.29,57.8,1,3,0,No
CUST204427,23,Month-to-Month,Basic,Credit Card,1,17.99,402.39,13.0,0,3,0,Yes
CUST204428,7,Month-to-Month,Basic,Credit Card,1,25.2,168.16,43.2,0,4,0,No
CUST204429,11,Month-to-Month,Standard,Credit Card,1,51.69,542.69,75.9,0,2,4,No
CUST204430,51,Two Year,Premium,Mailed Check,1,90.31,4280.99,107.9,1,3,2,No
CUST204431,14,Month-to-Month,Standard,Credit Card,1,56.46,734.08,87.2,1,2,0,Yes
CUST204432,25,Month-to-Month,Standard,Bank Transfer,0,45.49,1064.31,62.8,1,5,2,No
CUST204433,3,Month-to-Month,Standard,Credit Card,1,48.83,142.15,63.2,2,4,0,Yes
CUST204434,56,Month-to-Month,Basic,Bank Transfer,0,23.54,1217.5,16.8,1,4,1,No
CUST204435,10,Month-to-Month,Standard,Digital Wallet,1,56.73,550.16,61.4,2,3,2,No
CUST204436,35,Month-to-Month,Standard,Mailed Check,1,58.56,1999.72,79.0,1,4,2,No
CUST204437,35,Month-to-Month,Premium,Bank Transfer,0,104.25,3385.9,80.3,1,3,1,No
CUST204438,33,Two Year,Premium,Mailed Check,0,96.45,3149.03,104.5,1,3,1,No
CUST204439,36,Month-to-Month,Premium,Credit Card,1,89.54,3133.26,100.3,2,4,0,Yes
CUST204440,12,Month-to-Month,Standard,Digital Wallet,0,52.87,609.67,52.0,2,3,0,Yes
CUST204441,33,One Year,Standard,Credit Card,1,50.21,1599.69,61.9,0,4,1,No
CUST204442,51,One Year,Premium,Credit Card,0,100.43,5010.97,89.9,0,2,2,No
CUST204443,61,One Year,Standard,Bank Transfer,0,54.07,3247.36,64.4,1,3,0,No
CUST204444,31,One Year,Standard,Bank Transfer,0,61.45,1762.62,68.6,3,3,1,No
CUST204445,67,One Year,Standard,Digital Wallet,0,58.54,3656.06,52.5,4,3,2,Yes
CUST204446,19,Month-to-Month,Standard,Mailed Check,0,48.53,866.65,79.8,0,5,3,No
CUST204447,35,One Year,Premium,Digital Wallet,1,96.69,3317.14,84.6,1,4,1,Yes
CUST204448,34,Month-to-Month,Standard,Digital Wallet,1,61.13,2020.12,62.0,0,4,1,No
CUST204449,15,Month-to-Month,Premium,Credit Card,1,90.26,1326.93,81.7,2,3,1,No
CUST204450,15,Month-to-Month,Basic,Credit Card,0,18.16,272.34,20.3,2,4,1,No
CUST204451,38,Month-to-Month,Basic,Credit Card,1,19.42,698.53,37.0,3,2,3,No
CUST204452,22,Two Year,Basic,Credit Card,1,22.69,483.04,8.9,1,4,3,No
CUST204453,25,Month-to-Month,Premium,Bank Transfer,1,92.17,2165.55,122.2,1,3,0,Yes
CUST204454,36,Month-to-Month,Premium,Digital Wallet,0,98.23,3255.83,79.4,2,3,2,No
CUST204455,14,Month-to-Month,Standard,Credit Card,1,59.17,825.37,39.1,3,4,1,Yes
CUST204456,12,One Year,Standard,Credit Card,1,46.89,518.26,35.5,1,3,2,No
CUST204457,71,Month-to-Month,Premium,Mailed Check,1,89.93,6381.74,91.6,1,4,1,No
CUST204458,20,Month-to-Month,Basic,Credit Card,1,26.3,487.45,15.0,3,3,2,No
CUST204459,10,One Year,Basic,Bank Transfer,1,33.15,328.23,50.7,1,3,2,Yes
CUST204460,31,Month-to-Month,Standard,Digital Wallet,1,56.51,1687.22,73.0,0,2,0,No
CUST204461,36,One Year,Standard,Digital Wallet,1,65.11,2165.98,25.6,2,3,2,No
CUST204462,4,Month-to-Month,Standard,Credit Card,1,56.16,220.94,62.9,3,2,1,Yes
CUST204463,22,Month-to-Month,Standard,Bank Transfer,0,62.53,1276.22,59.6,4,3,2,Yes
CUST204464,21,Month-to-Month,Standard,Digital Wallet,1,59.59,1202.66,64.3,1,5,0,Yes
CUST204465,23,Two Year,Standard,Credit Card,1,53.17,1192.0,61.7,1,4,1,No
CUST204466,11,One Year,Standard,Bank Transfer,1,52.1,563.26,68.2,2,3,1,No
CUST204467,7,One Year,Basic,Bank Transfer,0,26.2,178.98,32.5,1,3,0,No
CUST204468,7,Month-to-Month,Premium,Credit Card,1,91.77,641.72,95.8,0,2,0,Yes
CUST204469,19,One Year,Standard,Bank Transfer,1,52.39,980.41,74.4,1,4,1,No
CUST204470,2,Month-to-Month,Basic,Digital Wallet,1,19.33,36.38,41.3,3,4,2,Yes
CUST204471,27,Month-to-Month,Standard,Bank Transfer,1,55.37,1406.98,42.0,0,3,2,No
CUST204472,31,One Year,Basic,Digital Wallet,1,25.68,767.58,28.6,2,1,0,Yes
CUST204473,29,One Year,Standard,Credit Card,0,40.09,1087.56,59.9,3,2,1,No
CUST204474,28,Two Year,Standard,Credit Card,1,54.47,1450.03,61.9,0,3,0,No
CUST204475,39,One Year,Premium,Digital Wallet,1,97.1,3640.77,80.6,3,2,0,No
CUST204476,22,One Year,Basic,Digital Wallet,0,31.36,666.39,17.7,1,4,2,Yes
CUST204477,29,One Year,Premium,Credit Card,0,92.2,2465.5,78.2,1,4,1,No
CUST204478,18,Month-to-Month,Standard,Digital Wallet,0,47.93,806.55,47.9,0,5,1,No
CUST204479,6,Month-to-Month,Basic,Digital Wallet,0,22.79,131.65,35.6,2,2,2,No
CUST204480,17,Two Year,Premium,Credit Card,1,92.79,1495.15,96.0,0,4,0,Yes
CUST204481,10,Two Year,Basic,Bank Transfer,0,20.21,201.94,8.3,0,4,0,No
CUST204482,10,Two Year,Basic,Credit Card,1,21.83,203.23,42.4,4,3,1,No
CUST204483,39,One Year,Standard,Credit Card,1,48.6,1888.82,71.8,1,3,0,No
CUST204484,47,Month-to-Month,Standard,Mailed Check,0,51.27,2357.97,47.7,2,3,1,Yes
CUST204485,12,Month-to-Month,Standard,Digital Wallet,1,58.58,656.39,42.4,2,2,2,No
CUST204486,46,Two Year,Basic,Digital Wallet,1,21.4,943.08,30.2,1,4,1,No
CUST204487,17,Month-to-Month,Standard,Bank Transfer,1,54.74,929.42,79.8,1,4,1,Yes
CUST204488,16,Month-to-Month,Standard,Bank Transfer,0,49.15,780.76,40.7,1,3,1,Yes
CUST204489,25,One Year,Premium,Mailed Check,1,97.52,2254.53,97.4,0,5,1,Yes
CUST204490,38,Month-to-Month,Basic,Bank Transfer,1,41.16,1538.6,28.9,0,1,3,Yes
CUST204491,32,One Year,Standard,Bank Transfer,1,46.06,1381.25,58.0,2,3,1,No
CUST204492,57,Month-to-Month,Standard,Credit Card,1,65.7,3526.85,41.4,1,2,0,Yes
CUST204493,41,One Year,Standard,Digital Wallet,1,50.09,2018.59,85.4,2,4,1,Yes
CUST204494,22,One Year,Standard,Credit Card,0,64.75,1313.33,38.2,2,5,0,No
CUST204495,21,Month-to-Month,Basic,Bank Transfer,1,22.18,451.44,47.2,2,4,0,Yes
CUST204496,59,Month-to-Month,Basic,Credit Card,0,30.5,1790.8,26.6,1,3,0,No
CUST204497,10,Month-to-Month,Standard,Bank Transfer,1,56.91,535.45,53.1,0,3,4,Yes
CUST204498,72,One Year,Premium,Credit Card,0,106.27,7577.4,82.1,0,2,0,No
CUST204499,29,Two Year,Basic,Mailed Check,0,18.51,534.65,4.1,2,3,3,No
CUST204500,13,Month-to-Month,Standard,Credit Card,1,55.76,709.33,47.4,0,3,1,No
CUST204501,7,Month-to-Month,Premium,Mailed Check,1,91.6,618.19,130.9,3,3,0,Yes
CUST204502,31,Month-to-Month,Standard,Credit Card,1,45.79,1398.74,73.0,3,2,0,Yes
CUST204503,47,Month-to-Month,Standard,Bank Transfer,1,49.46,2322.36,59.6,1,2,0,No
CUST204504,62,One Year,Premium,Digital Wallet,1,89.69,5505.36,84.5,0,4,0,No
CUST204505,46,Month-to-Month,Basic,Credit Card,1,30.94,1391.08,27.1,1,5,2,No
CUST204506,55,Two Year,Premium,Bank Transfer,0,84.44,4494.23,93.5,1,4,0,No
CUST204507,36,Month-to-Month,Premium,Bank Transfer,0,94.25,3284.62,88.3,1,3,3,Yes
CUST204508,54,Two Year,Basic,Mailed Check,0,32.93,1728.08,52.8,4,3,1,No
CUST204509,27,Month-to-Month,Standard,Bank Transfer,1,61.72,1663.01,59.7,4,1,0,Yes
CUST204510,4,Month-to-Month,Basic,Digital Wallet,1,27.11,102.19,34.1,2,3,0,Yes
CUST204511,24,Month-to-Month,Basic,Digital Wallet,1,22.55,507.1,34.1,4,4,0,Yes
CUST204512,18,One Year,Standard,Mailed Check,1,55.55,981.47,44.6,4,2,0,Yes
CUST204513,17,Month-to-Month,Standard,Digital Wallet,1,58.06,939.82,47.4,3,4,1,No
CUST204514,25,Month-to-Month,Standard,Credit Card,0,58.41,1362.26,64.8,0,4,0,No
CUST204515,7,Month-to-Month,Basic,Credit Card,1,29.39,200.68,2.0,2,3,1,Yes
CUST204516,20,Two Year,Standard,Mailed Check,1,56.98,1109.35,71.7,2,4,0,No
CUST204517,36,One Year,Premium,Mailed Check,0,97.77,3438.97,98.6,1,5,0,No
CUST204518,13,Month-to-Month,Basic,Bank Transfer,1,30.01,361.65,45.3,3,2,2,No
CUST204519,20,Two Year,Standard,Credit Card,0,65.11,1200.96,46.2,2,1,2,Yes
CUST204520,27,Two Year,Standard,Digital Wallet,0,45.2,1182.78,48.7,4,4,1,No
CUST204521,35,Month-to-Month,Premium,Bank Transfer,0,93.19,3138.7,81.8,1,5,2,No
CUST204522,38,Month-to-Month,Basic,Credit Card,0,26.14,955.91,22.9,3,4,3,Yes
CUST204523,24,One Year,Premium,Mailed Check,1,95.29,2265.79,88.0,4,2,1,Yes
CUST204524,36,Two Year,Standard,Bank Transfer,1,59.1,1978.6,80.8,2,3,1,Yes
CUST204525,13,One Year,Basic,Credit Card,0,26.73,329.29,20.8,1,5,1,No
CUST204526,38,Two Year,Basic,Credit Card,1,30.76,1095.21,37.9,4,3,3,No
CUST204527,56,Month-to-Month,Premium,Mailed Check,1,98.49,5292.42,118.0,1,4,2,No
CUST204528,1,Month-to-Month,Basic,Bank Transfer,1,18.47,17.75,19.5,0,5,1,No
CUST204529,18,Month-to-Month,Standard,Credit Card,0,47.65,832.83,63.2,1,3,1,Yes
CUST204530,45,Month-to-Month,Basic,Bank Transfer,1,23.27,998.26,20.8,2,3,2,No
CUST204531,47,One Year,Standard,Digital Wallet,0,52.17,2372.81,60.5,0,5,1,No
CUST204532,27,Two Year,Standard,Bank Transfer,1,56.65,1463.75,54.7,2,4,3,No
CUST204533,13,Month-to-Month,Premium,Credit Card,0,105.9,1368.12,95.1,3,3,1,Yes
CUST204534,19,One Year,Basic,Bank Transfer,0,29.7,538.22,6.8,0,4,0,No
CUST204535,35,Month-to-Month,Standard,Digital Wallet,1,49.32,1657.42,62.4,0,3,2,Yes
CUST204536,48,Month-to-Month,Basic,Mailed Check,1,18.96,908.18,2.0,2,1,4,No
CUST204537,37,Month-to-Month,Standard,Credit Card,1,52.53,1888.95,38.2,0,4,3,No
CUST204538,18,One Year,Premium,Credit Card,1,89.65,1591.84,81.3,0,4,2,No
CUST204539,15,Two Year,Standard,Bank Transfer,1,60.19,893.15,52.9,2,4,1,No
CUST204540,11,Month-to-Month,Premium,Credit Card,0,90.24,981.39,108.9,1,3,1,Yes
CUST204541,31,Month-to-Month,Basic,Digital Wallet,1,28.55,836.91,35.4,4,2,1,Yes
CUST204542,20,Two Year,Premium,Digital Wallet,1,108.37,2112.97,91.7,2,3,1,No
CUST204543,32,Month-to-Month,Basic,Digital Wallet,1,24.23,759.08,23.3,1,4,0,No
CUST204544,22,One Year,Standard,Bank Transfer,0,54.68,1118.12,34.8,1,3,0,No
CUST204545,41,One Year,Standard,Credit Card,1,50.58,1946.23,60.4,1,4,0,No
CUST204546,50,Month-to-Month,Basic,Bank Transfer,1,30.03,1448.79,23.9,2,3,1,No
CUST204547,36,Month-to-Month,Premium,Credit Card,0,96.88,3251.36,99.3,1,4,3,No
CUST204548,13,Month-to-Month,Standard,Bank Transfer,1,60.04,728.48,74.0,3,4,1,No
CUST204549,18,Month-to-Month,Premium,Digital Wallet,1,107.83,1794.96,96.8,1,1,0,Yes
CUST204550,12,Month-to-Month,Premium,Digital Wallet,0,92.53,1043.49,55.7,2,3,0,Yes
CUST204551,14,One Year,Standard,Credit Card,1,46.73,603.91,67.9,0,3,1,No
CUST204552,20,One Year,Standard,Digital Wallet,1,46.34,883.41,56.8,2,4,0,No
CUST204553,13,Month-to-Month,Basic,Digital Wallet,1,22.58,290.65,42.6,2,4,1,No
CUST204554,20,Month-to-Month,Standard,Bank Transfer,1,51.53,962.84,33.8,1,4,1,No
CUST204555,64,Month-to-Month,Standard,Bank Transfer,1,52.01,3104.15,51.1,1,3,0,No
CUST204556,13,Two Year,Standard,Bank Transfer,0,59.58,730.37,57.8,0,4,1,Yes
CUST204557,18,Month-to-Month,Standard,Digital Wallet,1,56.93,996.6,63.1,0,4,2,No
CUST204558,26,Month-to-Month,Standard,Mailed Check,1,50.52,1271.17,72.2,0,3,4,No
CUST204559,16,Month-to-Month,Premium,Credit Card,0,85.36,1272.94,57.2,0,2,1,Yes
CUST204560,20,Month-to-Month,Standard,Mailed Check,0,48.34,914.81,75.3,1,3,2,No
CUST204561,42,One Year,Standard,Digital Wallet,0,58.32,2305.23,55.0,0,3,0,No
CUST204562,15,Month-to-Month,Basic,Bank Transfer,1,15.0,208.63,48.8,3,2,0,Yes
CUST204563,42,One Year,Premium,Credit Card,1,95.32,3722.1,108.5,2,3,2,No
CUST204564,24,Month-to-Month,Basic,Credit Card,0,34.65,812.94,17.0,0,4,2,No
CUST204565,27,Two Year,Standard,Digital Wallet,1,64.11,1673.17,70.0,3,4,2,No
CUST204566,21,One Year,Basic,Bank Transfer,0,25.28,493.55,9.6,2,3,0,No
CUST204567,53,Month-to-Month,Standard,Bank Transfer,0,49.0,2526.33,55.8,3,5,0,No
CUST204568,68,Month-to-Month,Premium,Digital Wallet,1,93.15,5844.11,89.0,5,4,0,No
CUST204569,17,Month-to-Month,Premium,Credit Card,1,88.35,1398.24,102.3,1,4,0,No
CUST204570,26,Two Year,Standard,Credit Card,1,65.33,1572.37,44.1,1,4,2,No
CUST204571,61,Two Year,Basic,Digital Wallet,0,30.92,1758.79,24.3,0,4,0,No
CUST204572,52,Month-to-Month,Standard,Digital Wallet,1,57.98,2787.92,44.7,3,2,3,No
CUST204573,54,Month-to-Month,Premium,Mailed Check,1,98.65,5221.45,93.7,1,3,0,Yes
CUST204574,22,One Year,Basic,Mailed Check,1,15.0,328.18,44.2,1,3,0,Yes
CUST204575,43,Month-to-Month,Basic,Digital Wallet,0,21.67,920.77,30.1,1,3,2,No
CUST204576,35,Month-to-Month,Standard,Mailed Check,0,70.29,2431.75,81.3,2,4,3,No
CUST204577,29,One Year,Standard,Credit Card,1,47.89,1308.62,65.3,1,2,1,No
CUST204578,37,Month-to-Month,Standard,Mailed Check,1,54.16,1951.87,33.8,1,4,2,No
CUST204579,60,Two Year,Standard,Credit Card,0,55.48,3226.72,64.8,2,5,1,No
CUST204580,27,Month-to-Month,Standard,Digital Wallet,1,61.54,1615.09,60.0,0,3,2,Yes
CUST204581,19,Month-to-Month,Standard,Bank Transfer,1,46.97,828.77,47.0,3,4,1,No
CUST204582,16,One Year,Premium,Bank Transfer,0,94.94,1418.11,97.4,2,3,2,No
CUST204583,49,Two Year,Standard,Digital Wallet,1,66.24,3179.42,34.2,2,5,0,No
CUST204584,24,Month-to-Month,Standard,Digital Wallet,1,48.49,1140.77,42.3,2,4,0,No
CUST204585,24,Month-to-Month,Premium,Credit Card,1,101.76,2425.07,101.9,1,2,1,Yes
CUST204586,50,Month-to-Month,Standard,Digital Wallet,0,45.2,2178.26,51.5,2,2,4,No
CUST204587,9,One Year,Standard,Bank Transfer,0,61.94,525.11,61.0,1,4,1,No
CUST204588,42,One Year,Premium,Digital Wallet,1,92.76,3662.43,117.5,1,3,0,No
CUST204589,54,One Year,Standard,Bank Transfer,1,50.82,2584.84,53.9,0,4,1,No
CUST204590,24,Two Year,Standard,Bank Transfer,1,56.12,1323.51,54.6,0,3,0,No
CUST204591,29,One Year,Basic,Bank Transfer,0,36.7,1017.47,16.7,3,4,0,No
CUST204592,23,Month-to-Month,Standard,Credit Card,1,46.25,994.9,65.8,1,2,2,No
CUST204593,14,Two Year,Premium,Mailed Check,0,96.24,1345.99,61.5,3,3,1,No
CUST204594,14,Two Year,Basic,Credit Card,1,30.27,415.87,2.0,1,4,2,No
CUST204595,47,One Year,Premium,Credit Card,0,97.53,4494.06,89.7,0,5,1,No
CUST204596,3,One Year,Standard,Bank Transfer,0,58.34,171.62,67.6,2,3,0,No
CUST204597,39,Two Year,Standard,Credit Card,0,42.75,1637.77,49.5,1,3,0,Yes
CUST204598,9,Month-to-Month,Standard,Mailed Check,1,56.1,490.39,45.2,7,3,1,No
CUST204599,14,One Year,Basic,Digital Wallet,1,31.21,407.63,15.1,2,3,0,No
CUST204600,14,Month-to-Month,Standard,Digital Wallet,1,63.92,870.59,55.2,0,4,1,No
CUST204601,9,Month-to-Month,Basic,Bank Transfer,0,19.31,169.18,48.4,1,5,0,No
CUST204602,21,Two Year,Basic,Credit Card,1,33.85,675.81,22.7,0,3,2,No
CUST204603,31,Month-to-Month,Standard,Credit Card,0,46.43,1359.52,58.8,1,4,1,Yes
CUST204604,18,Month-to-Month,Standard,Credit Card,1,56.27,1011.01,37.7,1,2,1,Yes
CUST204605,10,Month-to-Month,Basic,Credit Card,1,22.65,211.4,31.7,1,5,5,No
CUST204606,20,Month-to-Month,Basic,Digital Wallet,1,15.0,280.16,2.0,1,3,1,Yes
CUST204607,24,Month-to-Month,Standard,Credit Card,0,62.47,1481.54,60.8,0,4,1,No
CUST204608,72,Month-to-Month,Premium,Credit Card,1,104.22,7083.31,88.0,1,3,0,No
CUST204609,24,Two Year,Standard,Bank Transfer,1,56.97,1334.6,59.6,3,3,0,No
CUST204610,24,Month-to-Month,Standard,Bank Transfer,1,54.19,1207.39,64.0,1,3,0,Yes
CUST204611,13,Month-to-Month,Premium,Bank Transfer,1,106.51,1367.53,67.5,0,3,0,Yes
CUST204612,21,Two Year,Premium,Bank Transfer,1,96.23,1931.51,115.3,1,4,1,No
CUST204613,4,Month-to-Month,Standard,Credit Card,1,56.32,209.38,51.5,1,3,1,No
CUST204614,27,Month-to-Month,Premium,Bank Transfer,1,96.87,2493.05,73.7,3,5,2,No
CUST204615,19,Month-to-Month,Standard,Credit Card,1,56.65,1062.01,64.7,0,4,0,Yes
CUST204616,23,Month-to-Month,Premium,Bank Transfer,0,102.69,2229.25,73.0,3,2,1,Yes
CUST204617,15,Two Year,Basic,Credit Card,0,24.58,346.15,38.9,3,4,2,No
CUST204618,44,Month-to-Month,Premium,Digital Wallet,0,93.9,3918.86,94.7,0,3,1,Yes
CUST204619,60,Month-to-Month,Basic,Bank Transfer,1,17.16,992.77,23.1,1,4,1,No
CUST204620,33,One Year,Basic,Digital Wallet,1,31.4,974.81,37.6,0,4,2,No
CUST204621,56,Month-to-Month,Standard,Credit Card,1,48.74,2600.54,76.0,1,4,2,No
CUST204622,11,Month-to-Month,Standard,Mailed Check,1,60.26,656.5,27.3,1,2,0,Yes
CUST204623,23,One Year,Standard,Bank Transfer,1,50.68,1113.29,87.0,1,3,1,Yes
CUST204624,19,Month-to-Month,Standard,Mailed Check,1,55.11,983.55,34.4,0,4,0,No
CUST204625,24,Month-to-Month,Standard,Digital Wallet,1,60.78,1432.96,35.5,0,5,2,No
CUST204626,13,Month-to-Month,Standard,Credit Card,1,62.74,805.4,31.4,1,4,1,Yes
CUST204627,42,Month-to-Month,Basic,Credit Card,0,25.26,1002.61,6.8,2,4,1,No
CUST204628,19,One Year,Basic,Credit Card,1,28.87,523.0,19.1,2,3,1,No
CUST204629,72,One Year,Standard,Bank Transfer,0,54.24,3707.55,48.8,2,3,1,No
CUST204630,28,Month-to-Month,Basic,Credit Card,1,17.45,453.91,16.8,1,3,0,Yes
CUST204631,17,Month-to-Month,Standard,Mailed Check,1,44.42,711.14,41.4,1,4,1,No
CUST204632,23,One Year,Standard,Bank Transfer,0,58.66,1283.89,59.8,1,4,1,No
CUST204633,10,Two Year,Basic,Digital Wallet,1,25.91,256.79,38.2,0,3,0,No
CUST204634,10,Month-to-Month,Standard,Bank Transfer,1,53.94,499.73,62.9,2,3,0,Yes
CUST204635,15,Month-to-Month,Premium,Bank Transfer,0,70.31,1018.75,100.4,2,3,1,Yes
CUST204636,72,Month-to-Month,Basic,Credit Card,1,33.15,2232.87,23.6,1,3,0,No
CUST204637,35,One Year,Premium,Bank Transfer,1,97.35,3320.77,106.4,3,4,2,No
CUST204638,31,Month-to-Month,Standard,Digital Wallet,1,46.83,1404.97,77.2,1,3,0,No
CUST204639,36,Month-to-Month,Basic,Bank Transfer,1,16.91,568.07,3.8,1,4,1,Yes
CUST204640,21,Month-to-Month,Standard,Digital Wallet,0,55.91,1164.24,50.5,0,3,0,Yes
CUST204641,72,Month-to-Month,Standard,Bank Transfer,1,54.49,3775.14,47.7,0,4,1,No
CUST204642,42,One Year,Basic,Bank Transfer,1,28.69,1120.63,26.6,1,4,1,No
CUST204643,16,Month-to-Month,Premium,Credit Card,1,104.15,1555.66,74.1,0,5,1,No
CUST204644,72,Month-to-Month,Standard,Digital Wallet,1,54.37,3668.21,54.8,2,5,2,Yes
CUST204645,10,Two Year,Basic,Digital Wallet,0,21.15,210.33,13.3,0,2,0,No
CUST204646,15,Month-to-Month,Standard,Digital Wallet,0,51.5,735.66,69.1,4,4,1,Yes
CUST204647,36,Month-to-Month,Basic,Digital Wallet,1,23.19,789.15,34.2,4,2,0,Yes
CUST204648,1,One Year,Premium,Bank Transfer,1,85.65,82.58,71.5,3,3,2,Yes
CUST204649,53,One Year,Standard,Mailed Check,1,59.73,3055.72,39.3,3,4,1,Yes
CUST204650,72,Month-to-Month,Premium,Credit Card,0,94.14,6585.23,138.1,0,4,3,No
CUST204651,22,Two Year,Standard,Digital Wallet,1,46.78,980.02,53.8,2,3,1,Yes
CUST204652,34,Month-to-Month,Basic,Bank Transfer,1,25.53,814.22,17.5,0,5,2,No
CUST204653,37,Month-to-Month,Premium,Mailed Check,0,97.92,3408.4,86.5,1,5,2,No
CUST204654,28,Two Year,Basic,Bank Transfer,0,41.23,1131.36,46.3,3,3,0,No
CUST204655,32,Month-to-Month,Premium,Bank Transfer,0,92.24,2803.43,110.9,1,4,2,Yes
CUST204656,34,Month-to-Month,Basic,Credit Card,1,24.57,826.9,22.7,1,5,3,No
CUST204657,20,Month-to-Month,Premium,Bank Transfer,1,86.02,1592.33,112.5,2,3,2,Yes
CUST204658,41,Two Year,Premium,Mailed Check,0,92.91,3688.17,77.5,3,3,1,No
CUST204659,34,Month-to-Month,Standard,Digital Wallet,0,59.88,1955.29,57.5,3,3,1,Yes
CUST204660,72,Month-to-Month,Basic,Digital Wallet,1,20.23,1345.53,3.6,0,3,0,No
CUST204661,15,One Year,Standard,Mailed Check,1,64.35,951.03,71.7,0,3,0,No
CUST204662,58,Month-to-Month,Premium,Digital Wallet,1,100.13,5504.53,101.4,2,3,1,No
CUST204663,17,Month-to-Month,Premium,Credit Card,0,98.26,1667.17,59.6,4,4,0,Yes
CUST204664,56,One Year,Basic,Credit Card,1,16.6,926.58,27.8,0,4,0,Yes
CUST204665,4,Month-to-Month,Premium,Credit Card,0,93.32,344.22,108.1,3,1,0,Yes
CUST204666,7,Month-to-Month,Standard,Mailed Check,1,58.55,391.36,68.9,0,2,1,No
CUST204667,18,One Year,Standard,Digital Wallet,1,49.74,860.13,55.4,2,3,0,No
CUST204668,31,One Year,Standard,Mailed Check,0,59.91,1834.14,64.7,1,3,1,Yes
CUST204669,25,Month-to-Month,Standard,Credit Card,0,51.14,1234.13,89.4,2,4,0,No
CUST204670,44,Month-to-Month,Standard,Digital Wallet,1,57.53,2338.09,61.9,0,3,1,No
CUST204671,34,Month-to-Month,Premium,Bank Transfer,0,92.63,3127.39,106.1,3,3,0,Yes
CUST204672,19,Month-to-Month,Premium,Credit Card,1,103.37,1807.81,95.0,2,2,1,Yes
CUST204673,24,One Year,Premium,Bank Transfer,1,87.37,1977.05,120.8,1,3,0,No
CUST204674,26,Two Year,Premium,Credit Card,0,96.69,2439.65,98.3,1,4,2,No
CUST204675,15,Month-to-Month,Premium,Credit Card,1,90.74,1270.31,57.9,0,4,4,Yes
CUST204676,24,Month-to-Month,Premium,Credit Card,1,96.65,2316.04,95.8,1,4,0,No
CUST204677,34,One Year,Basic,Bank Transfer,1,28.69,972.8,43.5,1,3,0,No
CUST204678,19,Month-to-Month,Standard,Credit Card,1,43.33,785.48,60.9,1,4,3,No
CUST204679,38,Month-to-Month,Premium,Bank Transfer,0,98.81,3671.38,85.0,2,3,1,No
CUST204680,70,Month-to-Month,Basic,Credit Card,1,31.51,2194.04,25.1,1,3,0,No
CUST204681,38,Two Year,Premium,Digital Wallet,0,96.64,3603.09,88.2,1,2,1,No
CUST204682,14,One Year,Basic,Digital Wallet,0,20.66,281.1,26.0,1,3,2,No
CUST204683,41,Month-to-Month,Standard,Credit Card,1,58.28,2358.32,32.6,2,3,2,Yes
CUST204684,20,Two Year,Basic,Digital Wallet,1,26.98,497.84,28.2,3,4,1,No
CUST204685,3,Month-to-Month,Standard,Credit Card,0,58.26,173.56,69.5,3,3,3,No
CUST204686,13,Month-to-Month,Standard,Credit Card,1,56.56,720.55,59.1,1,5,0,No
CUST204687,42,One Year,Premium,Bank Transfer,1,89.39,3497.58,65.8,1,3,1,No
CUST204688,60,Month-to-Month,Premium,Mailed Check,1,96.68,5593.85,71.2,1,3,1,No
CUST204689,44,One Year,Standard,Credit Card,0,39.15,1635.85,45.3,3,2,1,No
CUST204690,13,Month-to-Month,Premium,Bank Transfer,0,94.91,1144.08,105.5,1,3,2,No
CUST204691,42,Month-to-Month,Premium,Credit Card,1,93.49,3857.17,84.9,1,3,1,No
CUST204692,44,Month-to-Month,Premium,Mailed Check,1,90.76,3879.98,84.6,2,3,2,No
CUST204693,21,One Year,Basic,Credit Card,1,24.95,497.69,39.4,2,4,0,No
CUST204694,11,Month-to-Month,Premium,Bank Transfer,1,91.52,966.43,84.9,4,2,2,No
CUST204695,17,Month-to-Month,Standard,Digital Wallet,0,50.12,826.69,45.1,1,3,0,No
CUST204696,29,One Year,Basic,Credit Card,1,19.24,551.8,25.8,1,4,1,No
CUST204697,51,Month-to-Month,Standard,Credit Card,0,47.37,2381.8,46.0,3,3,0,Yes
CUST204698,38,Two Year,Standard,Credit Card,1,45.31,1714.14,78.7,1,4,2,No
CUST204699,14,One Year,Standard,Bank Transfer,1,56.09,767.47,63.9,1,4,1,No
CUST204700,1,Two Year,Standard,Digital Wallet,1,49.23,45.76,55.8,2,2,0,Yes
CUST204701,18,Month-to-Month,Standard,Bank Transfer,1,63.46,1128.22,13.1,2,3,1,Yes
CUST204702,37,One Year,Standard,Mailed Check,1,55.26,1978.81,77.1,0,4,4,No
CUST204703,6,Two Year,Basic,Credit Card,0,22.87,133.2,58.8,0,1,1,No
CUST204704,32,One Year,Standard,Digital Wallet,1,54.09,1636.51,49.1,0,3,1,No
CUST204705,67,Month-to-Month,Basic,Bank Transfer,1,24.41,1568.59,21.2,0,3,0,No
CUST204706,30,One Year,Basic,Bank Transfer,1,21.85,617.55,32.9,0,4,3,No
CUST204707,52,One Year,Premium,Credit Card,0,89.15,4601.4,109.6,0,4,0,No
CUST204708,22,Month-to-Month,Standard,Digital Wallet,0,52.25,1146.63,52.6,2,5,1,No
CUST204709,66,One Year,Standard,Digital Wallet,0,64.35,4062.13,62.0,1,4,1,No
CUST204710,31,Month-to-Month,Premium,Mailed Check,0,99.8,3056.45,94.0,3,4,0,No
CUST204711,53,Month-to-Month,Premium,Digital Wallet,1,99.19,4982.31,92.3,1,5,0,No
CUST204712,20,Month-to-Month,Premium,Credit Card,1,103.77,1965.22,83.1,1,4,1,No
CUST204713,23,Month-to-Month,Basic,Credit Card,1,31.18,706.51,24.3,2,3,0,Yes
CUST204714,15,Two Year,Basic,Digital Wallet,1,20.64,292.4,6.3,1,2,2,Yes
CUST204715,10,Month-to-Month,Standard,Mailed Check,0,61.41,592.81,55.2,0,4,2,Yes
CUST204716,47,Two Year,Premium,Credit Card,0,96.82,4264.93,75.2,1,4,1,No
CUST204717,30,Month-to-Month,Basic,Credit Card,0,22.71,647.64,45.7,0,5,0,No
CUST204718,38,Month-to-Month,Standard,Credit Card,1,64.3,2406.49,60.6,2,3,0,Yes
CUST204719,55,Month-to-Month,Premium,Credit Card,1,95.72,4918.26,87.3,1,5,3,No
CUST204720,57,One Year,Premium,Credit Card,1,84.95,4757.7,105.2,1,2,0,No
CUST204721,19,One Year,Basic,Credit Card,1,28.17,513.12,21.1,1,5,2,No
CUST204722,50,Month-to-Month,Standard,Credit Card,1,46.07,2190.26,46.5,1,3,2,Yes
CUST204723,43,Month-to-Month,Standard,Credit Card,1,50.16,2139.51,68.1,1,4,2,Yes
CUST204724,38,Month-to-Month,Basic,Credit Card,0,20.3,743.2,24.9,1,4,1,No
CUST204725,30,Month-to-Month,Standard,Digital Wallet,1,59.3,1667.62,51.6,2,1,0,No
CUST204726,15,Month-to-Month,Basic,Bank Transfer,1,31.86,472.33,27.4,1,4,1,Yes
CUST204727,53,Month-to-Month,Standard,Credit Card,1,54.71,2877.4,58.0,0,3,1,No
CUST204728,23,Two Year,Standard,Digital Wallet,1,45.82,973.0,47.2,0,3,1,No
CUST204729,34,One Year,Basic,Bank Transfer,1,21.95,728.91,27.1,3,2,2,No
CUST204730,30,Month-to-Month,Basic,Mailed Check,0,20.05,571.42,3.4,1,4,0,No
CUST204731,37,One Year,Basic,Digital Wallet,0,24.3,864.1,34.2,2,3,0,No
CUST204732,33,Month-to-Month,Premium,Credit Card,1,93.63,2889.16,118.2,2,3,1,Yes
CUST204733,72,Month-to-Month,Standard,Bank Transfer,0,58.3,3963.61,65.1,1,4,2,No
CUST204734,25,Month-to-Month,Premium,Bank Transfer,1,99.45,2432.44,116.2,1,3,2,No
CUST204735,16,One Year,Premium,Bank Transfer,1,96.84,1460.23,65.0,0,4,2,No
CUST204736,34,One Year,Standard,Digital Wallet,0,55.72,1801.92,83.8,4,2,2,No
CUST204737,32,Month-to-Month,Standard,Credit Card,0,45.41,1445.06,40.8,1,4,2,No
CUST204738,72,Month-to-Month,Standard,Mailed Check,1,63.59,4242.66,67.1,2,4,0,No
CUST204739,15,One Year,Standard,Credit Card,1,50.53,711.42,64.8,2,4,2,No
CUST204740,31,Month-to-Month,Premium,Digital Wallet,1,86.62,2537.19,70.2,1,3,0,No
CUST204741,5,One Year,Standard,Digital Wallet,1,50.13,240.22,50.0,0,3,1,No
CUST204742,22,One Year,Standard,Credit Card,0,42.73,885.97,65.2,2,4,3,No
CUST204743,29,Month-to-Month,Premium,Mailed Check,0,99.15,2764.27,77.7,1,4,1,No
CUST204744,16,Month-to-Month,Standard,Digital Wallet,1,53.0,788.95,67.3,0,3,0,No
CUST204745,20,Month-to-Month,Premium,Bank Transfer,1,102.3,1963.77,102.0,5,5,1,No
CUST204746,72,Month-to-Month,Standard,Digital Wallet,1,61.79,4245.3,57.5,3,4,2,No
CUST204747,23,One Year,Standard,Credit Card,1,65.21,1414.91,80.2,0,4,0,No
CUST204748,8,One Year,Standard,Bank Transfer,0,47.84,355.01,67.4,1,3,0,No
CUST204749,30,Month-to-Month,Basic,Bank Transfer,0,26.19,754.88,48.8,0,4,0,No
CUST204750,34,Month-to-Month,Standard,Digital Wallet,0,58.47,1949.96,28.9,0,4,0,No
CUST204751,33,One Year,Standard,Bank Transfer,0,53.63,1734.86,90.9,0,5,1,Yes
CUST204752,21,Two Year,Basic,Credit Card,0,28.25,557.28,48.8,1,1,0,No
CUST204753,21,Month-to-Month,Standard,Digital Wallet,1,56.34,1168.6,27.8,1,2,2,Yes
CUST204754,32,Month-to-Month,Basic,Digital Wallet,1,21.08,672.46,65.2,4,3,1,No
CUST204755,22,Two Year,Standard,Credit Card,1,54.93,1150.01,53.5,2,2,0,No
CUST204756,22,Two Year,Premium,Bank Transfer,1,95.49,2050.81,106.3,1,3,0,No
CUST204757,14,One Year,Standard,Credit Card,1,41.89,573.37,52.3,2,4,0,No
CUST204758,17,Month-to-Month,Standard,Mailed Check,1,56.66,912.81,85.9,0,4,1,Yes
CUST204759,26,Month-to-Month,Standard,Credit Card,0,48.13,1198.03,44.6,3,3,0,Yes
CUST204760,55,Month-to-Month,Standard,Bank Transfer,1,49.36,2655.45,40.2,0,3,0,No
CUST204761,5,Month-to-Month,Standard,Digital Wallet,1,55.8,260.14,64.9,1,5,2,No
CUST204762,30,Month-to-Month,Basic,Digital Wallet,0,24.72,721.5,34.5,2,2,0,Yes
CUST204763,28,Month-to-Month,Standard,Bank Transfer,1,62.32,1685.21,49.7,2,3,0,No
CUST204764,34,Month-to-Month,Standard,Bank Transfer,0,56.54,1888.84,44.4,3,3,0,Yes
CUST204765,11,Month-to-Month,Basic,Digital Wallet,1,15.0,155.59,31.9,4,4,0,No
CUST204766,72,Month-to-Month,Basic,Digital Wallet,1,22.75,1592.83,6.0,1,4,2,No
CUST204767,23,One Year,Standard,Bank Transfer,1,56.72,1272.13,55.4,0,5,2,No
CUST204768,13,Month-to-Month,Standard,Bank Transfer,1,48.37,601.13,68.5,2,4,1,No
CUST204769,6,Month-to-Month,Standard,Mailed Check,0,59.77,336.29,71.1,1,5,0,No
CUST204770,44,One Year,Basic,Mailed Check,1,22.95,990.78,44.8,1,3,0,No
CUST204771,11,Month-to-Month,Standard,Credit Card,1,57.12,580.83,52.1,4,3,0,No
CUST204772,72,Month-to-Month,Premium,Bank Transfer,1,88.03,6155.47,112.6,1,4,1,No
CUST204773,11,Month-to-Month,Standard,Bank Transfer,1,54.52,586.38,39.0,0,3,0,No
CUST204774,38,Month-to-Month,Premium,Credit Card,1,94.64,3537.66,113.4,1,4,1,No
CUST204775,45,Month-to-Month,Standard,Digital Wallet,1,58.39,2583.17,63.8,0,4,0,No
CUST204776,32,Month-to-Month,Standard,Credit Card,1,64.61,2059.47,65.9,3,4,1,No
CUST204777,38,Month-to-Month,Basic,Credit Card,1,15.82,576.71,13.6,1,4,1,No
CUST204778,19,Month-to-Month,Premium,Bank Transfer,1,101.83,1849.88,101.8,1,3,1,No
CUST204779,21,Month-to-Month,Basic,Credit Card,1,27.31,566.13,20.5,3,2,0,Yes
CUST204780,23,One Year,Standard,Credit Card,1,63.02,1430.06,67.6,1,4,1,No
CUST204781,42,Two Year,Premium,Digital Wallet,0,99.96,4074.84,101.9,1,3,1,No
CUST204782,27,One Year,Basic,Digital Wallet,0,28.52,721.99,27.0,3,3,0,No
CUST204783,14,One Year,Standard,Credit Card,1,61.84,816.49,69.8,5,2,0,Yes
CUST204784,58,Month-to-Month,Standard,Mailed Check,0,51.95,2837.21,69.4,1,4,1,Yes
CUST204785,16,Month-to-Month,Standard,Credit Card,0,44.15,661.13,49.9,2,2,3,Yes
CUST204786,30,Month-to-Month,Premium,Credit Card,1,90.0,2619.92,90.1,1,1,1,Yes
CUST204787,47,Two Year,Premium,Digital Wallet,1,91.44,4019.5,89.9,4,2,2,No
CUST204788,18,Month-to-Month,Basic,Bank Transfer,0,30.32,534.74,39.6,1,3,0,Yes
CUST204789,12,One Year,Standard,Digital Wallet,1,51.48,610.09,54.0,4,3,1,Yes
CUST204790,16,One Year,Premium,Bank Transfer,1,89.54,1427.78,80.1,0,4,0,No
CUST204791,25,Month-to-Month,Basic,Credit Card,0,28.29,699.94,33.3,2,5,1,No
CUST204792,10,Two Year,Basic,Credit Card,1,26.89,256.12,38.7,2,4,0,No
CUST204793,32,Month-to-Month,Standard,Credit Card,0,55.81,1781.6,47.6,1,4,1,Yes
CUST204794,26,Month-to-Month,Basic,Digital Wallet,1,25.99,663.37,34.2,2,3,1,Yes
CUST204795,22,Two Year,Basic,Credit Card,0,21.3,441.22,37.6,0,5,1,No
CUST204796,29,One Year,Premium,Digital Wallet,1,104.14,2933.14,97.2,1,5,0,No
CUST204797,17,Month-to-Month,Premium,Bank Transfer,1,88.29,1498.06,74.6,0,5,0,No
CUST204798,10,Month-to-Month,Premium,Bank Transfer,0,103.04,973.13,115.0,0,3,1,Yes
CUST204799,63,One Year,Standard,Bank Transfer,1,47.2,2874.49,66.9,3,4,2,No
CUST204800,21,One Year,Basic,Digital Wallet,0,28.57,588.18,2.0,2,4,2,No
CUST204801,11,Month-to-Month,Standard,Credit Card,1,50.43,552.84,40.5,1,3,3,Yes
CUST204802,54,Two Year,Basic,Mailed Check,1,20.38,1057.82,36.6,1,3,3,No
CUST204803,29,Month-to-Month,Basic,Credit Card,1,20.81,573.72,23.9,1,3,0,No
CUST204804,32,One Year,Premium,Credit Card,1,92.24,2861.33,120.3,1,4,3,No
CUST204805,37,Month-to-Month,Standard,Bank Transfer,0,65.15,2311.75,45.3,4,4,2,No
CUST204806,36,Month-to-Month,Standard,Digital Wallet,0,47.97,1709.92,57.0,2,1,2,Yes
CUST204807,9,Month-to-Month,Standard,Bank Transfer,0,54.64,480.55,52.9,0,3,1,Yes
CUST204808,49,Month-to-Month,Standard,Bank Transfer,1,59.06,2844.8,37.3,1,5,0,No
CUST204809,22,Month-to-Month,Standard,Bank Transfer,0,55.82,1203.31,34.1,1,3,3,Yes
CUST204810,36,Month-to-Month,Standard,Credit Card,0,44.77,1603.46,43.3,0,4,4,No
CUST204811,22,Month-to-Month,Basic,Digital Wallet,1,20.36,428.37,5.4,0,3,1,No
CUST204812,33,Two Year,Standard,Mailed Check,1,62.9,2042.77,74.3,0,4,0,No
CUST204813,11,Month-to-Month,Premium,Credit Card,0,83.83,863.86,86.6,0,2,0,Yes
CUST204814,21,Month-to-Month,Standard,Mailed Check,1,48.82,1001.55,37.2,0,4,1,No
CUST204815,39,Month-to-Month,Basic,Bank Transfer,1,19.96,757.8,32.4,1,2,1,No
CUST204816,6,Month-to-Month,Premium,Bank Transfer,1,103.47,594.96,100.7,1,5,2,No
CUST204817,11,Month-to-Month,Standard,Digital Wallet,0,56.98,588.36,74.2,2,2,2,No
CUST204818,51,Month-to-Month,Premium,Mailed Check,0,96.9,4557.29,102.3,3,5,1,No
CUST204819,72,Month-to-Month,Basic,Bank Transfer,1,24.75,1703.23,10.2,1,2,0,No
CUST204820,26,Month-to-Month,Basic,Mailed Check,1,17.97,461.35,24.9,2,4,0,No
CUST204821,41,Month-to-Month,Standard,Mailed Check,0,59.62,2289.52,57.0,0,4,1,No
CUST204822,72,Month-to-Month,Basic,Bank Transfer,1,25.88,1750.13,30.2,1,4,1,No
CUST204823,36,Month-to-Month,Standard,Credit Card,1,50.23,1808.2,85.2,2,3,1,No
CUST204824,6,Two Year,Standard,Bank Transfer,1,60.63,350.33,54.5,0,4,0,No
CUST204825,15,Month-to-Month,Standard,Bank Transfer,0,51.31,721.03,85.3,0,4,0,No
CUST204826,7,One Year,Standard,Credit Card,1,46.68,314.35,46.1,2,2,1,No
CUST204827,8,Two Year,Standard,Credit Card,0,57.6,453.48,55.0,1,4,2,No
CUST204828,72,Month-to-Month,Standard,Credit Card,0,52.12,3556.5,41.1,2,4,3,No
CUST204829,29,One Year,Basic,Credit Card,0,21.25,588.88,20.5,1,3,1,No
CUST204830,6,Month-to-Month,Standard,Mailed Check,1,58.98,334.08,51.4,0,4,2,Yes
CUST204831,57,One Year,Basic,Mailed Check,1,18.55,1023.19,48.3,1,3,0,No
CUST204832,21,One Year,Premium,Credit Card,1,90.74,1771.91,87.8,0,2,1,No
CUST204833,24,Month-to-Month,Basic,Digital Wallet,0,32.88,778.64,32.7,7,2,0,Yes
CUST204834,20,One Year,Basic,Bank Transfer,1,32.73,642.43,2.0,0,4,0,No
CUST204835,26,Month-to-Month,Standard,Credit Card,1,67.24,1660.35,60.2,1,3,1,Yes
CUST204836,16,Month-to-Month,Standard,Digital Wallet,0,63.6,975.55,23.5,0,3,3,No
CUST204837,31,Month-to-Month,Standard,Digital Wallet,1,50.1,1481.36,39.1,4,4,0,No
CUST204838,39,Month-to-Month,Basic,Digital Wallet,1,22.24,816.15,46.6,1,5,1,No
CUST204839,15,One Year,Premium,Credit Card,0,95.51,1390.4,83.3,2,4,1,Yes
CUST204840,30,Month-to-Month,Basic,Bank Transfer,1,31.97,888.79,43.5,1,4,0,No
CUST204841,42,Month-to-Month,Basic,Digital Wallet,0,23.52,978.48,19.2,2,4,3,No
CUST204842,43,One Year,Premium,Digital Wallet,1,98.02,4030.38,108.6,0,4,0,No
CUST204843,17,Month-to-Month,Premium,Digital Wallet,0,108.9,1799.69,81.8,2,3,0,Yes
CUST204844,16,One Year,Basic,Digital Wallet,1,23.85,375.2,12.1,1,3,0,No
CUST204845,30,One Year,Standard,Credit Card,1,51.2,1486.78,62.5,0,3,0,No
CUST204846,3,Month-to-Month,Premium,Credit Card,1,92.89,264.85,91.0,0,2,0,No
CUST204847,25,One Year,Basic,Digital Wallet,0,21.09,505.27,2.0,1,2,0,Yes
CUST204848,20,One Year,Standard,Bank Transfer,1,58.65,1091.14,59.1,1,5,0,No
CUST204849,62,One Year,Basic,Digital Wallet,1,15.0,899.85,22.7,1,3,0,No
CUST204850,26,Two Year,Premium,Bank Transfer,1,103.29,2491.5,114.2,0,3,1,No
CUST204851,26,Two Year,Standard,Digital Wallet,0,49.8,1229.92,65.8,0,5,1,No
CUST204852,21,Month-to-Month,Standard,Mailed Check,1,58.35,1187.64,62.4,2,5,0,No
CUST204853,10,Month-to-Month,Standard,Credit Card,0,55.03,514.22,41.6,0,3,0,No
CUST204854,32,Month-to-Month,Standard,Credit Card,1,57.58,1784.16,44.3,1,4,0,No
CUST204855,43,Month-to-Month,Standard,Mailed Check,1,50.17,2097.74,54.2,0,4,0,No
CUST204856,50,One Year,Premium,Digital Wallet,0,105.7,4918.2,115.5,1,2,1,No
CUST204857,16,Two Year,Premium,Credit Card,1,98.52,1452.85,86.1,0,3,1,No
CUST204858,72,Month-to-Month,Basic,Digital Wallet,0,27.31,1901.79,23.7,1,2,1,No
CUST204859,66,Month-to-Month,Basic,Digital Wallet,0,21.82,1425.75,21.6,1,4,1,No
CUST204860,64,Month-to-Month,Premium,Credit Card,1,98.42,6132.56,104.8,1,3,1,Yes
CUST204861,16,Two Year,Standard,Digital Wallet,1,58.1,869.85,88.5,2,2,1,Yes
CUST204862,35,Two Year,Premium,Credit Card,0,84.73,2840.01,144.8,1,3,3,No
CUST204863,44,Month-to-Month,Standard,Mailed Check,1,52.58,2163.54,47.0,2,4,1,No
CUST204864,51,Month-to-Month,Premium,Credit Card,1,94.12,4746.94,87.8,0,3,3,No
CUST204865,33,Two Year,Basic,Credit Card,1,26.51,845.67,7.5,2,2,2,No
CUST204866,53,Month-to-Month,Standard,Bank Transfer,0,55.63,2725.04,47.8,2,5,0,No
CUST204867,8,Month-to-Month,Basic,Digital Wallet,0,30.69,233.18,45.6,1,3,0,No
CUST204868,26,Two Year,Standard,Bank Transfer,1,70.23,1797.07,67.6,2,2,2,Yes
CUST204869,57,Two Year,Standard,Digital Wallet,1,65.81,3478.96,39.2,2,2,1,No
CUST204870,20,Month-to-Month,Basic,Credit Card,1,25.08,465.41,10.6,5,2,1,Yes
CUST204871,42,Month-to-Month,Basic,Credit Card,1,31.18,1264.86,32.3,0,4,0,No
CUST204872,42,Two Year,Basic,Digital Wallet,0,28.84,1130.75,15.1,1,3,1,No
CUST204873,57,Two Year,Standard,Mailed Check,0,56.63,3132.23,41.7,1,5,0,No
CUST204874,33,Month-to-Month,Standard,Digital Wallet,0,56.32,1782.65,52.3,4,4,0,No
CUST204875,5,Month-to-Month,Basic,Credit Card,0,16.07,75.51,12.3,2,4,0,No
CUST204876,36,One Year,Premium,Bank Transfer,0,99.58,3515.2,89.2,1,4,0,No
CUST204877,6,Month-to-Month,Standard,Credit Card,1,64.66,382.9,48.8,2,4,0,No
CUST204878,32,Month-to-Month,Basic,Mailed Check,0,30.01,890.32,21.1,0,4,4,No
CUST204879,36,Month-to-Month,Standard,Credit Card,1,52.01,1737.07,54.3,0,4,0,No
CUST204880,43,Month-to-Month,Standard,Credit Card,0,59.64,2521.77,52.6,1,2,1,Yes
CUST204881,9,Month-to-Month,Basic,Digital Wallet,1,16.8,141.58,16.4,1,5,0,No
CUST204882,7,Month-to-Month,Standard,Credit Card,1,51.09,356.25,39.9,1,5,1,Yes
CUST204883,60,One Year,Standard,Digital Wallet,0,53.72,3140.92,59.2,3,1,1,No
CUST204884,10,Two Year,Basic,Credit Card,1,26.14,256.17,14.2,1,3,0,No
CUST204885,34,Month-to-Month,Standard,Credit Card,0,44.61,1435.74,71.0,4,3,1,Yes
CUST204886,53,Month-to-Month,Standard,Credit Card,1,65.6,3221.62,81.4,0,2,0,No
CUST204887,47,Month-to-Month,Premium,Credit Card,1,83.28,3763.75,93.2,0,5,1,No
CUST204888,11,One Year,Premium,Bank Transfer,1,92.13,942.72,98.1,1,4,2,No
CUST204889,11,One Year,Premium,Bank Transfer,1,103.32,1126.4,100.3,3,3,1,Yes
CUST204890,14,Month-to-Month,Standard,Credit Card,1,56.68,790.51,63.3,1,5,1,No
CUST204891,38,Two Year,Standard,Credit Card,1,59.07,2099.39,70.6,2,4,1,No
CUST204892,40,Month-to-Month,Standard,Bank Transfer,1,58.79,2313.7,45.4,0,2,0,No
CUST204893,16,Month-to-Month,Basic,Digital Wallet,0,38.14,564.19,42.8,2,2,0,Yes
CUST204894,18,Month-to-Month,Basic,Bank Transfer,1,20.25,347.82,9.2,3,2,2,Yes
CUST204895,65,Two Year,Premium,Digital Wallet,0,94.07,5823.73,77.9,3,2,4,No
CUST204896,37,Two Year,Basic,Bank Transfer,0,24.05,846.84,2.0,1,3,1,No
CUST204897,14,One Year,Basic,Digital Wallet,1,15.14,208.72,32.5,2,2,0,Yes
CUST204898,12,One Year,Basic,Bank Transfer,0,32.32,374.56,33.6,0,4,0,No
CUST204899,46,One Year,Premium,Bank Transfer,0,103.2,4443.57,104.9,1,2,0,Yes
CUST204900,61,Two Year,Standard,Digital Wallet,0,59.71,3583.83,84.5,3,4,3,No
CUST204901,67,One Year,Premium,Credit Card,1,84.7,5289.8,123.8,3,5,3,No
CUST204902,61,Month-to-Month,Premium,Digital Wallet,1,97.51,5870.66,95.2,0,4,0,No
CUST204903,24,Month-to-Month,Standard,Bank Transfer,1,61.9,1480.53,47.0,2,2,1,No
CUST204904,15,One Year,Standard,Bank Transfer,1,50.41,727.22,65.9,3,2,2,No
CUST204905,66,Month-to-Month,Basic,Bank Transfer,1,27.79,1721.39,42.5,0,3,1,No
CUST204906,28,Month-to-Month,Premium,Bank Transfer,0,98.3,2599.27,87.7,1,3,2,Yes
CUST204907,17,Month-to-Month,Standard,Digital Wallet,0,57.39,898.28,64.4,4,3,1,No
CUST204908,16,Month-to-Month,Basic,Credit Card,1,30.87,489.79,5.8,2,2,0,No
CUST204909,36,Two Year,Standard,Bank Transfer,0,52.93,1876.58,66.5,0,4,1,No
CUST204910,11,Month-to-Month,Basic,Bank Transfer,1,22.84,231.48,2.0,0,4,4,No
CUST204911,13,One Year,Standard,Bank Transfer,1,54.67,686.97,41.9,1,5,0,No
CUST204912,71,Month-to-Month,Standard,Credit Card,1,45.57,3081.6,52.1,1,4,0,No
CUST204913,54,Month-to-Month,Standard,Credit Card,0,56.05,2986.59,63.1,0,5,2,No
CUST204914,30,Month-to-Month,Basic,Digital Wallet,1,26.08,734.4,2.0,1,3,2,Yes
CUST204915,28,One Year,Basic,Credit Card,1,20.85,557.63,30.0,1,3,1,No
CUST204916,18,Month-to-Month,Standard,Credit Card,1,53.8,902.92,52.6,2,4,0,Yes
CUST204917,7,Month-to-Month,Standard,Bank Transfer,0,53.38,357.93,76.3,2,3,2,Yes
CUST204918,7,One Year,Standard,Digital Wallet,0,55.3,380.25,88.7,2,3,0,Yes
CUST204919,72,One Year,Basic,Credit Card,1,26.41,1871.05,28.1,2,2,1,No
CUST204920,40,Month-to-Month,Basic,Bank Transfer,0,21.13,829.86,24.2,2,3,1,No
CUST204921,17,Month-to-Month,Standard,Credit Card,1,64.6,1031.55,40.9,1,3,0,Yes
CUST204922,3,Month-to-Month,Basic,Credit Card,1,26.97,79.42,3.9,1,3,0,No
CUST204923,5,Month-to-Month,Standard,Mailed Check,0,56.95,270.62,51.1,1,4,1,No
CUST204924,20,Month-to-Month,Standard,Digital Wallet,0,51.93,978.25,35.2,0,5,3,No
CUST204925,36,Two Year,Premium,Digital Wallet,1,95.23,3196.11,89.8,1,1,1,No
CUST204926,72,Month-to-Month,Premium,Bank Transfer,1,96.51,6847.23,83.0,3,3,0,No
CUST204927,60,Month-to-Month,Basic,Credit Card,1,29.83,1702.63,41.2,2,4,4,No
CUST204928,13,One Year,Basic,Bank Transfer,1,19.84,243.63,24.9,0,3,1,No
CUST204929,11,Two Year,Premium,Bank Transfer,1,103.85,1052.09,88.0,2,3,0,No
CUST204930,35,Two Year,Standard,Credit Card,0,49.8,1613.0,55.1,4,4,2,No
CUST204931,22,Month-to-Month,Premium,Bank Transfer,0,105.67,2293.98,100.6,1,3,0,Yes
CUST204932,38,Two Year,Standard,Credit Card,0,49.93,1862.43,46.3,1,2,3,No
CUST204933,4,Month-to-Month,Basic,Bank Transfer,1,21.63,83.68,21.2,1,3,2,Yes
CUST204934,47,Month-to-Month,Basic,Mailed Check,1,21.45,1003.84,19.1,2,2,3,No
CUST204935,19,One Year,Premium,Digital Wallet,1,98.46,1750.24,110.4,2,3,1,No
CUST204936,43,One Year,Premium,Digital Wallet,0,96.68,3990.18,92.9,1,3,1,No
CUST204937,26,Month-to-Month,Standard,Bank Transfer,1,63.57,1649.25,83.1,1,5,1,No
CUST204938,35,One Year,Standard,Bank Transfer,1,54.98,1819.75,85.0,2,4,1,No
CUST204939,38,Month-to-Month,Basic,Mailed Check,0,32.33,1161.07,20.6,3,4,0,No
CUST204940,45,Two Year,Standard,Mailed Check,1,51.79,2240.96,54.1,1,3,0,No
CUST204941,72,Month-to-Month,Basic,Credit Card,1,25.51,1704.49,18.7,1,3,0,No
CUST204942,16,One Year,Standard,Bank Transfer,1,48.58,768.5,59.7,1,4,1,No
CUST204943,35,Two Year,Basic,Mailed Check,0,40.37,1303.02,38.0,4,3,1,No
CUST204944,11,Month-to-Month,Premium,Digital Wallet,0,95.34,1026.66,104.0,1,4,1,Yes
CUST204945,24,Month-to-Month,Basic,Digital Wallet,0,21.88,499.09,25.3,4,4,0,No
CUST204946,13,One Year,Standard,Digital Wallet,1,53.65,693.9,72.9,0,3,0,No
CUST204947,35,Two Year,Standard,Bank Transfer,0,55.38,1799.95,41.8,0,4,2,No
CUST204948,16,Month-to-Month,Premium,Digital Wallet,1,91.42,1443.2,106.6,1,1,0,Yes
CUST204949,18,Two Year,Basic,Credit Card,0,21.29,372.47,48.1,2,2,0,No
CUST204950,12,Month-to-Month,Standard,Credit Card,1,55.29,635.21,54.1,2,3,0,No
CUST204951,47,One Year,Basic,Credit Card,0,15.0,651.84,11.4,2,2,3,No
CUST204952,27,Two Year,Basic,Credit Card,0,16.47,418.87,2.0,3,4,0,No
CUST204953,24,Two Year,Basic,Digital Wallet,0,30.08,664.62,19.3,0,3,0,No
CUST204954,8,Month-to-Month,Standard,Digital Wallet,0,57.33,439.53,45.5,2,3,1,Yes
CUST204955,9,Two Year,Premium,Credit Card,1,95.74,841.31,104.1,2,3,1,No
CUST204956,40,One Year,Basic,Digital Wallet,1,18.91,719.65,22.9,2,4,0,No
CUST204957,18,Two Year,Standard,Credit Card,1,59.24,1022.91,66.4,0,4,0,No
CUST204958,32,One Year,Basic,Credit Card,1,30.52,973.94,26.3,1,5,2,No
CUST204959,21,Month-to-Month,Basic,Digital Wallet,1,28.57,593.14,36.8,0,3,1,Yes
CUST204960,25,One Year,Premium,Digital Wallet,1,103.85,2425.36,91.7,1,2,0,No
CUST204961,15,One Year,Premium,Credit Card,0,96.14,1404.69,80.4,0,5,2,No
CUST204962,50,Month-to-Month,Premium,Credit Card,1,97.96,4885.53,90.5,1,4,1,No
CUST204963,23,Month-to-Month,Standard,Digital Wallet,0,55.65,1205.68,59.2,0,3,3,No
CUST204964,15,One Year,Basic,Mailed Check,1,21.95,326.27,30.6,0,4,1,No
CUST204965,24,One Year,Standard,Bank Transfer,1,55.5,1253.26,65.8,0,5,2,No
CUST204966,36,Month-to-Month,Premium,Credit Card,0,99.71,3394.51,78.7,1,3,2,Yes
CUST204967,47,One Year,Premium,Bank Transfer,1,91.64,4204.81,123.7,0,3,1,No
CUST204968,27,Two Year,Standard,Credit Card,1,52.36,1399.49,55.7,2,3,0,No
CUST204969,28,Two Year,Standard,Credit Card,1,59.64,1637.49,56.2,0,4,4,No
CUST204970,41,Month-to-Month,Premium,Digital Wallet,1,94.3,3664.73,90.7,1,4,4,Yes
CUST204971,38,Month-to-Month,Standard,Credit Card,1,58.93,2069.9,40.7,0,5,1,No
CUST204972,2,Month-to-Month,Standard,Digital Wallet,1,50.73,99.03,86.5,2,5,0,No
CUST204973,41,Month-to-Month,Standard,Credit Card,0,54.94,2141.38,52.5,0,3,2,No
CUST204974,53,Month-to-Month,Standard,Mailed Check,0,53.1,2618.51,31.8,2,2,1,No
CUST204975,5,Month-to-Month,Standard,Credit Card,1,54.33,252.75,49.2,1,2,1,No
CUST204976,13,One Year,Premium,Credit Card,0,90.82,1095.51,103.5,0,3,2,No
CUST204977,22,Month-to-Month,Standard,Credit Card,1,63.25,1318.88,35.7,2,2,1,Yes
CUST204978,40,Month-to-Month,Basic,Bank Transfer,1,26.27,1018.89,22.6,1,4,0,Yes
CUST204979,46,Month-to-Month,Basic,Bank Transfer,1,23.02,990.9,19.1,1,4,0,No
CUST204980,20,Month-to-Month,Standard,Credit Card,1,63.18,1228.66,32.8,1,3,3,No
CUST204981,35,One Year,Standard,Credit Card,1,50.24,1667.05,56.7,2,3,3,No
CUST204982,56,One Year,Premium,Credit Card,1,91.97,4939.93,76.7,2,4,0,No
CUST204983,44,One Year,Premium,Credit Card,1,99.37,4352.96,78.6,1,4,0,No
CUST204984,10,One Year,Basic,Digital Wallet,1,27.12,256.09,48.0,2,4,1,No
CUST204985,6,Two Year,Basic,Credit Card,0,26.91,150.0,19.7,0,5,0,No
CUST204986,31,Month-to-Month,Standard,Mailed Check,0,57.95,1668.29,78.4,0,4,0,No
CUST204987,10,One Year,Standard,Digital Wallet,0,56.4,563.91,53.1,1,4,2,Yes
CUST204988,2,Month-to-Month,Standard,Digital Wallet,0,50.64,96.63,55.7,2,5,2,Yes
CUST204989,32,Month-to-Month,Premium,Mailed Check,1,103.84,3159.51,128.4,0,4,4,No
CUST204990,38,Month-to-Month,Basic,Digital Wallet,1,33.28,1200.28,61.7,3,4,1,Yes
CUST204991,45,One Year,Standard,Digital Wallet,1,61.02,2627.77,69.8,1,3,3,No
CUST204992,41,Month-to-Month,Standard,Credit Card,0,50.7,1991.85,44.9,1,3,1,No
CUST204993,23,One Year,Basic,Mailed Check,1,22.12,482.41,10.5,2,2,3,No
CUST204994,58,Month-to-Month,Standard,Credit Card,1,62.59,3381.93,46.1,0,4,3,No
CUST204995,41,One Year,Basic,Bank Transfer,1,21.6,864.71,8.6,0,3,2,No
CUST204996,30,Month-to-Month,Basic,Digital Wallet,1,23.35,700.29,5.8,1,3,2,No
CUST204997,72,Month-to-Month,Basic,Digital Wallet,0,24.55,1677.23,29.9,3,4,2,No
CUST204998,9,Two Year,Standard,Bank Transfer,0,53.01,469.59,31.0,1,3,0,No
CUST204999,33,Month-to-Month,Standard,Credit Card,1,55.99,1700.84,52.0,1,4,1,No
